{
  "SPY": {
    "std30": 0.005368517654957402,
    "avgRet": 0.0010744419754806472
  },
  "QQQ": {
    "std30": 0.007743405778092137,
    "avgRet": 0.0010969913313749746
  },
  "IWM": {
    "std30": 0.010038569172153297,
    "avgRet": 0.002217877468096043
  },
  "SOXX": {
    "std30": 0.01911625793606773,
    "avgRet": 0.004985192053899908
  },
  "XLE": {
    "std30": 0.013799562609311177,
    "avgRet": 0.000804004959853306
  },
  "NVDA": {
    "std30": 0.017843747828081312,
    "avgRet": 0.0013839437564436535
  },
  "TSM": {
    "std30": 0.01955674269622085,
    "avgRet": 0.004087552227675601
  },
  "ASML.AS": {
    "std30": 0.026756378524427953,
    "avgRet": 0.007901684779457518
  },
  "LMT": {
    "std30": 0.01734622532620702,
    "avgRet": 0.003487885415225692
  },
  "MCHI": {
    "std30": 0.010824869690610256,
    "avgRet": 2.555964867831097e-05
  },
  "EEM": {
    "std30": 0.008774844452723744,
    "avgRet": 0.002030355893500673
  }
}