{
  "SPY": {
    "std30": 0.008560101295173388,
    "avgRet": 9.525596015528768e-06
  },
  "QQQ": {
    "std30": 0.012329676450151844,
    "avgRet": -0.00015121325041898693
  },
  "IWM": {
    "std30": 0.013591133252846225,
    "avgRet": -0.0011921284919025562
  },
  "SOXX": {
    "std30": 0.02393851450840399,
    "avgRet": -0.0002193809926804846
  },
  "XLE": {
    "std30": 0.010376746799033146,
    "avgRet": 0.0014953323601890995
  },
  "NVDA": {
    "std30": 0.027163253400723314,
    "avgRet": -0.0001223878861089847
  },
  "TSM": {
    "std30": 0.022533775820428627,
    "avgRet": -0.00015016148961459906
  },
  "ASML.AS": {
    "std30": 0.022272615459049693,
    "avgRet": 0.0018548374627962898
  },
  "LMT": {
    "std30": 0.012236335850311239,
    "avgRet": -0.00253204383440858
  },
  "MCHI": {
    "std30": 0.012102826001487054,
    "avgRet": -0.00021723383138508588
  },
  "EEM": {
    "std30": 0.010778599845208922,
    "avgRet": 0.000824287912263177
  }
}