{
  "SPY": {
    "std30": 0.008337340760029843,
    "avgRet": -0.0017618970315001767
  },
  "QQQ": {
    "std30": 0.010528226066602002,
    "avgRet": -0.0013978450970647002
  },
  "IWM": {
    "std30": 0.013004377548886644,
    "avgRet": -0.0016690637793027787
  },
  "SOXX": {
    "std30": 0.02041944170801935,
    "avgRet": -0.001257296137404214
  },
  "XLE": {
    "std30": 0.010692176284305521,
    "avgRet": 0.003399502813363136
  },
  "NVDA": {
    "std30": 0.02087549632402771,
    "avgRet": -0.0019121129502087473
  },
  "TSM": {
    "std30": 0.02259437435810615,
    "avgRet": -0.0022664372757275984
  },
  "ASML.AS": {
    "std30": 0.02596393128414471,
    "avgRet": -0.0006899306208515383
  },
  "LMT": {
    "std30": 0.0158809160384693,
    "avgRet": -0.00012653818743755952
  },
  "MCHI": {
    "std30": 0.013226534583211097,
    "avgRet": -0.002983218853424111
  },
  "EEM": {
    "std30": 0.01871985844876117,
    "avgRet": -0.0022271316783101774
  }
}