{
  "SPY": {
    "std30": 0.007416844610821403,
    "avgRet": 0.00020795097146236922
  },
  "QQQ": {
    "std30": 0.009978910239675379,
    "avgRet": -0.0004847340595411307
  },
  "IWM": {
    "std30": 0.011818661154083763,
    "avgRet": 0.0021268975380342005
  },
  "SOXX": {
    "std30": 0.02254819423418513,
    "avgRet": 0.005156750995813884
  },
  "XLE": {
    "std30": 0.014876361773791454,
    "avgRet": 0.006803519477844361
  },
  "NVDA": {
    "std30": 0.02317468746098465,
    "avgRet": 0.00016670773513554596
  },
  "TSM": {
    "std30": 0.023655384034804192,
    "avgRet": 0.005803064620717202
  },
  "ASML.AS": {
    "std30": 0.030667852019629627,
    "avgRet": 0.010393387388328911
  },
  "LMT": {
    "std30": 0.022082133810467405,
    "avgRet": 0.009892944177217878
  },
  "MCHI": {
    "std30": 0.014517199976024079,
    "avgRet": 0.0004929036506718675
  },
  "EEM": {
    "std30": 0.011090001036668832,
    "avgRet": 0.003482830356914768
  }
}