{
  "SPY": {
    "std30": 0.006536798046064986,
    "avgRet": 0.0011452983195513811
  },
  "QQQ": {
    "std30": 0.008155110028992578,
    "avgRet": 0.0009928521718833199
  },
  "IWM": {
    "std30": 0.013118348530342362,
    "avgRet": 0.002155054790285717
  },
  "SOXX": {
    "std30": 0.013799184340387571,
    "avgRet": 0.0008933747664989318
  },
  "XLE": {
    "std30": 0.009023744504957378,
    "avgRet": 0.0015127934380206876
  },
  "NVDA": {
    "std30": 0.01536510846719086,
    "avgRet": 0.0015787214856948918
  },
  "TSM": {
    "std30": 0.017520293918693964,
    "avgRet": -0.00011552605501929936
  },
  "ASML.AS": {
    "std30": 0.017360145237013735,
    "avgRet": 0.0014100272596433733
  },
  "LMT": {
    "std30": 0.022613327800313936,
    "avgRet": -0.00040780948267577134
  },
  "MCHI": {
    "std30": 0.012575570791031386,
    "avgRet": 0.0018386424674403541
  },
  "EEM": {
    "std30": 0.0075838645745886085,
    "avgRet": 0.0007406516442644581
  }
}