{
  "SPY": {
    "std30": 0.006749420161077682,
    "avgRet": 0.00030819695155037685
  },
  "QQQ": {
    "std30": 0.009215461690251323,
    "avgRet": -0.00019740640954071703
  },
  "IWM": {
    "std30": 0.009501808751674137,
    "avgRet": 0.00248357212925433
  },
  "SOXX": {
    "std30": 0.019963952802284513,
    "avgRet": 0.004009071988564147
  },
  "XLE": {
    "std30": 0.015244908288027064,
    "avgRet": 0.0027489799418947023
  },
  "NVDA": {
    "std30": 0.019421655764396046,
    "avgRet": 0.00013806900638810006
  },
  "TSM": {
    "std30": 0.02268289786203606,
    "avgRet": 0.002872836385296271
  },
  "ASML.AS": {
    "std30": 0.03005692710499024,
    "avgRet": 0.008302088654089143
  },
  "LMT": {
    "std30": 0.01865648263164381,
    "avgRet": 0.008500062922002047
  },
  "MCHI": {
    "std30": 0.012881016461983877,
    "avgRet": 0.0008797799861092537
  },
  "EEM": {
    "std30": 0.009844466082430541,
    "avgRet": 0.0025908656617559408
  }
}