{
  "SPY": {
    "std30": 0.00506863899064128,
    "avgRet": 0.0009618422108558923
  },
  "QQQ": {
    "std30": 0.006666160562302116,
    "avgRet": 0.001016684455853456
  },
  "IWM": {
    "std30": 0.011057337954787562,
    "avgRet": 0.0019051807890297617
  },
  "SOXX": {
    "std30": 0.013068941918791571,
    "avgRet": 0.0021085675422626484
  },
  "XLE": {
    "std30": 0.010559932342688871,
    "avgRet": 0.002031471737212463
  },
  "NVDA": {
    "std30": 0.019366354016549053,
    "avgRet": -0.0004726520410321304
  },
  "TSM": {
    "std30": 0.018622601436451693,
    "avgRet": 0.005327616551177221
  },
  "ASML.AS": {
    "std30": 0.022208525381700133,
    "avgRet": 0.00821003298268943
  },
  "LMT": {
    "std30": 0.008594520294796635,
    "avgRet": 0.0037410154122297858
  },
  "MCHI": {
    "std30": 0.013210608370375979,
    "avgRet": 0.0024417443524482685
  },
  "EEM": {
    "std30": 0.0070027750905823005,
    "avgRet": 0.0018698983133024856
  }
}