{
  "SPY": {
    "std30": 0.008185840030623654,
    "avgRet": -0.0012951139645090636
  },
  "QQQ": {
    "std30": 0.011200074754559064,
    "avgRet": -0.0013607645758218969
  },
  "IWM": {
    "std30": 0.013445164876697318,
    "avgRet": -0.001648252390687164
  },
  "SOXX": {
    "std30": 0.02433515750819024,
    "avgRet": -0.0010800297452485024
  },
  "XLE": {
    "std30": 0.013860867224661687,
    "avgRet": 0.004209362013983609
  },
  "NVDA": {
    "std30": 0.02652634890004936,
    "avgRet": -0.00133019552932645
  },
  "TSM": {
    "std30": 0.02614071512850612,
    "avgRet": 0.0013004404426881662
  },
  "ASML.AS": {
    "std30": 0.02656317928115306,
    "avgRet": -0.001344658606386206
  },
  "LMT": {
    "std30": 0.01763327469440009,
    "avgRet": 0.0008388530775706008
  },
  "MCHI": {
    "std30": 0.012227035139331528,
    "avgRet": -0.00246673116471754
  },
  "EEM": {
    "std30": 0.016285229897670152,
    "avgRet": -0.0010026379210996694
  }
}