{
  "SPY": {
    "std30": 0.007394041561604165,
    "avgRet": 0.00042325872062944607
  },
  "QQQ": {
    "std30": 0.00995690826669848,
    "avgRet": -0.0002339001973921194
  },
  "IWM": {
    "std30": 0.011714815254817518,
    "avgRet": 0.0024724868934804674
  },
  "SOXX": {
    "std30": 0.022548196305410724,
    "avgRet": 0.005156744991131884
  },
  "XLE": {
    "std30": 0.014999866434132557,
    "avgRet": 0.0063376413648393555
  },
  "NVDA": {
    "std30": 0.023070399354424797,
    "avgRet": 0.0004432482825475385
  },
  "TSM": {
    "std30": 0.023625312881482126,
    "avgRet": 0.00660964088454614
  },
  "ASML.AS": {
    "std30": 0.03063664880798804,
    "avgRet": 0.010451555138066216
  },
  "LMT": {
    "std30": 0.022570346385106993,
    "avgRet": 0.008943902682452307
  },
  "MCHI": {
    "std30": 0.01422078923659452,
    "avgRet": 0.0010188991862098984
  },
  "EEM": {
    "std30": 0.01103077904441172,
    "avgRet": 0.0036621039972027157
  }
}