{
  "SPY": {
    "std30": 0.005095687918193902,
    "avgRet": 0.001479393290328232
  },
  "QQQ": {
    "std30": 0.005933056388730042,
    "avgRet": 0.00206661016677962
  },
  "IWM": {
    "std30": 0.01090719654568514,
    "avgRet": 0.0024670746670355935
  },
  "SOXX": {
    "std30": 0.011590308834037277,
    "avgRet": 0.0039015050245496596
  },
  "XLE": {
    "std30": 0.011324689233855897,
    "avgRet": 0.0013527553798499737
  },
  "NVDA": {
    "std30": 0.01904374062094357,
    "avgRet": 0.002400335041118217
  },
  "TSM": {
    "std30": 0.017101919169524107,
    "avgRet": 0.007737824182617018
  },
  "ASML.AS": {
    "std30": 0.021702502732018868,
    "avgRet": 0.009602445609193388
  },
  "LMT": {
    "std30": 0.008253145855446398,
    "avgRet": 0.004137280838637824
  },
  "MCHI": {
    "std30": 0.012573152912750086,
    "avgRet": 0.003414323201556297
  },
  "EEM": {
    "std30": 0.006528464730403519,
    "avgRet": 0.002655287217295856
  }
}