{
  "SPY": {
    "std30": 0.008116836968800941,
    "avgRet": 0.00041712009800469127
  },
  "QQQ": {
    "std30": 0.011655068031597172,
    "avgRet": 1.992385964177945e-05
  },
  "IWM": {
    "std30": 0.013096803080777469,
    "avgRet": 0.0013374226033585125
  },
  "SOXX": {
    "std30": 0.023338199696266566,
    "avgRet": -0.000181870063161091
  },
  "XLE": {
    "std30": 0.09416168702931862,
    "avgRet": -0.017038238194101916
  },
  "NVDA": {
    "std30": 0.023202411541588613,
    "avgRet": -0.002214567032120805
  },
  "TSM": {
    "std30": 0.019776425801728982,
    "avgRet": -0.00021018261895436606
  },
  "ASML.AS": {
    "std30": 0.025050274665108143,
    "avgRet": 0.0007337851311046925
  },
  "LMT": {
    "std30": 0.014534312257632643,
    "avgRet": 0.0002281936897062223
  },
  "MCHI": {
    "std30": 0.009413597652655155,
    "avgRet": -0.0020810172915158623
  },
  "EEM": {
    "std30": 0.008418715925311753,
    "avgRet": -0.000859233753648798
  }
}