{
  "SPY": {
    "std30": 0.007910530543759755,
    "avgRet": 0.00014617529892862067
  },
  "QQQ": {
    "std30": 0.010685330018504389,
    "avgRet": -0.00037779704910950154
  },
  "IWM": {
    "std30": 0.012633785382644857,
    "avgRet": 0.002210066954190781
  },
  "SOXX": {
    "std30": 0.02228671395915583,
    "avgRet": 0.0046636399696892645
  },
  "XLE": {
    "std30": 0.015677588940020533,
    "avgRet": 0.0061514676795102015
  },
  "NVDA": {
    "std30": 0.02338571492595711,
    "avgRet": -0.00062968916487355
  },
  "TSM": {
    "std30": 0.022861760917319753,
    "avgRet": 0.005351716293726182
  },
  "ASML.AS": {
    "std30": 0.027395526470286622,
    "avgRet": 0.0071067511654813904
  },
  "LMT": {
    "std30": 0.022180949585165703,
    "avgRet": 0.009718529002639257
  },
  "MCHI": {
    "std30": 0.013037291720271328,
    "avgRet": -0.0009010609832611865
  },
  "EEM": {
    "std30": 0.01058098722452718,
    "avgRet": 0.002944376910996567
  }
}