{
  "SPY": {
    "std30": 0.008776367595420725,
    "avgRet": 0.0007386728581085915
  },
  "QQQ": {
    "std30": 0.012593645248464484,
    "avgRet": 0.0009088917583168765
  },
  "IWM": {
    "std30": 0.013237140749380703,
    "avgRet": 4.088823318884126e-06
  },
  "SOXX": {
    "std30": 0.025211699166471056,
    "avgRet": 0.0023983887775293955
  },
  "XLE": {
    "std30": 0.010695839692707987,
    "avgRet": 0.0007332952083920945
  },
  "NVDA": {
    "std30": 0.026358506280605726,
    "avgRet": 0.0011455680246954996
  },
  "TSM": {
    "std30": 0.0268792976245365,
    "avgRet": 0.0005817955201478136
  },
  "ASML.AS": {
    "std30": 0.021278886236565677,
    "avgRet": 0.0004014294564100851
  },
  "LMT": {
    "std30": 0.012056201662403362,
    "avgRet": -0.0029634387665304217
  },
  "MCHI": {
    "std30": 0.01589068269570311,
    "avgRet": -0.0011656271115542166
  },
  "EEM": {
    "std30": 0.012478516164609465,
    "avgRet": 0.0010133233188470204
  }
}