{
  "SPY": {
    "std30": 0.007363252872073993,
    "avgRet": 0.0008316658058406477
  },
  "QQQ": {
    "std30": 0.009815984867866522,
    "avgRet": 0.001437432094635044
  },
  "IWM": {
    "std30": 0.012981043997916598,
    "avgRet": 0.001531123737720785
  },
  "SOXX": {
    "std30": 0.022058119040273976,
    "avgRet": 0.005038036993469091
  },
  "XLE": {
    "std30": 0.011564377326302399,
    "avgRet": 0.00013890803233223157
  },
  "NVDA": {
    "std30": 0.021078990444082138,
    "avgRet": 0.001560756436927259
  },
  "TSM": {
    "std30": 0.027477004842751566,
    "avgRet": 0.0045886119710074075
  },
  "ASML.AS": {
    "std30": 0.023260725947384313,
    "avgRet": 0.006507110690285664
  },
  "LMT": {
    "std30": 0.010954968941631341,
    "avgRet": 0.001015017577414401
  },
  "MCHI": {
    "std30": 0.015912967845467734,
    "avgRet": 0.00018290801755170035
  },
  "EEM": {
    "std30": 0.011250708984268344,
    "avgRet": 0.0016062777123258486
  }
}