{
  "SPY": {
    "std30": 0.006698475451644016,
    "avgRet": 0.0004454206164241981
  },
  "QQQ": {
    "std30": 0.008639259456325108,
    "avgRet": 0.001172915458774584
  },
  "IWM": {
    "std30": 0.010327058221377278,
    "avgRet": 0.0004336965922234759
  },
  "SOXX": {
    "std30": 0.01826424077262607,
    "avgRet": 0.003728255516146141
  },
  "XLE": {
    "std30": 0.012027576082431662,
    "avgRet": -0.001958743854146811
  },
  "NVDA": {
    "std30": 0.020687969741712192,
    "avgRet": 0.001941910725951183
  },
  "TSM": {
    "std30": 0.02319391532673792,
    "avgRet": 0.007018255950649854
  },
  "ASML.AS": {
    "std30": 0.025041057041709745,
    "avgRet": 0.008318911531623426
  },
  "LMT": {
    "std30": 0.0092114005849625,
    "avgRet": 0.0035980018309302903
  },
  "MCHI": {
    "std30": 0.01585831352059368,
    "avgRet": 0.00016833736182312434
  },
  "EEM": {
    "std30": 0.009438016252009048,
    "avgRet": 0.0014538849871293562
  }
}