{
  "SPY": {
    "std30": 0.005994158315023877,
    "avgRet": 0.0012448760116827947
  },
  "QQQ": {
    "std30": 0.00739950931494544,
    "avgRet": 0.001653552152096321
  },
  "IWM": {
    "std30": 0.010973929111970602,
    "avgRet": 0.0008244594178695336
  },
  "SOXX": {
    "std30": 0.011661138142605996,
    "avgRet": 0.0006401461876561765
  },
  "XLE": {
    "std30": 0.0107023076243949,
    "avgRet": -9.475886890191341e-05
  },
  "NVDA": {
    "std30": 0.016748168276919793,
    "avgRet": 0.005210929565435532
  },
  "TSM": {
    "std30": 0.019990551808306112,
    "avgRet": 0.002137356738937124
  },
  "ASML.AS": {
    "std30": 0.022136162417928193,
    "avgRet": -0.0030985060555103463
  },
  "LMT": {
    "std30": 0.022121297285150096,
    "avgRet": -0.0023173523056598043
  },
  "MCHI": {
    "std30": 0.008759011178400016,
    "avgRet": 0.0018700985573993185
  },
  "EEM": {
    "std30": 0.005910091940069112,
    "avgRet": 0.0009720106666664502
  }
}