{
  "SPY": {
    "std30": 0.007840525547761004,
    "avgRet": 0.0010164805122776894
  },
  "QQQ": {
    "std30": 0.010634242259807502,
    "avgRet": 0.0019914521064469536
  },
  "IWM": {
    "std30": 0.012328831229819811,
    "avgRet": 0.0002399487997611724
  },
  "SOXX": {
    "std30": 0.02189945867542028,
    "avgRet": 0.004963753681490425
  },
  "XLE": {
    "std30": 0.010729743261140791,
    "avgRet": -0.0004856909966039395
  },
  "NVDA": {
    "std30": 0.02124238186972708,
    "avgRet": 0.0054534514428703496
  },
  "TSM": {
    "std30": 0.02619559005097965,
    "avgRet": 0.002881514341505344
  },
  "ASML.AS": {
    "std30": 0.020909604508569195,
    "avgRet": 0.0037919808556397634
  },
  "LMT": {
    "std30": 0.010718317017437673,
    "avgRet": 3.795765578191953e-05
  },
  "MCHI": {
    "std30": 0.016061478666064628,
    "avgRet": 1.2422496858177645e-05
  },
  "EEM": {
    "std30": 0.011565674920469934,
    "avgRet": 0.0014916937290128567
  }
}