{
  "SPY": {
    "std30": 0.005271587651809966,
    "avgRet": 0.0010894391011772911
  },
  "QQQ": {
    "std30": 0.006742518850711442,
    "avgRet": 0.0012909582521213134
  },
  "IWM": {
    "std30": 0.011103426321323332,
    "avgRet": 0.0020675139120293713
  },
  "SOXX": {
    "std30": 0.012215997145650288,
    "avgRet": 0.0027234024590922176
  },
  "XLE": {
    "std30": 0.011115795866529478,
    "avgRet": 0.002127346565004194
  },
  "NVDA": {
    "std30": 0.01969765138467323,
    "avgRet": 0.0001567713316069526
  },
  "TSM": {
    "std30": 0.018987303965152913,
    "avgRet": 0.004452154561568272
  },
  "ASML.AS": {
    "std30": 0.021841461784639363,
    "avgRet": 0.008982721329755772
  },
  "LMT": {
    "std30": 0.008122860924500824,
    "avgRet": 0.003839252269107135
  },
  "MCHI": {
    "std30": 0.012738528960775219,
    "avgRet": 0.0030998981906903535
  },
  "EEM": {
    "std30": 0.006825608733720068,
    "avgRet": 0.0019987366640738698
  }
}