{
  "SPY": {
    "std30": 0.00690276899422447,
    "avgRet": 0.0008131572885655346
  },
  "QQQ": {
    "std30": 0.008755972807519111,
    "avgRet": 0.0006553500178817468
  },
  "IWM": {
    "std30": 0.012720811174090683,
    "avgRet": 0.002034089117352558
  },
  "SOXX": {
    "std30": 0.014841411850353025,
    "avgRet": 0.0004771010299269181
  },
  "XLE": {
    "std30": 0.009474732911586781,
    "avgRet": 0.000688355841307396
  },
  "NVDA": {
    "std30": 0.015460730048118746,
    "avgRet": -0.00029949300743595925
  },
  "TSM": {
    "std30": 0.018057222020760252,
    "avgRet": -0.0007667935478637365
  },
  "ASML.AS": {
    "std30": 0.01812153120935429,
    "avgRet": 0.0014820941459368496
  },
  "LMT": {
    "std30": 0.009072686051489212,
    "avgRet": 0.002898475128279615
  },
  "MCHI": {
    "std30": 0.012939713199365089,
    "avgRet": 0.0007273433368357193
  },
  "EEM": {
    "std30": 0.007316246348144764,
    "avgRet": 0.00015742835754329926
  }
}