{
  "SPY": {
    "std30": 0.0073022666374636756,
    "avgRet": 0.001020726394200799
  },
  "QQQ": {
    "std30": 0.009535041371677365,
    "avgRet": 0.0018211915652313825
  },
  "IWM": {
    "std30": 0.012864300664944596,
    "avgRet": 0.0015835398310545487
  },
  "SOXX": {
    "std30": 0.02089826037423349,
    "avgRet": 0.005026786220451492
  },
  "XLE": {
    "std30": 0.01101800554793362,
    "avgRet": -0.0008980925782136281
  },
  "NVDA": {
    "std30": 0.020838849935647438,
    "avgRet": 0.0009405354587759952
  },
  "TSM": {
    "std30": 0.02710612407426177,
    "avgRet": 0.004600209742842453
  },
  "ASML.AS": {
    "std30": 0.02521160133632842,
    "avgRet": 0.009185895810604913
  },
  "LMT": {
    "std30": 0.011156017829906788,
    "avgRet": 0.0019165040481279967
  },
  "MCHI": {
    "std30": 0.016350350202405512,
    "avgRet": 0.0006236128570671504
  },
  "EEM": {
    "std30": 0.011450738792125138,
    "avgRet": 0.0018704372613299793
  }
}