{
  "SPY": {
    "std30": 0.00848179946048655,
    "avgRet": -0.0012588275204864802
  },
  "QQQ": {
    "std30": 0.011440622824241051,
    "avgRet": -0.0013316559670722983
  },
  "IWM": {
    "std30": 0.013604749897941968,
    "avgRet": -0.0015401200834222072
  },
  "SOXX": {
    "std30": 0.024556811865035492,
    "avgRet": -0.0009685377340800335
  },
  "XLE": {
    "std30": 0.013052525785261074,
    "avgRet": 0.005157125214569136
  },
  "NVDA": {
    "std30": 0.026520079186965115,
    "avgRet": 0.00013148321538215585
  },
  "TSM": {
    "std30": 0.025490125839158616,
    "avgRet": 0.0004319052785040959
  },
  "ASML.AS": {
    "std30": 0.02682186540125377,
    "avgRet": -0.0012321737298496818
  },
  "LMT": {
    "std30": 0.017676494760492732,
    "avgRet": 0.0005798323158309116
  },
  "MCHI": {
    "std30": 0.012462545273934235,
    "avgRet": -0.001603654285535829
  },
  "EEM": {
    "std30": 0.017091926714883333,
    "avgRet": -0.00039977713127510535
  }
}