{
  "SPY": {
    "std30": 0.008674576605817962,
    "avgRet": 0.0005767656516698715
  },
  "QQQ": {
    "std30": 0.012530200436182904,
    "avgRet": 0.0003919547541533498
  },
  "IWM": {
    "std30": 0.013595370552612071,
    "avgRet": 0.00014094007273494962
  },
  "SOXX": {
    "std30": 0.023329890635936282,
    "avgRet": 0.0007257210909571049
  },
  "XLE": {
    "std30": 0.0101543579780813,
    "avgRet": 0.0017679731309873257
  },
  "NVDA": {
    "std30": 0.026531445996012055,
    "avgRet": -0.00017907314266652312
  },
  "TSM": {
    "std30": 0.016644884702736937,
    "avgRet": -0.0010462167877917936
  },
  "ASML.AS": {
    "std30": 0.02171032894591275,
    "avgRet": 0.002396420773995202
  },
  "LMT": {
    "std30": 0.013874170629274348,
    "avgRet": -0.004770235690867365
  },
  "MCHI": {
    "std30": 0.010536992883425167,
    "avgRet": -0.0007403791291609634
  },
  "EEM": {
    "std30": 0.008500579575933339,
    "avgRet": -0.0003691904624078286
  }
}