{
  "SPY": {
    "std30": 0.006789221983293947,
    "avgRet": 0.001107700114593123
  },
  "QQQ": {
    "std30": 0.010227678145984813,
    "avgRet": 0.0009402564983165656
  },
  "IWM": {
    "std30": 0.011495548949449636,
    "avgRet": 0.00225701517550419
  },
  "SOXX": {
    "std30": 0.02124872779634079,
    "avgRet": 0.0027285839584755126
  },
  "XLE": {
    "std30": 0.011517762018078243,
    "avgRet": 0.00020392777659901336
  },
  "NVDA": {
    "std30": 0.020477522417175147,
    "avgRet": 0.00037611158822334443
  },
  "TSM": {
    "std30": 0.01809933971028839,
    "avgRet": 0.0022669673010224625
  },
  "ASML.AS": {
    "std30": 0.023939781212112175,
    "avgRet": 0.0020008726173389025
  },
  "LMT": {
    "std30": 0.013589567102648309,
    "avgRet": 0.001329342353377553
  },
  "MCHI": {
    "std30": 0.00910162031015842,
    "avgRet": -0.001189242431101002
  },
  "EEM": {
    "std30": 0.007521840568977951,
    "avgRet": 0.00038748931988314436
  }
}