{
  "SPY": {
    "std30": 0.006377397154220454,
    "avgRet": 0.000674255501125508
  },
  "QQQ": {
    "std30": 0.008556215059481537,
    "avgRet": 0.0009623615932066789
  },
  "IWM": {
    "std30": 0.009377133938092374,
    "avgRet": 0.0012812602079937797
  },
  "SOXX": {
    "std30": 0.017802382418065414,
    "avgRet": 0.005622149849591924
  },
  "XLE": {
    "std30": 0.014934280751996312,
    "avgRet": 0.0032892905580434815
  },
  "NVDA": {
    "std30": 0.018287125825986992,
    "avgRet": 0.0026293354037921425
  },
  "TSM": {
    "std30": 0.020710206353393948,
    "avgRet": 0.005008073748280472
  },
  "ASML.AS": {
    "std30": 0.02906398873099596,
    "avgRet": 0.010662568008496352
  },
  "LMT": {
    "std30": 0.019259368981639578,
    "avgRet": 0.0068856930491083355
  },
  "MCHI": {
    "std30": 0.012895208008559244,
    "avgRet": 0.00103092529773161
  },
  "EEM": {
    "std30": 0.009468417341260886,
    "avgRet": 0.0035409382942574665
  }
}