{
  "SPY": {
    "std30": 0.008112642828814208,
    "avgRet": 0.001031321881167896
  },
  "QQQ": {
    "std30": 0.011320202169338343,
    "avgRet": 0.0016687101568945535
  },
  "IWM": {
    "std30": 0.012570884997479057,
    "avgRet": 0.0006383290478965821
  },
  "SOXX": {
    "std30": 0.02357575115998635,
    "avgRet": 0.004465122429748885
  },
  "XLE": {
    "std30": 0.010468109853342589,
    "avgRet": -0.0012783972540653722
  },
  "NVDA": {
    "std30": 0.022609891300505437,
    "avgRet": 0.004343568393748273
  },
  "TSM": {
    "std30": 0.02697705112709581,
    "avgRet": 0.002816000887973521
  },
  "ASML.AS": {
    "std30": 0.021807668159910743,
    "avgRet": 0.003474854151387206
  },
  "LMT": {
    "std30": 0.01066308527927037,
    "avgRet": 2.090661230473626e-05
  },
  "MCHI": {
    "std30": 0.01607120672844623,
    "avgRet": -0.0006731342058564129
  },
  "EEM": {
    "std30": 0.012093240553011928,
    "avgRet": 0.0014448504038663229
  }
}