{
  "SPY": {
    "std30": 0.0052038322526710866,
    "avgRet": 0.0016261334383750096
  },
  "QQQ": {
    "std30": 0.0068007905973246135,
    "avgRet": 0.0017301224045790375
  },
  "IWM": {
    "std30": 0.01252119161914316,
    "avgRet": 0.003554532638368189
  },
  "SOXX": {
    "std30": 0.014363271706433811,
    "avgRet": 0.0038627546822095848
  },
  "XLE": {
    "std30": 0.0098736821623303,
    "avgRet": 0.001467405601381665
  },
  "NVDA": {
    "std30": 0.018488894754895225,
    "avgRet": 0.00034902550258155004
  },
  "TSM": {
    "std30": 0.018251421846631925,
    "avgRet": 0.004572188264795559
  },
  "ASML.AS": {
    "std30": 0.022260100984167704,
    "avgRet": 0.010140851612562564
  },
  "LMT": {
    "std30": 0.009224377167894898,
    "avgRet": 0.004053298480872225
  },
  "MCHI": {
    "std30": 0.01384580357501963,
    "avgRet": 0.0038238219373047254
  },
  "EEM": {
    "std30": 0.007446473262976109,
    "avgRet": 0.002678176075312836
  }
}