{
  "SPY": {
    "std30": 0.008269128500762578,
    "avgRet": -0.00017609046466171945
  },
  "QQQ": {
    "std30": 0.011729167912264148,
    "avgRet": -0.0006239239706141631
  },
  "IWM": {
    "std30": 0.013628559557635226,
    "avgRet": -0.0011753245604385046
  },
  "SOXX": {
    "std30": 0.022234734706749026,
    "avgRet": -0.0015011711490050194
  },
  "XLE": {
    "std30": 0.01015839731382644,
    "avgRet": 0.001243270979372322
  },
  "NVDA": {
    "std30": 0.026660561772460643,
    "avgRet": -0.001429809454872255
  },
  "TSM": {
    "std30": 0.0166130662567895,
    "avgRet": -0.003184608031291629
  },
  "ASML.AS": {
    "std30": 0.020284726146366755,
    "avgRet": -0.0004390705319965629
  },
  "LMT": {
    "std30": 0.012488160243568117,
    "avgRet": -0.0029995758725240083
  },
  "MCHI": {
    "std30": 0.010502753765364345,
    "avgRet": -0.0012674244805338634
  },
  "EEM": {
    "std30": 0.00930928647054301,
    "avgRet": -0.00018468776424967068
  }
}