{
  "SPY": {
    "std30": 0.006540092190044689,
    "avgRet": 0.001033400261813732
  },
  "QQQ": {
    "std30": 0.0080981793921063,
    "avgRet": 0.0007495719607485369
  },
  "IWM": {
    "std30": 0.013213634407297857,
    "avgRet": 0.0018470666446951044
  },
  "SOXX": {
    "std30": 0.013778361543321453,
    "avgRet": 0.0007443400513515231
  },
  "XLE": {
    "std30": 0.009243861480132997,
    "avgRet": 0.001111317427816951
  },
  "NVDA": {
    "std30": 0.01524236207441022,
    "avgRet": 0.0018654035440986102
  },
  "TSM": {
    "std30": 0.017936849722883286,
    "avgRet": -0.0008556141926440509
  },
  "ASML.AS": {
    "std30": 0.01742319128960148,
    "avgRet": 0.0012029461421329182
  },
  "LMT": {
    "std30": 0.022697802829121465,
    "avgRet": -0.0008266942412576972
  },
  "MCHI": {
    "std30": 0.012656978315022395,
    "avgRet": 0.0018873468473788093
  },
  "EEM": {
    "std30": 0.007610765446139257,
    "avgRet": 0.0004944765718372599
  }
}