{
  "SPY": {
    "std30": 0.008805424689831014,
    "avgRet": 0.0010187373953890466
  },
  "QQQ": {
    "std30": 0.01268095719592266,
    "avgRet": 0.0008891717189417614
  },
  "IWM": {
    "std30": 0.013862684943649966,
    "avgRet": 0.00040938734573703724
  },
  "SOXX": {
    "std30": 0.023283311888173095,
    "avgRet": 0.0005396831675229913
  },
  "XLE": {
    "std30": 0.010028636984359131,
    "avgRet": 0.0016304487095798765
  },
  "NVDA": {
    "std30": 0.026173550514771077,
    "avgRet": 3.394647539482813e-05
  },
  "TSM": {
    "std30": 0.016785162625842984,
    "avgRet": -0.001018743146856372
  },
  "ASML.AS": {
    "std30": 0.021384547844217228,
    "avgRet": 0.0009335702101149259
  },
  "LMT": {
    "std30": 0.01279688124001271,
    "avgRet": -0.0027636031798848
  },
  "MCHI": {
    "std30": 0.0106851031065502,
    "avgRet": -0.0007646925238971687
  },
  "EEM": {
    "std30": 0.008886082442959763,
    "avgRet": 6.995061786778055e-05
  }
}