{
  "SPY": {
    "std30": 0.006591602890746358,
    "avgRet": 0.0011303473440865035
  },
  "QQQ": {
    "std30": 0.008190127745911305,
    "avgRet": 0.0008649573930337852
  },
  "IWM": {
    "std30": 0.013393679085417984,
    "avgRet": 0.0021581522463032243
  },
  "SOXX": {
    "std30": 0.013703377842363047,
    "avgRet": 0.0004042014879557702
  },
  "XLE": {
    "std30": 0.009169055928803802,
    "avgRet": 0.0006270996609552031
  },
  "NVDA": {
    "std30": 0.015219802992162627,
    "avgRet": 0.0019063809829405226
  },
  "TSM": {
    "std30": 0.01890237256305337,
    "avgRet": -2.6879437801169606e-05
  },
  "ASML.AS": {
    "std30": 0.023339722614586635,
    "avgRet": -0.002725566373819584
  },
  "LMT": {
    "std30": 0.022452530924492974,
    "avgRet": -0.0014235762045244178
  },
  "MCHI": {
    "std30": 0.011495631283585965,
    "avgRet": 0.0029042325108146654
  },
  "EEM": {
    "std30": 0.007531180280286438,
    "avgRet": 0.00118422470906799
  }
}