{
  "SPY": {
    "std30": 0.008402923250069744,
    "avgRet": 0.0001934448384461731
  },
  "QQQ": {
    "std30": 0.01204230925849829,
    "avgRet": 0.0005271202287277223
  },
  "IWM": {
    "std30": 0.013139241217545209,
    "avgRet": -0.0002635814341542923
  },
  "SOXX": {
    "std30": 0.024783279851854988,
    "avgRet": 0.003268234133561109
  },
  "XLE": {
    "std30": 0.010237558947486139,
    "avgRet": -0.0002790898778696243
  },
  "NVDA": {
    "std30": 0.02428819331541573,
    "avgRet": 0.0006637822390641054
  },
  "TSM": {
    "std30": 0.027212721841439372,
    "avgRet": 0.0017744428669538752
  },
  "ASML.AS": {
    "std30": 0.021994547925406036,
    "avgRet": 0.0025776596804076577
  },
  "LMT": {
    "std30": 0.011536598077218366,
    "avgRet": -0.0019543719544190003
  },
  "MCHI": {
    "std30": 0.015932700139931803,
    "avgRet": -0.001177805165537824
  },
  "EEM": {
    "std30": 0.012323594384216556,
    "avgRet": 0.0007034340806931619
  }
}