{
  "SPY": {
    "std30": 0.006793913798585577,
    "avgRet": 0.0012328153917680127
  },
  "QQQ": {
    "std30": 0.0102167002543097,
    "avgRet": 0.001262150073164961
  },
  "IWM": {
    "std30": 0.0116567546732918,
    "avgRet": 0.0021120853474323807
  },
  "SOXX": {
    "std30": 0.022072914636116162,
    "avgRet": 0.004036317863088212
  },
  "XLE": {
    "std30": 0.011209187873426245,
    "avgRet": 8.781935362944422e-05
  },
  "NVDA": {
    "std30": 0.019773279606410087,
    "avgRet": 0.0011523189337075892
  },
  "TSM": {
    "std30": 0.019378655288977982,
    "avgRet": 0.004218251587282013
  },
  "ASML.AS": {
    "std30": 0.027889341515579744,
    "avgRet": 0.004264547836734849
  },
  "LMT": {
    "std30": 0.013602435704163288,
    "avgRet": 0.0007940120016268721
  },
  "MCHI": {
    "std30": 0.010977883788192408,
    "avgRet": 0.00011357838058393908
  },
  "EEM": {
    "std30": 0.008622570675228376,
    "avgRet": 0.0014021628335352445
  }
}