{
  "SPY": {
    "std30": 0.007001407058130706,
    "avgRet": 0.0009478025575816298
  },
  "QQQ": {
    "std30": 0.010307968272294053,
    "avgRet": 0.0009137463737478323
  },
  "IWM": {
    "std30": 0.01198664130973411,
    "avgRet": 0.0021468360479683386
  },
  "SOXX": {
    "std30": 0.021561509526036565,
    "avgRet": 0.0021832582336673385
  },
  "XLE": {
    "std30": 0.09389452761068601,
    "avgRet": -0.017882247770971207
  },
  "NVDA": {
    "std30": 0.02091072120896928,
    "avgRet": 0.0009078629828297856
  },
  "TSM": {
    "std30": 0.018182356428361125,
    "avgRet": 0.0026007711711485415
  },
  "ASML.AS": {
    "std30": 0.0241263960723464,
    "avgRet": 0.0020321822645765534
  },
  "LMT": {
    "std30": 0.014048158229510043,
    "avgRet": 0.0021160493332437803
  },
  "MCHI": {
    "std30": 0.009255292678708645,
    "avgRet": -0.0017072082028743497
  },
  "EEM": {
    "std30": 0.007805461412355728,
    "avgRet": -5.219240520311315e-05
  }
}