{
  "SPY": {
    "std30": 0.007840418827552873,
    "avgRet": 0.0010463090135623353
  },
  "QQQ": {
    "std30": 0.010619240147959896,
    "avgRet": 0.0019421181964550326
  },
  "IWM": {
    "std30": 0.012313652261826825,
    "avgRet": 0.0002791608064776266
  },
  "SOXX": {
    "std30": 0.02189213372430433,
    "avgRet": 0.004891762275464514
  },
  "XLE": {
    "std30": 0.010711058948165712,
    "avgRet": -0.00033896417846302314
  },
  "NVDA": {
    "std30": 0.021160062410221538,
    "avgRet": 0.0053623954349959636
  },
  "TSM": {
    "std30": 0.026233446559693455,
    "avgRet": 0.0029647284013529017
  },
  "ASML.AS": {
    "std30": 0.020900833251855537,
    "avgRet": 0.00375406456836928
  },
  "LMT": {
    "std30": 0.010608701986773711,
    "avgRet": 0.00015713446649829723
  },
  "MCHI": {
    "std30": 0.01605732764884638,
    "avgRet": 7.751500959189742e-05
  },
  "EEM": {
    "std30": 0.01159586270039761,
    "avgRet": 0.0015727562718824734
  }
}