{
  "SPY": {
    "std30": 0.005947526740101871,
    "avgRet": 0.0007531458501627056
  },
  "QQQ": {
    "std30": 0.007637606503778804,
    "avgRet": 0.0007049064835449812
  },
  "IWM": {
    "std30": 0.011832897213771523,
    "avgRet": 0.0006412752837015455
  },
  "SOXX": {
    "std30": 0.012878177012709595,
    "avgRet": -0.00032135631239331105
  },
  "XLE": {
    "std30": 0.008820080054101858,
    "avgRet": -0.0012665063731640328
  },
  "NVDA": {
    "std30": 0.016573905874935287,
    "avgRet": 0.0023445686078862366
  },
  "TSM": {
    "std30": 0.019459123076278634,
    "avgRet": -6.010266632682188e-06
  },
  "ASML.AS": {
    "std30": 0.02302237394967207,
    "avgRet": -0.002516978843210491
  },
  "LMT": {
    "std30": 0.022614236207105946,
    "avgRet": -0.0013423925781106214
  },
  "MCHI": {
    "std30": 0.011202224098094642,
    "avgRet": 0.003108212286007378
  },
  "EEM": {
    "std30": 0.006593883378948426,
    "avgRet": 0.001038815173654883
  }
}