{
  "SPY": {
    "std30": 0.007786102291414996,
    "avgRet": -0.00015407535068321683
  },
  "QQQ": {
    "std30": 0.01056440707731521,
    "avgRet": -0.0007843084678571112
  },
  "IWM": {
    "std30": 0.011938567881535264,
    "avgRet": 0.0012759353053107864
  },
  "SOXX": {
    "std30": 0.02165520257210664,
    "avgRet": 0.00342087028140706
  },
  "XLE": {
    "std30": 0.014378785615484682,
    "avgRet": 0.0063596323259503705
  },
  "NVDA": {
    "std30": 0.024028589342507248,
    "avgRet": 0.000619687426715457
  },
  "TSM": {
    "std30": 0.022907593971578395,
    "avgRet": 0.004105064191970585
  },
  "ASML.AS": {
    "std30": 0.026357764187174382,
    "avgRet": 0.006129282938902144
  },
  "LMT": {
    "std30": 0.021849931752296336,
    "avgRet": 0.008081526682485197
  },
  "MCHI": {
    "std30": 0.013138497599277595,
    "avgRet": -0.0007738332734747807
  },
  "EEM": {
    "std30": 0.010554142125709185,
    "avgRet": 0.0024375622560113006
  }
}