{
  "SPY": {
    "std30": 0.008775803293154754,
    "avgRet": 0.0006698471807098678
  },
  "QQQ": {
    "std30": 0.012603556814620585,
    "avgRet": 0.001089206914157263
  },
  "IWM": {
    "std30": 0.0132721783242503,
    "avgRet": 0.00030352148840622357
  },
  "SOXX": {
    "std30": 0.024990942962092175,
    "avgRet": 0.00299340633540241
  },
  "XLE": {
    "std30": 0.010587309238400455,
    "avgRet": 0.0009594710516039846
  },
  "NVDA": {
    "std30": 0.026285781708980605,
    "avgRet": 0.0015054436209089286
  },
  "TSM": {
    "std30": 0.026819166062271093,
    "avgRet": 0.000765355378886832
  },
  "ASML.AS": {
    "std30": 0.021554912657041684,
    "avgRet": 0.0011529904697465648
  },
  "LMT": {
    "std30": 0.011777819291061146,
    "avgRet": -0.0033220706802804954
  },
  "MCHI": {
    "std30": 0.016054627755797274,
    "avgRet": -0.0006472202510026957
  },
  "EEM": {
    "std30": 0.012494445368408335,
    "avgRet": 0.0011983408952719933
  }
}