{
  "SPY": {
    "std30": 0.007726647712131419,
    "avgRet": -0.000104895699027079
  },
  "QQQ": {
    "std30": 0.010436838585675233,
    "avgRet": -0.0007282182179888442
  },
  "IWM": {
    "std30": 0.011742176849250817,
    "avgRet": 0.0007734983002578692
  },
  "SOXX": {
    "std30": 0.021116434974473918,
    "avgRet": 0.004099357598639641
  },
  "XLE": {
    "std30": 0.013453737841962583,
    "avgRet": 0.005710075525123596
  },
  "NVDA": {
    "std30": 0.023422476906824738,
    "avgRet": 0.0008856472000803612
  },
  "TSM": {
    "std30": 0.022615216608545364,
    "avgRet": 0.005471198857026749
  },
  "ASML.AS": {
    "std30": 0.025434478530084858,
    "avgRet": 0.007433156889254048
  },
  "LMT": {
    "std30": 0.018975397886985115,
    "avgRet": 0.00818846307426957
  },
  "MCHI": {
    "std30": 0.012782651793383133,
    "avgRet": -0.0008240193551562832
  },
  "EEM": {
    "std30": 0.01057239395013503,
    "avgRet": 0.002963844193640991
  }
}