{
  "SPY": {
    "std30": 0.00870455107157352,
    "avgRet": 0.0011728627056627166
  },
  "QQQ": {
    "std30": 0.012129615503750678,
    "avgRet": 0.0014215413061717233
  },
  "IWM": {
    "std30": 0.013785880241262696,
    "avgRet": 0.00017873215154515712
  },
  "SOXX": {
    "std30": 0.022578059790693477,
    "avgRet": 0.0023385708825590544
  },
  "XLE": {
    "std30": 0.010250174460824327,
    "avgRet": 0.002301004290579039
  },
  "NVDA": {
    "std30": 0.027749560158647223,
    "avgRet": 0.002537953613739422
  },
  "TSM": {
    "std30": 0.02319331537452603,
    "avgRet": 0.0016490430268366683
  },
  "ASML.AS": {
    "std30": 0.01928993829424093,
    "avgRet": 0.004008081412728229
  },
  "LMT": {
    "std30": 0.012306442110705052,
    "avgRet": -0.0022509922170409137
  },
  "MCHI": {
    "std30": 0.011711003872362277,
    "avgRet": 0.0005179824725934387
  },
  "EEM": {
    "std30": 0.010543109754803479,
    "avgRet": 0.0016567407666159388
  }
}