{
  "SPY": {
    "std30": 0.008006493035925868,
    "avgRet": -0.0015021750737430656
  },
  "QQQ": {
    "std30": 0.010066900813412123,
    "avgRet": -0.0010819127909690268
  },
  "IWM": {
    "std30": 0.012547799474273362,
    "avgRet": -0.0012141823196026246
  },
  "SOXX": {
    "std30": 0.020563161461245524,
    "avgRet": -0.0013732631838245417
  },
  "XLE": {
    "std30": 0.010105722387931459,
    "avgRet": 0.004587454818599855
  },
  "NVDA": {
    "std30": 0.021084007771505767,
    "avgRet": -0.002149690431086654
  },
  "TSM": {
    "std30": 0.023385576662252393,
    "avgRet": -0.0029984099149639176
  },
  "ASML.AS": {
    "std30": 0.026289290856512004,
    "avgRet": -0.0010303591591913975
  },
  "LMT": {
    "std30": 0.015650662310657336,
    "avgRet": -0.0006362948921634857
  },
  "MCHI": {
    "std30": 0.013277084742569497,
    "avgRet": -0.0030167567241617802
  },
  "EEM": {
    "std30": 0.018968028743452506,
    "avgRet": -0.0025556703488393774
  }
}