{
  "SPY": {
    "std30": 0.008714918453986822,
    "avgRet": 0.0003735732365109436
  },
  "QQQ": {
    "std30": 0.012629430132345933,
    "avgRet": 0.0004876020981278725
  },
  "IWM": {
    "std30": 0.013808198300775877,
    "avgRet": -0.0010383594384958126
  },
  "SOXX": {
    "std30": 0.023447370258660987,
    "avgRet": 0.0007170637111209519
  },
  "XLE": {
    "std30": 0.010183362486404265,
    "avgRet": 0.0011508562350498654
  },
  "NVDA": {
    "std30": 0.025652917641817968,
    "avgRet": 0.00079561685681904
  },
  "TSM": {
    "std30": 0.01759388146469402,
    "avgRet": -0.001192387739670897
  },
  "ASML.AS": {
    "std30": 0.020705282695051633,
    "avgRet": 0.0003708609855598441
  },
  "LMT": {
    "std30": 0.01287634424772163,
    "avgRet": -0.0038193738306929086
  },
  "MCHI": {
    "std30": 0.010847785278990817,
    "avgRet": -0.00028652872694373365
  },
  "EEM": {
    "std30": 0.009356430112717903,
    "avgRet": 0.0004886396437538735
  }
}