{
  "SPY": {
    "std30": 0.009348712636273692,
    "avgRet": 0.0001879338076247566
  },
  "QQQ": {
    "std30": 0.01316655134906971,
    "avgRet": 0.0003841759113403997
  },
  "IWM": {
    "std30": 0.014128558603601824,
    "avgRet": -0.0011901050031560068
  },
  "SOXX": {
    "std30": 0.026105950477634664,
    "avgRet": 0.0014728361781769276
  },
  "XLE": {
    "std30": 0.010636454851565693,
    "avgRet": 0.0006624620447933239
  },
  "NVDA": {
    "std30": 0.027187524222816343,
    "avgRet": 0.0002371313013909482
  },
  "TSM": {
    "std30": 0.02728664036665232,
    "avgRet": -0.0008422177469961101
  },
  "ASML.AS": {
    "std30": 0.021553017346553096,
    "avgRet": -0.00019092694075204837
  },
  "LMT": {
    "std30": 0.011780640509477136,
    "avgRet": -0.0034225570494319053
  },
  "MCHI": {
    "std30": 0.015861578300973962,
    "avgRet": -0.0009978536397696786
  },
  "EEM": {
    "std30": 0.012691266574997412,
    "avgRet": 0.0005204241844569498
  }
}