{
  "SPY": {
    "std30": 0.0058673805147271465,
    "avgRet": 0.0016918865578743948
  },
  "QQQ": {
    "std30": 0.008988426544890538,
    "avgRet": 0.00194795186714828
  },
  "IWM": {
    "std30": 0.010421176455776003,
    "avgRet": 0.002927989740802539
  },
  "SOXX": {
    "std30": 0.020188831187779182,
    "avgRet": 0.006869631135829953
  },
  "XLE": {
    "std30": 0.01364201481749925,
    "avgRet": 0.0010855247195336688
  },
  "NVDA": {
    "std30": 0.018121810650105992,
    "avgRet": 0.0017414702595915856
  },
  "TSM": {
    "std30": 0.019433150436098067,
    "avgRet": 0.00621003614936027
  },
  "ASML.AS": {
    "std30": 0.02663582773292394,
    "avgRet": 0.00903702182623015
  },
  "LMT": {
    "std30": 0.015036557666365767,
    "avgRet": 0.004423058885045718
  },
  "MCHI": {
    "std30": 0.010979294751633775,
    "avgRet": 0.001056885076067336
  },
  "EEM": {
    "std30": 0.008714233714850708,
    "avgRet": 0.0026528773624635033
  }
}