{
  "SPY": {
    "std30": 0.006095353919755235,
    "avgRet": 0.0010832383865347025
  },
  "QQQ": {
    "std30": 0.007219771634609545,
    "avgRet": 0.0014632485153204331
  },
  "IWM": {
    "std30": 0.012549789861536162,
    "avgRet": 0.0008646510382287399
  },
  "SOXX": {
    "std30": 0.012800357323754424,
    "avgRet": 0.0015776557506854655
  },
  "XLE": {
    "std30": 0.010407381780996478,
    "avgRet": -0.0005350931043113621
  },
  "NVDA": {
    "std30": 0.015121184855287602,
    "avgRet": 0.004708922827005356
  },
  "TSM": {
    "std30": 0.018672835366627005,
    "avgRet": 0.0010658908543117807
  },
  "ASML.AS": {
    "std30": 0.02289877910885077,
    "avgRet": -0.0014876514155051665
  },
  "LMT": {
    "std30": 0.02278603553492165,
    "avgRet": -0.0016643689196410647
  },
  "MCHI": {
    "std30": 0.011411950711216036,
    "avgRet": 0.0028381767973352234
  },
  "EEM": {
    "std30": 0.007033921498302811,
    "avgRet": 0.0008072932741736685
  }
}