{
  "SPY": {
    "std30": 0.006587817738092985,
    "avgRet": 0.0011347503264969908
  },
  "QQQ": {
    "std30": 0.008158328974044171,
    "avgRet": 0.0009960500327566204
  },
  "IWM": {
    "std30": 0.013799522431201335,
    "avgRet": 0.0018456873141664094
  },
  "SOXX": {
    "std30": 0.013805613922947175,
    "avgRet": 0.0008281475411095033
  },
  "XLE": {
    "std30": 0.009573254029438446,
    "avgRet": 4.031534157439861e-05
  },
  "NVDA": {
    "std30": 0.016762908112642694,
    "avgRet": 0.0029472184905428253
  },
  "TSM": {
    "std30": 0.019973813046688816,
    "avgRet": 0.0008369173718763614
  },
  "ASML.AS": {
    "std30": 0.023723500499642614,
    "avgRet": -0.0020096267559215073
  },
  "LMT": {
    "std30": 0.02245816553479917,
    "avgRet": -0.0017922532390087862
  },
  "MCHI": {
    "std30": 0.011919074141589788,
    "avgRet": 0.0036224837000439674
  },
  "EEM": {
    "std30": 0.007491045037643556,
    "avgRet": 0.001631456022876479
  }
}