{
  "SPY": {
    "std30": 0.007401998322008467,
    "avgRet": 0.0002399005834288663
  },
  "QQQ": {
    "std30": 0.00997584129574967,
    "avgRet": -0.0004777919577236986
  },
  "IWM": {
    "std30": 0.011750131955798711,
    "avgRet": 0.0022450826100106932
  },
  "SOXX": {
    "std30": 0.02256698244357906,
    "avgRet": 0.005106893226819296
  },
  "XLE": {
    "std30": 0.014938156374015441,
    "avgRet": 0.006437283937289151
  },
  "NVDA": {
    "std30": 0.0231077687635182,
    "avgRet": 0.00031260428019594486
  },
  "TSM": {
    "std30": 0.023645962759163773,
    "avgRet": 0.006652330774512947
  },
  "ASML.AS": {
    "std30": 0.030774040555734905,
    "avgRet": 0.010227699077513147
  },
  "LMT": {
    "std30": 0.0225049233077468,
    "avgRet": 0.009004409175825488
  },
  "MCHI": {
    "std30": 0.014221136317331233,
    "avgRet": 0.0010105525446202587
  },
  "EEM": {
    "std30": 0.011036681770067891,
    "avgRet": 0.003622213184056977
  }
}