{
  "SPY": {
    "std30": 0.005263284700451577,
    "avgRet": 0.0010555721991443398
  },
  "QQQ": {
    "std30": 0.006753091175911074,
    "avgRet": 0.0013100520158087856
  },
  "IWM": {
    "std30": 0.011107617122643897,
    "avgRet": 0.002034651417280224
  },
  "SOXX": {
    "std30": 0.01221789924762626,
    "avgRet": 0.0029004147229636243
  },
  "XLE": {
    "std30": 0.011414595147194508,
    "avgRet": 0.001983028029631163
  },
  "NVDA": {
    "std30": 0.019744558381342932,
    "avgRet": 0.00019934502764237135
  },
  "TSM": {
    "std30": 0.01896790949578404,
    "avgRet": 0.004702903857684046
  },
  "ASML.AS": {
    "std30": 0.021874046401704185,
    "avgRet": 0.009128585949993157
  },
  "LMT": {
    "std30": 0.008181303157672161,
    "avgRet": 0.003910348552575446
  },
  "MCHI": {
    "std30": 0.012670039104386004,
    "avgRet": 0.003043606373912169
  },
  "EEM": {
    "std30": 0.006808980131565782,
    "avgRet": 0.001982839660953354
  }
}