{
  "SPY": {
    "std30": 0.007057368884499202,
    "avgRet": 0.0008190741807834687
  },
  "QQQ": {
    "std30": 0.01036786926518025,
    "avgRet": 0.0007168882034191205
  },
  "IWM": {
    "std30": 0.012096491101232133,
    "avgRet": 0.0018146092800570978
  },
  "SOXX": {
    "std30": 0.021565335099111477,
    "avgRet": 0.002153352658069891
  },
  "XLE": {
    "std30": 0.011895616711006717,
    "avgRet": -0.0007156077424290237
  },
  "NVDA": {
    "std30": 0.02078706683800211,
    "avgRet": -0.0001674561023877905
  },
  "TSM": {
    "std30": 0.018208357895789964,
    "avgRet": 0.002054559057343496
  },
  "ASML.AS": {
    "std30": 0.024010995056637185,
    "avgRet": 0.002264309322147143
  },
  "LMT": {
    "std30": 0.013666776994091783,
    "avgRet": 0.0017359182428371232
  },
  "MCHI": {
    "std30": 0.009240907693283215,
    "avgRet": -0.0016973640041739774
  },
  "EEM": {
    "std30": 0.007816277427827699,
    "avgRet": -0.00015282731619364312
  }
}