{
  "SPY": {
    "std30": 0.0060605581114777166,
    "avgRet": 8.220660150490756e-05
  },
  "QQQ": {
    "std30": 0.00865665358611024,
    "avgRet": -0.0007217732592751648
  },
  "IWM": {
    "std30": 0.00929069248577248,
    "avgRet": 0.0009757660114825147
  },
  "SOXX": {
    "std30": 0.02048573884701952,
    "avgRet": 0.003094750463161521
  },
  "XLE": {
    "std30": 0.014475857362384513,
    "avgRet": 0.006248761583208192
  },
  "NVDA": {
    "std30": 0.01790551075636432,
    "avgRet": -0.0016729431231656323
  },
  "TSM": {
    "std30": 0.02154992519374951,
    "avgRet": 0.003849716008166005
  },
  "ASML.AS": {
    "std30": 0.02992877661942592,
    "avgRet": 0.008594291421221065
  },
  "LMT": {
    "std30": 0.02199928741482036,
    "avgRet": 0.00785996495188224
  },
  "MCHI": {
    "std30": 0.013785045590858221,
    "avgRet": -0.00023876730191794073
  },
  "EEM": {
    "std30": 0.010105751839497187,
    "avgRet": 0.0029776798038648744
  }
}