{
  "SPY": {
    "std30": 0.006368954145173821,
    "avgRet": 0.0007785529105373691
  },
  "QQQ": {
    "std30": 0.00863604637982059,
    "avgRet": 0.0010130210181885915
  },
  "IWM": {
    "std30": 0.00908817899494579,
    "avgRet": 0.001855935652773257
  },
  "SOXX": {
    "std30": 0.01798565976139866,
    "avgRet": 0.007010023516051871
  },
  "XLE": {
    "std30": 0.013311161774270976,
    "avgRet": 0.005298601308242162
  },
  "NVDA": {
    "std30": 0.018449450790570053,
    "avgRet": 0.0029109229674157276
  },
  "TSM": {
    "std30": 0.020588231766846436,
    "avgRet": 0.006035753988886997
  },
  "ASML.AS": {
    "std30": 0.0295198831890346,
    "avgRet": 0.010874806837534412
  },
  "LMT": {
    "std30": 0.019950163600485318,
    "avgRet": 0.009379433103125095
  },
  "MCHI": {
    "std30": 0.012169562640129802,
    "avgRet": 0.002596033424962197
  },
  "EEM": {
    "std30": 0.008655241857774729,
    "avgRet": 0.004588875668598891
  }
}