{
  "SPY": {
    "std30": 0.0069536764895276205,
    "avgRet": 0.0013906822272054895
  },
  "QQQ": {
    "std30": 0.008739602166337306,
    "avgRet": 0.0011821733919403815
  },
  "IWM": {
    "std30": 0.012771364117373969,
    "avgRet": 0.0032939185792760554
  },
  "SOXX": {
    "std30": 0.013635024817182895,
    "avgRet": 0.002203720257676234
  },
  "XLE": {
    "std30": 0.009899504707459417,
    "avgRet": 0.0007986520182674041
  },
  "NVDA": {
    "std30": 0.01717235965211408,
    "avgRet": 6.500670757611611e-06
  },
  "TSM": {
    "std30": 0.0203515396266488,
    "avgRet": 0.0025852157573652865
  },
  "ASML.AS": {
    "std30": 0.01697914126725937,
    "avgRet": 0.005196347236839283
  },
  "LMT": {
    "std30": 0.010103388089323534,
    "avgRet": 0.003908166517567822
  },
  "MCHI": {
    "std30": 0.013934595136305,
    "avgRet": 0.003948937800630348
  },
  "EEM": {
    "std30": 0.007751678656698812,
    "avgRet": 0.0025840592308922754
  }
}