{
  "SPY": {
    "std30": 0.005035468417193487,
    "avgRet": 0.0005898548411561072
  },
  "QQQ": {
    "std30": 0.007699265849595627,
    "avgRet": 0.0005104564918113581
  },
  "IWM": {
    "std30": 0.0094035521389046,
    "avgRet": 0.0016486697854708734
  },
  "SOXX": {
    "std30": 0.019395861377436947,
    "avgRet": 0.003948601000842504
  },
  "XLE": {
    "std30": 0.014741381202563948,
    "avgRet": 0.0012379867314981047
  },
  "NVDA": {
    "std30": 0.017112396008777973,
    "avgRet": 0.0019181621707900784
  },
  "TSM": {
    "std30": 0.019765995230759562,
    "avgRet": 0.004468621328250475
  },
  "ASML.AS": {
    "std30": 0.029116266310490763,
    "avgRet": 0.006816954643786012
  },
  "LMT": {
    "std30": 0.020429113868035163,
    "avgRet": 0.006325533557403805
  },
  "MCHI": {
    "std30": 0.012024413802681745,
    "avgRet": 0.0010453476022388173
  },
  "EEM": {
    "std30": 0.008937203467979571,
    "avgRet": 0.002199907558518227
  }
}