{
  "SPY": {
    "std30": 0.008189623175373592,
    "avgRet": -0.0013855660317823228
  },
  "QQQ": {
    "std30": 0.011372384909510985,
    "avgRet": -0.001744910243879476
  },
  "IWM": {
    "std30": 0.013643548329621023,
    "avgRet": -0.002063529995732637
  },
  "SOXX": {
    "std30": 0.025365243222864108,
    "avgRet": -0.002771786326409907
  },
  "XLE": {
    "std30": 0.013887060977734785,
    "avgRet": 0.004578015541110362
  },
  "NVDA": {
    "std30": 0.02653649252883573,
    "avgRet": -0.0013814530073475305
  },
  "TSM": {
    "std30": 0.026584433275915517,
    "avgRet": 5.155978928741882e-05
  },
  "ASML.AS": {
    "std30": 0.026827275178154062,
    "avgRet": -0.0021942597470523905
  },
  "LMT": {
    "std30": 0.01783601529662728,
    "avgRet": 0.0017949211559993065
  },
  "MCHI": {
    "std30": 0.01305192181861157,
    "avgRet": -0.003619573001596639
  },
  "EEM": {
    "std30": 0.016714740555188574,
    "avgRet": -0.0019124645021941623
  }
}