{
  "SPY": {
    "std30": 0.007618567604538327,
    "avgRet": 0.001342917299819938
  },
  "QQQ": {
    "std30": 0.010251728796715761,
    "avgRet": 0.0022677336641887995
  },
  "IWM": {
    "std30": 0.012189786337932532,
    "avgRet": 0.000794041463324513
  },
  "SOXX": {
    "std30": 0.021920780253901644,
    "avgRet": 0.0054219505655067075
  },
  "XLE": {
    "std30": 0.011546601660863832,
    "avgRet": -0.000501040902644364
  },
  "NVDA": {
    "std30": 0.022235984049107555,
    "avgRet": 0.005824635672154361
  },
  "TSM": {
    "std30": 0.0273494316704596,
    "avgRet": 0.004799785870013001
  },
  "ASML.AS": {
    "std30": 0.021095668189460633,
    "avgRet": 0.005280630068504571
  },
  "LMT": {
    "std30": 0.010997657018866498,
    "avgRet": 0.0009785625348552414
  },
  "MCHI": {
    "std30": 0.015762384772278905,
    "avgRet": 0.0005821092052809084
  },
  "EEM": {
    "std30": 0.0113991216454915,
    "avgRet": 0.0019958754293443524
  }
}