{
  "SPY": {
    "std30": 0.007300706577386394,
    "avgRet": 0.001115734066589338
  },
  "QQQ": {
    "std30": 0.009550134980686825,
    "avgRet": 0.0018574868363633158
  },
  "IWM": {
    "std30": 0.012759123751744936,
    "avgRet": 0.0016438040183226477
  },
  "SOXX": {
    "std30": 0.021057373315587026,
    "avgRet": 0.006029246928128443
  },
  "XLE": {
    "std30": 0.011419583162664034,
    "avgRet": -0.00034072785415119084
  },
  "NVDA": {
    "std30": 0.02185549347073738,
    "avgRet": 0.0028024431264200003
  },
  "TSM": {
    "std30": 0.027894806278741437,
    "avgRet": 0.006909621168704186
  },
  "ASML.AS": {
    "std30": 0.02521501224811995,
    "avgRet": 0.009460291664818023
  },
  "LMT": {
    "std30": 0.008785344988860156,
    "avgRet": 0.0032598125536786333
  },
  "MCHI": {
    "std30": 0.016168253651698807,
    "avgRet": 0.0005849896162040048
  },
  "EEM": {
    "std30": 0.011190545264645444,
    "avgRet": 0.0024732963249987196
  }
}