{
  "SPY": {
    "std30": 0.007687775295661529,
    "avgRet": -0.000194377660178196
  },
  "QQQ": {
    "std30": 0.010401551235186244,
    "avgRet": -0.0010383409774208528
  },
  "IWM": {
    "std30": 0.011880645175421277,
    "avgRet": 0.0010955683913429072
  },
  "SOXX": {
    "std30": 0.021578260196612648,
    "avgRet": 0.0031513361666873907
  },
  "XLE": {
    "std30": 0.014036712429351589,
    "avgRet": 0.0071551422214006675
  },
  "NVDA": {
    "std30": 0.02378477416702809,
    "avgRet": 3.159418522325696e-05
  },
  "TSM": {
    "std30": 0.022392113536196585,
    "avgRet": 0.0043088531536120845
  },
  "ASML.AS": {
    "std30": 0.026413607414945584,
    "avgRet": 0.006040316167088731
  },
  "LMT": {
    "std30": 0.019183428305744033,
    "avgRet": 0.01021019022650988
  },
  "MCHI": {
    "std30": 0.012848837471145493,
    "avgRet": -0.0005500934359370303
  },
  "EEM": {
    "std30": 0.010422669571034035,
    "avgRet": 0.0024366491814090635
  }
}