{
  "SPY": {
    "std30": 0.007558164269677041,
    "avgRet": 0.00012260163814293884
  },
  "QQQ": {
    "std30": 0.010670683078436147,
    "avgRet": -0.00033038073174089186
  },
  "IWM": {
    "std30": 0.012707740926521856,
    "avgRet": -0.00027601138847081427
  },
  "SOXX": {
    "std30": 0.022839412552073137,
    "avgRet": 0.00031257485314066573
  },
  "XLE": {
    "std30": 0.012956432461914982,
    "avgRet": 0.006256491746156769
  },
  "NVDA": {
    "std30": 0.025992999748936194,
    "avgRet": 0.0007447548732609164
  },
  "TSM": {
    "std30": 0.02276623696858465,
    "avgRet": 0.0029730846586558746
  },
  "ASML.AS": {
    "std30": 0.023497023321947863,
    "avgRet": 0.0013323130066836676
  },
  "LMT": {
    "std30": 0.019042561612793593,
    "avgRet": 0.005032625535006818
  },
  "MCHI": {
    "std30": 0.012373176308589291,
    "avgRet": -0.002747079680623503
  },
  "EEM": {
    "std30": 0.015539659364068335,
    "avgRet": 0.0007205848295379242
  }
}