{
  "SPY": {
    "std30": 0.008614795302794156,
    "avgRet": 0.0008571980867007286
  },
  "QQQ": {
    "std30": 0.012450865427658216,
    "avgRet": 0.0010873117209335282
  },
  "IWM": {
    "std30": 0.013653325490421071,
    "avgRet": 0.0009704445932094312
  },
  "SOXX": {
    "std30": 0.023281669666611313,
    "avgRet": 0.00320088093057982
  },
  "XLE": {
    "std30": 0.010777885450258073,
    "avgRet": 0.0016047878595114163
  },
  "NVDA": {
    "std30": 0.026591871837278545,
    "avgRet": 0.00020765152914248297
  },
  "TSM": {
    "std30": 0.016531751134844657,
    "avgRet": 0.000907742542184949
  },
  "ASML.AS": {
    "std30": 0.02222134499176745,
    "avgRet": 0.0043979745547751544
  },
  "LMT": {
    "std30": 0.013223475935043123,
    "avgRet": -0.0028909744781479927
  },
  "MCHI": {
    "std30": 0.010418042478205878,
    "avgRet": -0.0005824131815816405
  },
  "EEM": {
    "std30": 0.00824510587038764,
    "avgRet": 8.36651815876903e-05
  }
}