{
  "SPY": {
    "std30": 0.00814350461491871,
    "avgRet": 0.0003160054695810048
  },
  "QQQ": {
    "std30": 0.01169534890733445,
    "avgRet": 0.0002643940392064094
  },
  "IWM": {
    "std30": 0.013224250525908953,
    "avgRet": -0.0007814611870766287
  },
  "SOXX": {
    "std30": 0.022627099466919577,
    "avgRet": 0.000590004449891718
  },
  "XLE": {
    "std30": 0.010170438985840753,
    "avgRet": 0.001700586875788438
  },
  "NVDA": {
    "std30": 0.026600624816304052,
    "avgRet": 0.0005357462143295405
  },
  "TSM": {
    "std30": 0.022294329894105198,
    "avgRet": 0.00040853320419017837
  },
  "ASML.AS": {
    "std30": 0.0212188116896151,
    "avgRet": 0.0022804929829141904
  },
  "LMT": {
    "std30": 0.012235219222733807,
    "avgRet": -0.002480309789958398
  },
  "MCHI": {
    "std30": 0.011883034048789032,
    "avgRet": -3.342975539045378e-05
  },
  "EEM": {
    "std30": 0.010557088149498873,
    "avgRet": 0.001016392417113813
  }
}