{
  "SPY": {
    "std30": 0.008209986733365572,
    "avgRet": -4.692099146269365e-06
  },
  "QQQ": {
    "std30": 0.01113121605941624,
    "avgRet": -0.0004848806521891971
  },
  "IWM": {
    "std30": 0.012187371930008498,
    "avgRet": 0.0004937472938292696
  },
  "SOXX": {
    "std30": 0.020927420494172046,
    "avgRet": 0.0036178969242390757
  },
  "XLE": {
    "std30": 0.013247163203069786,
    "avgRet": 0.005437073773536343
  },
  "NVDA": {
    "std30": 0.023658633616447662,
    "avgRet": 0.0020434611645522485
  },
  "TSM": {
    "std30": 0.02331716207744156,
    "avgRet": 0.005708355267215233
  },
  "ASML.AS": {
    "std30": 0.022740853313421065,
    "avgRet": 0.006609222700765387
  },
  "LMT": {
    "std30": 0.01798496906687542,
    "avgRet": 0.005280294160329946
  },
  "MCHI": {
    "std30": 0.011024659719146367,
    "avgRet": -0.0015228352188724433
  },
  "EEM": {
    "std30": 0.011245610995850149,
    "avgRet": 0.003382372021205692
  }
}