{
  "SPY": {
    "std30": 0.005057321300589472,
    "avgRet": 0.0003797878875766589
  },
  "QQQ": {
    "std30": 0.00782574949099477,
    "avgRet": -7.484072445861318e-05
  },
  "IWM": {
    "std30": 0.008517896576891795,
    "avgRet": 0.0018920140784845706
  },
  "SOXX": {
    "std30": 0.019021058130661135,
    "avgRet": 0.004033949701674087
  },
  "XLE": {
    "std30": 0.014917867288291128,
    "avgRet": 0.0015628352338055726
  },
  "NVDA": {
    "std30": 0.01694749025166204,
    "avgRet": 0.0006474766900283192
  },
  "TSM": {
    "std30": 0.021026896183867418,
    "avgRet": 0.005608277666061488
  },
  "ASML.AS": {
    "std30": 0.02945553954774412,
    "avgRet": 0.00740536560401745
  },
  "LMT": {
    "std30": 0.018614026508786657,
    "avgRet": 0.009229716802349802
  },
  "MCHI": {
    "std30": 0.012854858252503303,
    "avgRet": 0.000378265847055761
  },
  "EEM": {
    "std30": 0.009266464919309212,
    "avgRet": 0.002220332649783018
  }
}