{
  "SPY": {
    "std30": 0.008256472825165579,
    "avgRet": 4.19881720685591e-05
  },
  "QQQ": {
    "std30": 0.011693990901659687,
    "avgRet": -0.00037920584589321113
  },
  "IWM": {
    "std30": 0.013452799553256088,
    "avgRet": 0.00118383078369269
  },
  "SOXX": {
    "std30": 0.02237712995447011,
    "avgRet": 0.0009847419033463553
  },
  "XLE": {
    "std30": 0.09416986189086334,
    "avgRet": -0.015452018152769822
  },
  "NVDA": {
    "std30": 0.023463787465409978,
    "avgRet": -0.003835868952645726
  },
  "TSM": {
    "std30": 0.01715574746216192,
    "avgRet": 0.0007081821750198317
  },
  "ASML.AS": {
    "std30": 0.022293662518767198,
    "avgRet": 0.0017693146142712267
  },
  "LMT": {
    "std30": 0.014641139235685899,
    "avgRet": -0.0011532409425353198
  },
  "MCHI": {
    "std30": 0.00975882604705011,
    "avgRet": -0.001946242402875048
  },
  "EEM": {
    "std30": 0.008037013259949157,
    "avgRet": -0.0005084620550416405
  }
}