{
  "SPY": {
    "std30": 0.00833662893053271,
    "avgRet": -0.0009197256183019226
  },
  "QQQ": {
    "std30": 0.011083986968197068,
    "avgRet": -0.0007335345497573194
  },
  "IWM": {
    "std30": 0.013432286828263432,
    "avgRet": -0.0017276716416904897
  },
  "SOXX": {
    "std30": 0.02405469872276741,
    "avgRet": -0.000514327495533622
  },
  "XLE": {
    "std30": 0.012236841208429853,
    "avgRet": 0.004627489566079582
  },
  "NVDA": {
    "std30": 0.02579200354104261,
    "avgRet": 0.0006539318178740562
  },
  "TSM": {
    "std30": 0.02521377068928842,
    "avgRet": 0.0009192405360838854
  },
  "ASML.AS": {
    "std30": 0.02615322129449329,
    "avgRet": -0.0002299464274963774
  },
  "LMT": {
    "std30": 0.017666717117693916,
    "avgRet": 0.0006445236524084935
  },
  "MCHI": {
    "std30": 0.01241883672208717,
    "avgRet": -0.0014510296896654764
  },
  "EEM": {
    "std30": 0.01709859742027867,
    "avgRet": -0.0004490874039651174
  }
}