{
  "SPY": {
    "std30": 0.006683208701881037,
    "avgRet": 0.0004490170660091711
  },
  "QQQ": {
    "std30": 0.008641688925709998,
    "avgRet": 0.001172350815600838
  },
  "IWM": {
    "std30": 0.010322774491520421,
    "avgRet": 0.00043510330533981273
  },
  "SOXX": {
    "std30": 0.01850312927847309,
    "avgRet": 0.003665276564187194
  },
  "XLE": {
    "std30": 0.012027576082431662,
    "avgRet": -0.001958743854146811
  },
  "NVDA": {
    "std30": 0.020740579289694788,
    "avgRet": 0.001921318124604246
  },
  "TSM": {
    "std30": 0.02319391532673792,
    "avgRet": 0.007018255950649854
  },
  "ASML.AS": {
    "std30": 0.025041057041709745,
    "avgRet": 0.008318911531623426
  },
  "LMT": {
    "std30": 0.0092114005849625,
    "avgRet": 0.0035980018309302903
  },
  "MCHI": {
    "std30": 0.01585831352059368,
    "avgRet": 0.00016833736182312434
  },
  "EEM": {
    "std30": 0.009438016252009048,
    "avgRet": 0.0014538849871293562
  }
}