{
  "SPY": {
    "std30": 0.006535449618354556,
    "avgRet": 0.0010050726189515485
  },
  "QQQ": {
    "std30": 0.008095872744261347,
    "avgRet": 0.0007149392535258867
  },
  "IWM": {
    "std30": 0.013199915352986298,
    "avgRet": 0.0017940796500585685
  },
  "SOXX": {
    "std30": 0.013797331357351063,
    "avgRet": 0.0005780090251165832
  },
  "XLE": {
    "std30": 0.00904697441509032,
    "avgRet": 0.0009276282455464742
  },
  "NVDA": {
    "std30": 0.015242114091054464,
    "avgRet": 0.0018748888163164395
  },
  "TSM": {
    "std30": 0.017955698212906674,
    "avgRet": -0.0010067507138606514
  },
  "ASML.AS": {
    "std30": 0.017402109739511295,
    "avgRet": 0.0011123114280434244
  },
  "LMT": {
    "std30": 0.02272945844370829,
    "avgRet": -0.0005615208735218614
  },
  "MCHI": {
    "std30": 0.012742797593920711,
    "avgRet": 0.0018509726294244978
  },
  "EEM": {
    "std30": 0.007720539305073838,
    "avgRet": 0.0004017625225683286
  }
}