{
  "SPY": {
    "std30": 0.008230319098231428,
    "avgRet": -1.8718542197673677e-05
  },
  "QQQ": {
    "std30": 0.011197111029915304,
    "avgRet": -0.0005155431418101762
  },
  "IWM": {
    "std30": 0.012158053109179083,
    "avgRet": 0.00043344444331282444
  },
  "SOXX": {
    "std30": 0.02183469022424167,
    "avgRet": 0.002728026818092971
  },
  "XLE": {
    "std30": 0.012834838948243795,
    "avgRet": 0.004772497554497441
  },
  "NVDA": {
    "std30": 0.02572983393196542,
    "avgRet": 0.0006476798872611636
  },
  "TSM": {
    "std30": 0.023930639206655814,
    "avgRet": 0.0051640423288890755
  },
  "ASML.AS": {
    "std30": 0.024310075412309413,
    "avgRet": 0.0053756175893853175
  },
  "LMT": {
    "std30": 0.017728112238161436,
    "avgRet": 0.00407828651558665
  },
  "MCHI": {
    "std30": 0.011749434468880491,
    "avgRet": -0.002351884380961532
  },
  "EEM": {
    "std30": 0.011492235787688411,
    "avgRet": 0.002908916511973386
  }
}