{
  "SPY": {
    "std30": 0.006685849569586429,
    "avgRet": 0.0001779452531510339
  },
  "QQQ": {
    "std30": 0.00922160563095828,
    "avgRet": 3.268115878942406e-05
  },
  "IWM": {
    "std30": 0.009817646640615001,
    "avgRet": 0.0010670878666499731
  },
  "SOXX": {
    "std30": 0.020013880743600564,
    "avgRet": 0.0033743180810522633
  },
  "XLE": {
    "std30": 0.015125811061030605,
    "avgRet": 0.0027554905768491186
  },
  "NVDA": {
    "std30": 0.019336588066177215,
    "avgRet": 0.0013982844329662324
  },
  "TSM": {
    "std30": 0.022419576376058944,
    "avgRet": 0.0033594707401941974
  },
  "ASML.AS": {
    "std30": 0.03013234818347067,
    "avgRet": 0.008159477664405777
  },
  "LMT": {
    "std30": 0.019391734561113046,
    "avgRet": 0.007091718647943944
  },
  "MCHI": {
    "std30": 0.01281342304933937,
    "avgRet": 0.0006222139195942416
  },
  "EEM": {
    "std30": 0.009638676072996854,
    "avgRet": 0.0027193377181003666
  }
}