{
  "SPY": {
    "std30": 0.008113943626487739,
    "avgRet": 0.0010359179481601664
  },
  "QQQ": {
    "std30": 0.011347216021561095,
    "avgRet": 0.0017505666852311145
  },
  "IWM": {
    "std30": 0.012751289323218807,
    "avgRet": 0.0008456258969844745
  },
  "SOXX": {
    "std30": 0.023848655722508445,
    "avgRet": 0.004751450608399042
  },
  "XLE": {
    "std30": 0.010406679136941184,
    "avgRet": -0.001391111856736506
  },
  "NVDA": {
    "std30": 0.0229666912329978,
    "avgRet": 0.0035002168549623253
  },
  "TSM": {
    "std30": 0.026945998858681375,
    "avgRet": 0.002404388975854423
  },
  "ASML.AS": {
    "std30": 0.021817998524654818,
    "avgRet": 0.0034979511124296645
  },
  "LMT": {
    "std30": 0.011585697894235726,
    "avgRet": -0.0007413004321379101
  },
  "MCHI": {
    "std30": 0.01610322942283049,
    "avgRet": -0.0006236610944924383
  },
  "EEM": {
    "std30": 0.012146306683821731,
    "avgRet": 0.0015489993178771893
  }
}