{
  "SPY": {
    "std30": 0.007062163673258552,
    "avgRet": 0.0008123305838287794
  },
  "QQQ": {
    "std30": 0.010382095456928732,
    "avgRet": 0.0006936745621992071
  },
  "IWM": {
    "std30": 0.012060276150207647,
    "avgRet": 0.0018708416045916721
  },
  "SOXX": {
    "std30": 0.021624789565472362,
    "avgRet": 0.0019895358930763583
  },
  "XLE": {
    "std30": 0.011813681941443645,
    "avgRet": -0.0008326306789245764
  },
  "NVDA": {
    "std30": 0.021027254855331416,
    "avgRet": -0.00045883930387474546
  },
  "TSM": {
    "std30": 0.018197805428278865,
    "avgRet": 0.002077195341895712
  },
  "ASML.AS": {
    "std30": 0.024024635005300835,
    "avgRet": 0.0022275362847553296
  },
  "LMT": {
    "std30": 0.013567208911343494,
    "avgRet": 0.0015485235854052635
  },
  "MCHI": {
    "std30": 0.009368555914350212,
    "avgRet": -0.0017789700103760376
  },
  "EEM": {
    "std30": 0.007852663656074994,
    "avgRet": -0.00023462948080476726
  }
}