{
  "SPY": {
    "std30": 0.005910857767481148,
    "avgRet": 0.001259468709860007
  },
  "QQQ": {
    "std30": 0.0071027624153497835,
    "avgRet": 0.0015713728198799915
  },
  "IWM": {
    "std30": 0.012226859957365211,
    "avgRet": 0.001217801366485546
  },
  "SOXX": {
    "std30": 0.013057013447846653,
    "avgRet": 0.00143415400122109
  },
  "XLE": {
    "std30": 0.010258688827882603,
    "avgRet": -0.00020227089080591045
  },
  "NVDA": {
    "std30": 0.015171709176599818,
    "avgRet": 0.004649545277508317
  },
  "TSM": {
    "std30": 0.018151178501207333,
    "avgRet": 0.0015893795782569078
  },
  "ASML.AS": {
    "std30": 0.023008569843193213,
    "avgRet": -0.0016751008936706799
  },
  "LMT": {
    "std30": 0.022588277841839186,
    "avgRet": -0.0021330286391141816
  },
  "MCHI": {
    "std30": 0.011394156484844237,
    "avgRet": 0.0031221623082039462
  },
  "EEM": {
    "std30": 0.00641874522376123,
    "avgRet": 0.0013367356991686701
  }
}