{
  "SPY": {
    "std30": 0.00605111311873212,
    "avgRet": 0.001867652963541805
  },
  "QQQ": {
    "std30": 0.008971170781617127,
    "avgRet": 0.0019240847570471493
  },
  "IWM": {
    "std30": 0.011320544946540926,
    "avgRet": 0.00347122525976366
  },
  "SOXX": {
    "std30": 0.019608488081303978,
    "avgRet": 0.0061432220039761044
  },
  "XLE": {
    "std30": 0.012633163272940088,
    "avgRet": 0.0022634810129760975
  },
  "NVDA": {
    "std30": 0.018243114293130778,
    "avgRet": 0.0014780405866022845
  },
  "TSM": {
    "std30": 0.019658335285925893,
    "avgRet": 0.00567675389620782
  },
  "ASML.AS": {
    "std30": 0.02704809497196329,
    "avgRet": 0.008155494242958307
  },
  "LMT": {
    "std30": 0.014851546581149093,
    "avgRet": 0.0029677411408737366
  },
  "MCHI": {
    "std30": 0.010927477561226685,
    "avgRet": 0.000915977806427194
  },
  "EEM": {
    "std30": 0.00863679666900555,
    "avgRet": 0.0023456903845425646
  }
}