{
  "SPY": {
    "std30": 0.008158608050570698,
    "avgRet": -0.00019326840905760703
  },
  "QQQ": {
    "std30": 0.011672119783828172,
    "avgRet": -0.0006280135274855801
  },
  "IWM": {
    "std30": 0.013239020344784554,
    "avgRet": 0.0007373477123280943
  },
  "SOXX": {
    "std30": 0.022251634435906727,
    "avgRet": 0.0005340735223725158
  },
  "XLE": {
    "std30": 0.09410289734037275,
    "avgRet": -0.01572742749405105
  },
  "NVDA": {
    "std30": 0.023459001363713046,
    "avgRet": -0.0037724663132615195
  },
  "TSM": {
    "std30": 0.016685375619746753,
    "avgRet": 0.00013936042591284738
  },
  "ASML.AS": {
    "std30": 0.02230734371401769,
    "avgRet": 0.0013402347253666188
  },
  "LMT": {
    "std30": 0.014787122590420074,
    "avgRet": -0.0016783590941194277
  },
  "MCHI": {
    "std30": 0.009691090617410818,
    "avgRet": -0.0020221213338252235
  },
  "EEM": {
    "std30": 0.007750514262847782,
    "avgRet": -0.0007901798061055942
  }
}