{
  "SPY": {
    "std30": 0.009325961789364986,
    "avgRet": 5.7597288221407696e-05
  },
  "QQQ": {
    "std30": 0.013100049123185726,
    "avgRet": 0.00014849938158198174
  },
  "IWM": {
    "std30": 0.01412427653795189,
    "avgRet": -0.0012313344105694172
  },
  "SOXX": {
    "std30": 0.025530809296955316,
    "avgRet": 0.00033453570019942503
  },
  "XLE": {
    "std30": 0.01103824627381743,
    "avgRet": 0.0010749002519522457
  },
  "NVDA": {
    "std30": 0.02732397539784032,
    "avgRet": 0.0012291174779310127
  },
  "TSM": {
    "std30": 0.026489188802584288,
    "avgRet": -0.0017270046754232283
  },
  "ASML.AS": {
    "std30": 0.021566709112334482,
    "avgRet": -0.000996559017286033
  },
  "LMT": {
    "std30": 0.011955953361164897,
    "avgRet": -0.003338588226151644
  },
  "MCHI": {
    "std30": 0.016060368252101102,
    "avgRet": -0.0015366790434607452
  },
  "EEM": {
    "std30": 0.012667572047169118,
    "avgRet": 0.0003991243507327721
  }
}