{
  "SPY": {
    "std30": 0.00726363922671716,
    "avgRet": 0.0006712510408345226
  },
  "QQQ": {
    "std30": 0.009742978266356922,
    "avgRet": 0.0013142086137107303
  },
  "IWM": {
    "std30": 0.012697109498272812,
    "avgRet": 0.0010877516107438566
  },
  "SOXX": {
    "std30": 0.02175770736021399,
    "avgRet": 0.004492339726970564
  },
  "XLE": {
    "std30": 0.011500206576888137,
    "avgRet": 0.0001767670235861896
  },
  "NVDA": {
    "std30": 0.020931530277251264,
    "avgRet": 0.0010442672956612934
  },
  "TSM": {
    "std30": 0.027467949651005692,
    "avgRet": 0.004606307575038736
  },
  "ASML.AS": {
    "std30": 0.025591134416379602,
    "avgRet": 0.008476426153996797
  },
  "LMT": {
    "std30": 0.011121393877350016,
    "avgRet": 0.0016119132540849286
  },
  "MCHI": {
    "std30": 0.015873275921691493,
    "avgRet": 0.00016120975940396625
  },
  "EEM": {
    "std30": 0.011257520465579944,
    "avgRet": 0.0016331349742780602
  }
}