{
  "SPY": {
    "std30": 0.008671200647475256,
    "avgRet": 0.0005585173192379692
  },
  "QQQ": {
    "std30": 0.012604915170752512,
    "avgRet": 0.0006708402455249071
  },
  "IWM": {
    "std30": 0.013535738995527485,
    "avgRet": -0.00016230379429823413
  },
  "SOXX": {
    "std30": 0.02356342970389474,
    "avgRet": 0.0016062684436622342
  },
  "XLE": {
    "std30": 0.010492952462505721,
    "avgRet": 0.0013998096437427745
  },
  "NVDA": {
    "std30": 0.026534132471105597,
    "avgRet": 0.0003955038390774743
  },
  "TSM": {
    "std30": 0.01680639813566757,
    "avgRet": -0.0001481127118534316
  },
  "ASML.AS": {
    "std30": 0.021931232717839515,
    "avgRet": 0.0029457887797229424
  },
  "LMT": {
    "std30": 0.012942602908141244,
    "avgRet": -0.003445898778934814
  },
  "MCHI": {
    "std30": 0.010430900119380106,
    "avgRet": -0.0006058179332688213
  },
  "EEM": {
    "std30": 0.008246161695330666,
    "avgRet": 2.6517284469287055e-05
  }
}