{
  "SPY": {
    "std30": 0.007620251866377679,
    "avgRet": 0.00131330587201711
  },
  "QQQ": {
    "std30": 0.010259427508647483,
    "avgRet": 0.002320581221324089
  },
  "IWM": {
    "std30": 0.0122905133527515,
    "avgRet": 0.0003535884892973866
  },
  "SOXX": {
    "std30": 0.02182567362926361,
    "avgRet": 0.005275275668433987
  },
  "XLE": {
    "std30": 0.011466768624967039,
    "avgRet": -0.0005957737559979066
  },
  "NVDA": {
    "std30": 0.022217520388774694,
    "avgRet": 0.005808340283063348
  },
  "TSM": {
    "std30": 0.027336464447084714,
    "avgRet": 0.0047551857444464935
  },
  "ASML.AS": {
    "std30": 0.021020176174799586,
    "avgRet": 0.005169637706294064
  },
  "LMT": {
    "std30": 0.011002929393444175,
    "avgRet": 0.0009011880430246328
  },
  "MCHI": {
    "std30": 0.01573462256483969,
    "avgRet": 0.0005132707743735064
  },
  "EEM": {
    "std30": 0.011344081704776573,
    "avgRet": 0.0018844210111054578
  }
}