{
  "SPY": {
    "std30": 0.008612513046003443,
    "avgRet": 0.0008496036124017783
  },
  "QQQ": {
    "std30": 0.01245030346759718,
    "avgRet": 0.0010820450616586656
  },
  "IWM": {
    "std30": 0.013667216818809827,
    "avgRet": 0.000980993220270458
  },
  "SOXX": {
    "std30": 0.02326431470382702,
    "avgRet": 0.0031792466545993285
  },
  "XLE": {
    "std30": 0.010762241414763162,
    "avgRet": 0.0015952241922658377
  },
  "NVDA": {
    "std30": 0.02660736210975447,
    "avgRet": 0.00017154591833056578
  },
  "TSM": {
    "std30": 0.016492952273142188,
    "avgRet": 0.0008439927059866201
  },
  "ASML.AS": {
    "std30": 0.02221070659136029,
    "avgRet": 0.004388644635777506
  },
  "LMT": {
    "std30": 0.013221746996141983,
    "avgRet": -0.0028925354196454684
  },
  "MCHI": {
    "std30": 0.01041521979993971,
    "avgRet": -0.0005768728926001684
  },
  "EEM": {
    "std30": 0.00824486315103511,
    "avgRet": 8.048997361156461e-05
  }
}