{
  "SPY": {
    "std30": 0.005477305432293961,
    "avgRet": 0.0005346112533753523
  },
  "QQQ": {
    "std30": 0.007045977448072452,
    "avgRet": 0.000600266311175563
  },
  "IWM": {
    "std30": 0.011344812146314262,
    "avgRet": 0.0015055723288118657
  },
  "SOXX": {
    "std30": 0.01340025261479919,
    "avgRet": 0.0015824986375959867
  },
  "XLE": {
    "std30": 0.010400129485350787,
    "avgRet": 0.0021401942954695067
  },
  "NVDA": {
    "std30": 0.0194415014199929,
    "avgRet": -0.0010222794216378295
  },
  "TSM": {
    "std30": 0.019272037888345122,
    "avgRet": 0.004653456060535799
  },
  "ASML.AS": {
    "std30": 0.022458987791831548,
    "avgRet": 0.0078889237396665
  },
  "LMT": {
    "std30": 0.008039333996554723,
    "avgRet": 0.0036100840735283786
  },
  "MCHI": {
    "std30": 0.012289093375385555,
    "avgRet": 0.003013012228914664
  },
  "EEM": {
    "std30": 0.00682919447170874,
    "avgRet": 0.001894364576279772
  }
}