{
  "SPY": {
    "std30": 0.00608424115053492,
    "avgRet": 0.00046806139443134054
  },
  "QQQ": {
    "std30": 0.008061996287719921,
    "avgRet": 1.873859080436036e-06
  },
  "IWM": {
    "std30": 0.009290648757923662,
    "avgRet": 0.001652409956752934
  },
  "SOXX": {
    "std30": 0.018430621278469207,
    "avgRet": 0.005080675606047142
  },
  "XLE": {
    "std30": 0.014179250897544434,
    "avgRet": 0.005844952500101373
  },
  "NVDA": {
    "std30": 0.017028366416696562,
    "avgRet": 1.6758576626671556e-05
  },
  "TSM": {
    "std30": 0.02063694632028763,
    "avgRet": 0.005394513979317921
  },
  "ASML.AS": {
    "std30": 0.02840775478315144,
    "avgRet": 0.01004731025064546
  },
  "LMT": {
    "std30": 0.020020423971878542,
    "avgRet": 0.009946118148297121
  },
  "MCHI": {
    "std30": 0.01360491407831454,
    "avgRet": 0.00033823413492524386
  },
  "EEM": {
    "std30": 0.009596226970188667,
    "avgRet": 0.003632471731562869
  }
}