{
  "SPY": {
    "std30": 0.004246123203091029,
    "avgRet": 0.0012650745318045276
  },
  "QQQ": {
    "std30": 0.005373928260796905,
    "avgRet": 0.0018476709140736046
  },
  "IWM": {
    "std30": 0.008425271941324378,
    "avgRet": 0.0016152991693703942
  },
  "SOXX": {
    "std30": 0.011455136009235058,
    "avgRet": 0.004099947436686176
  },
  "XLE": {
    "std30": 0.010852575791705926,
    "avgRet": 0.0003569695709920717
  },
  "NVDA": {
    "std30": 0.018929590023250686,
    "avgRet": 0.0019910335306860664
  },
  "TSM": {
    "std30": 0.017252189406884434,
    "avgRet": 0.007980370156907293
  },
  "ASML.AS": {
    "std30": 0.02160861218651972,
    "avgRet": 0.01106874840769506
  },
  "LMT": {
    "std30": 0.008302697351302787,
    "avgRet": 0.004275896129584119
  },
  "MCHI": {
    "std30": 0.01203768206244473,
    "avgRet": 0.002755578163060655
  },
  "EEM": {
    "std30": 0.00564322891908454,
    "avgRet": 0.0023867536231164128
  }
}