{
  "SPY": {
    "std30": 0.006196196877698941,
    "avgRet": 0.0013624297362145532
  },
  "QQQ": {
    "std30": 0.0073799465912122485,
    "avgRet": 0.0020197457664833766
  },
  "IWM": {
    "std30": 0.011808130052322315,
    "avgRet": 0.001304596016198528
  },
  "SOXX": {
    "std30": 0.012800601565643926,
    "avgRet": 0.0017753040825496248
  },
  "XLE": {
    "std30": 0.01083959612813897,
    "avgRet": -7.482444655160619e-05
  },
  "NVDA": {
    "std30": 0.015435609365314969,
    "avgRet": 0.00620336195004855
  },
  "TSM": {
    "std30": 0.01978697035669362,
    "avgRet": 0.003001666259038121
  },
  "ASML.AS": {
    "std30": 0.022671430028261563,
    "avgRet": -0.001976488559360945
  },
  "LMT": {
    "std30": 0.021956373354373036,
    "avgRet": -0.0027966884907281893
  },
  "MCHI": {
    "std30": 0.009268967933413324,
    "avgRet": 0.002152060470777103
  },
  "EEM": {
    "std30": 0.006320711722685688,
    "avgRet": 0.0011326350317530586
  }
}