{
  "SPY": {
    "std30": 0.008061242422528035,
    "avgRet": -0.00035809251980951104
  },
  "QQQ": {
    "std30": 0.010770840169173984,
    "avgRet": -0.0010238977875739923
  },
  "IWM": {
    "std30": 0.01216157046978216,
    "avgRet": 0.000311590944421998
  },
  "SOXX": {
    "std30": 0.020821452730872717,
    "avgRet": 0.003378722267153254
  },
  "XLE": {
    "std30": 0.013211343741752068,
    "avgRet": 0.00607213528054288
  },
  "NVDA": {
    "std30": 0.02354276567976235,
    "avgRet": 0.0016932872112480853
  },
  "TSM": {
    "std30": 0.02335753986712504,
    "avgRet": 0.005473156150102346
  },
  "ASML.AS": {
    "std30": 0.022776902466942913,
    "avgRet": 0.0056387241209519675
  },
  "LMT": {
    "std30": 0.017025964922984724,
    "avgRet": 0.006600569181199602
  },
  "MCHI": {
    "std30": 0.011122784369275003,
    "avgRet": -0.0020540408648401865
  },
  "EEM": {
    "std30": 0.011317400395281948,
    "avgRet": 0.0027437457797945494
  }
}