{
  "SPY": {
    "std30": 0.005877380094255657,
    "avgRet": 0.0017046724350457494
  },
  "QQQ": {
    "std30": 0.009002943012205994,
    "avgRet": 0.001964970332462135
  },
  "IWM": {
    "std30": 0.010441850820662329,
    "avgRet": 0.0029477736999684438
  },
  "SOXX": {
    "std30": 0.020229680985015056,
    "avgRet": 0.006900063476724216
  },
  "XLE": {
    "std30": 0.013603296857282343,
    "avgRet": 0.0011039096409565126
  },
  "NVDA": {
    "std30": 0.01811233235618808,
    "avgRet": 0.001769882058370062
  },
  "TSM": {
    "std30": 0.019422237673476592,
    "avgRet": 0.006188634902737658
  },
  "ASML.AS": {
    "std30": 0.026639439187232383,
    "avgRet": 0.00906706323002284
  },
  "LMT": {
    "std30": 0.015033584882104496,
    "avgRet": 0.004420362655116626
  },
  "MCHI": {
    "std30": 0.010979020111975112,
    "avgRet": 0.0010678896264489158
  },
  "EEM": {
    "std30": 0.008719487780788121,
    "avgRet": 0.0026619741155291033
  }
}