{
  "SPY": {
    "std30": 0.004279099835871276,
    "avgRet": 0.0014170785632605998
  },
  "QQQ": {
    "std30": 0.005251437622214861,
    "avgRet": 0.0020201615594447942
  },
  "IWM": {
    "std30": 0.008785958795666652,
    "avgRet": 0.0019141723538747756
  },
  "SOXX": {
    "std30": 0.01129149672794738,
    "avgRet": 0.0045394131736604245
  },
  "XLE": {
    "std30": 0.010883549357717128,
    "avgRet": 0.0004135050752887808
  },
  "NVDA": {
    "std30": 0.018855467291776694,
    "avgRet": 0.0023192668940192206
  },
  "TSM": {
    "std30": 0.017571727500176194,
    "avgRet": 0.008417224375662337
  },
  "ASML.AS": {
    "std30": 0.02159980046178592,
    "avgRet": 0.01108966895880597
  },
  "LMT": {
    "std30": 0.008307945053389712,
    "avgRet": 0.0042828015202082586
  },
  "MCHI": {
    "std30": 0.011992641881030677,
    "avgRet": 0.002817347547065476
  },
  "EEM": {
    "std30": 0.005656458312979195,
    "avgRet": 0.0024409617696442183
  }
}