{
  "SPY": {
    "std30": 0.008346446266021506,
    "avgRet": -0.0008985936346323095
  },
  "QQQ": {
    "std30": 0.011103562847510481,
    "avgRet": -0.000690458383053701
  },
  "IWM": {
    "std30": 0.013462104587267737,
    "avgRet": -0.0016403980681285687
  },
  "SOXX": {
    "std30": 0.0240781891767122,
    "avgRet": -0.00032753695509653627
  },
  "XLE": {
    "std30": 0.012089665015880295,
    "avgRet": 0.00447562249443406
  },
  "NVDA": {
    "std30": 0.02576208917629231,
    "avgRet": 0.000823315524667094
  },
  "TSM": {
    "std30": 0.025374895721161098,
    "avgRet": 0.0013368079625813798
  },
  "ASML.AS": {
    "std30": 0.02615398441920132,
    "avgRet": -0.00011801709163216445
  },
  "LMT": {
    "std30": 0.017734662694954644,
    "avgRet": 0.0005616837952137154
  },
  "MCHI": {
    "std30": 0.012413784219095184,
    "avgRet": -0.0014304692714078209
  },
  "EEM": {
    "std30": 0.01713226497138661,
    "avgRet": -0.00034634969265633325
  }
}