{
  "SPY": {
    "std30": 0.0062644879455333565,
    "avgRet": -8.282335143155442e-05
  },
  "QQQ": {
    "std30": 0.009154199717176638,
    "avgRet": -0.000937947693306447
  },
  "IWM": {
    "std30": 0.009944769309313645,
    "avgRet": 0.0005736226642089978
  },
  "SOXX": {
    "std30": 0.02210214181522032,
    "avgRet": 0.0024971583900856853
  },
  "XLE": {
    "std30": 0.014288259600670265,
    "avgRet": 0.00604855203054307
  },
  "NVDA": {
    "std30": 0.01840941578844717,
    "avgRet": -0.0019192977100953004
  },
  "TSM": {
    "std30": 0.022641142205010883,
    "avgRet": 0.0032889539469032596
  },
  "ASML.AS": {
    "std30": 0.03086733057035937,
    "avgRet": 0.00810788462605144
  },
  "LMT": {
    "std30": 0.02113758668961494,
    "avgRet": 0.008281764843646802
  },
  "MCHI": {
    "std30": 0.013948475328462044,
    "avgRet": -0.00039133388746420504
  },
  "EEM": {
    "std30": 0.0102963546517486,
    "avgRet": 0.0028735372442721873
  }
}