{
  "SPY": {
    "std30": 0.0077475079285311745,
    "avgRet": -0.000327276138302202
  },
  "QQQ": {
    "std30": 0.010456429026475297,
    "avgRet": -0.001205691561525624
  },
  "IWM": {
    "std30": 0.01193133189696213,
    "avgRet": 0.0009904181178868848
  },
  "SOXX": {
    "std30": 0.02164262734891347,
    "avgRet": 0.0030689636850694583
  },
  "XLE": {
    "std30": 0.014025611107433042,
    "avgRet": 0.006997772932332169
  },
  "NVDA": {
    "std30": 0.023849165226910482,
    "avgRet": -0.0002619256683194879
  },
  "TSM": {
    "std30": 0.02238453760259052,
    "avgRet": 0.004320123397692821
  },
  "ASML.AS": {
    "std30": 0.02642806625796217,
    "avgRet": 0.0060216839449896324
  },
  "LMT": {
    "std30": 0.019153019577016504,
    "avgRet": 0.010156248729552408
  },
  "MCHI": {
    "std30": 0.012894790762220236,
    "avgRet": -0.000680217053373595
  },
  "EEM": {
    "std30": 0.010477941563602993,
    "avgRet": 0.0023662072002424333
  }
}