{
  "SPY": {
    "std30": 0.009326879590038542,
    "avgRet": 4.066479857075418e-05
  },
  "QQQ": {
    "std30": 0.013099532837444281,
    "avgRet": 0.00012469471586750886
  },
  "IWM": {
    "std30": 0.0141159383405921,
    "avgRet": -0.0012619158511300097
  },
  "SOXX": {
    "std30": 0.02553901365907844,
    "avgRet": 0.0002844881550315129
  },
  "XLE": {
    "std30": 0.011035399686650146,
    "avgRet": 0.0010729947060514583
  },
  "NVDA": {
    "std30": 0.02729532681755257,
    "avgRet": 0.0011829829940651702
  },
  "TSM": {
    "std30": 0.02647485553724345,
    "avgRet": -0.0017618295733923836
  },
  "ASML.AS": {
    "std30": 0.02160419632808343,
    "avgRet": -0.001059025332811421
  },
  "LMT": {
    "std30": 0.012025206985652289,
    "avgRet": -0.003307195564469977
  },
  "MCHI": {
    "std30": 0.016093853048519416,
    "avgRet": -0.0015741254149073546
  },
  "EEM": {
    "std30": 0.012666979777323381,
    "avgRet": 0.00036459764903719853
  }
}