{
  "SPY": {
    "std30": 0.007952441825494743,
    "avgRet": 0.0008590818741204685
  },
  "QQQ": {
    "std30": 0.010724929082987415,
    "avgRet": 0.00155995997075908
  },
  "IWM": {
    "std30": 0.012301556959686216,
    "avgRet": 0.00033755040177701844
  },
  "SOXX": {
    "std30": 0.02200162050599073,
    "avgRet": 0.005028974263640799
  },
  "XLE": {
    "std30": 0.01125591836750499,
    "avgRet": -0.00034209977706434956
  },
  "NVDA": {
    "std30": 0.022725769477204182,
    "avgRet": 0.0050330199175000175
  },
  "TSM": {
    "std30": 0.027181402616054427,
    "avgRet": 0.005027748230623042
  },
  "ASML.AS": {
    "std30": 0.02102061026808801,
    "avgRet": 0.005156414296265317
  },
  "LMT": {
    "std30": 0.011095178232895676,
    "avgRet": 0.0012626067318088447
  },
  "MCHI": {
    "std30": 0.01604005050670568,
    "avgRet": 9.390843800357481e-05
  },
  "EEM": {
    "std30": 0.011547502286346666,
    "avgRet": 0.0016052250544402581
  }
}