{
  "SPY": {
    "std30": 0.0086827602451427,
    "avgRet": 0.00047142820920633403
  },
  "QQQ": {
    "std30": 0.012539518005092601,
    "avgRet": 0.000364669244707832
  },
  "IWM": {
    "std30": 0.013577729358354974,
    "avgRet": -0.000283893609607681
  },
  "SOXX": {
    "std30": 0.02332998728813087,
    "avgRet": 0.000743151884894902
  },
  "XLE": {
    "std30": 0.010133411504861177,
    "avgRet": 0.0017374181316718268
  },
  "NVDA": {
    "std30": 0.02648565329185683,
    "avgRet": -0.00025407801311265514
  },
  "TSM": {
    "std30": 0.016600697179430805,
    "avgRet": -0.0009829315630582754
  },
  "ASML.AS": {
    "std30": 0.02200988478934462,
    "avgRet": 0.0017379633748854707
  },
  "LMT": {
    "std30": 0.013967193204315376,
    "avgRet": -0.004804503054630113
  },
  "MCHI": {
    "std30": 0.01052616809734361,
    "avgRet": -0.0007542387588316536
  },
  "EEM": {
    "std30": 0.008501160221184205,
    "avgRet": -0.0003787125791108909
  }
}