{
  "SPY": {
    "std30": 0.0060571481532611235,
    "avgRet": 8.620732763670227e-05
  },
  "QQQ": {
    "std30": 0.008655532255161937,
    "avgRet": -0.0007212139463798712
  },
  "IWM": {
    "std30": 0.009293474594423473,
    "avgRet": 0.0009731414831922594
  },
  "SOXX": {
    "std30": 0.02048573884701952,
    "avgRet": 0.003094750463161521
  },
  "XLE": {
    "std30": 0.014491129947104772,
    "avgRet": 0.006262108886719202
  },
  "NVDA": {
    "std30": 0.017906729842498487,
    "avgRet": -0.0016735932361705678
  },
  "TSM": {
    "std30": 0.02154992519374951,
    "avgRet": 0.003849716008166005
  },
  "ASML.AS": {
    "std30": 0.029894872666997155,
    "avgRet": 0.008614054013203584
  },
  "LMT": {
    "std30": 0.02199928741482036,
    "avgRet": 0.00785996495188224
  },
  "MCHI": {
    "std30": 0.013785045590858221,
    "avgRet": -0.00023876730191794073
  },
  "EEM": {
    "std30": 0.010095970768266894,
    "avgRet": 0.0029834655016200205
  }
}