{
  "SPY": {
    "std30": 0.004977727812302754,
    "avgRet": 0.0017935880509707977
  },
  "QQQ": {
    "std30": 0.005803435946738721,
    "avgRet": 0.002524818932634469
  },
  "IWM": {
    "std30": 0.010908629500264146,
    "avgRet": 0.0027101384616063547
  },
  "SOXX": {
    "std30": 0.012085751039371706,
    "avgRet": 0.005269261635032799
  },
  "XLE": {
    "std30": 0.01144259455971656,
    "avgRet": 0.0008763057579494758
  },
  "NVDA": {
    "std30": 0.01905716331972048,
    "avgRet": 0.002816049247954648
  },
  "TSM": {
    "std30": 0.017502942366825185,
    "avgRet": 0.008350593188638388
  },
  "ASML.AS": {
    "std30": 0.021719937099760417,
    "avgRet": 0.011914011194118761
  },
  "LMT": {
    "std30": 0.008304941528371648,
    "avgRet": 0.003844541454115345
  },
  "MCHI": {
    "std30": 0.012651310983635235,
    "avgRet": 0.003884364754986367
  },
  "EEM": {
    "std30": 0.006518261785711743,
    "avgRet": 0.0029724248927160165
  }
}