{
  "SPY": {
    "std30": 0.008668183083287009,
    "avgRet": 0.0004941344843629889
  },
  "QQQ": {
    "std30": 0.012530200436182904,
    "avgRet": 0.0003919547541533498
  },
  "IWM": {
    "std30": 0.013560439792453213,
    "avgRet": -0.00026587246942400385
  },
  "SOXX": {
    "std30": 0.023329890635936282,
    "avgRet": 0.0007257210909571049
  },
  "XLE": {
    "std30": 0.010155166619275374,
    "avgRet": 0.0017660108005115344
  },
  "NVDA": {
    "std30": 0.026531445996012055,
    "avgRet": -0.00017907314266652312
  },
  "TSM": {
    "std30": 0.016644884702736937,
    "avgRet": -0.0010462167877917936
  },
  "ASML.AS": {
    "std30": 0.021988880091769827,
    "avgRet": 0.0017200713774879444
  },
  "LMT": {
    "std30": 0.013874170629274348,
    "avgRet": -0.004770235690867365
  },
  "MCHI": {
    "std30": 0.010536992883425167,
    "avgRet": -0.0007403791291609634
  },
  "EEM": {
    "std30": 0.008500579575933339,
    "avgRet": -0.0003691904624078286
  }
}