{
  "SPY": {
    "std30": 0.007832323948891414,
    "avgRet": -2.7021261156083983e-06
  },
  "QQQ": {
    "std30": 0.010562553979561245,
    "avgRet": -0.0007205249309952618
  },
  "IWM": {
    "std30": 0.012291047474389971,
    "avgRet": 0.0019020952158387398
  },
  "SOXX": {
    "std30": 0.023275729462819684,
    "avgRet": 0.005598404802160209
  },
  "XLE": {
    "std30": 0.015929397457178956,
    "avgRet": 0.006633816110437972
  },
  "NVDA": {
    "std30": 0.02332095786682177,
    "avgRet": 0.0003511828813006835
  },
  "TSM": {
    "std30": 0.024431607282855216,
    "avgRet": 0.006918151086171006
  },
  "ASML.AS": {
    "std30": 0.03122355734425238,
    "avgRet": 0.009942107825689241
  },
  "LMT": {
    "std30": 0.022247124334793426,
    "avgRet": 0.0098034549585509
  },
  "MCHI": {
    "std30": 0.014741284055262175,
    "avgRet": 0.00039305708229776944
  },
  "EEM": {
    "std30": 0.011555752797693936,
    "avgRet": 0.0037443976865014885
  }
}