{
  "SPY": {
    "std30": 0.008533623532921007,
    "avgRet": 5.094772311250707e-05
  },
  "QQQ": {
    "std30": 0.012329573015679014,
    "avgRet": 0.0002554501880307748
  },
  "IWM": {
    "std30": 0.01321287950440038,
    "avgRet": -0.00040705036954305783
  },
  "SOXX": {
    "std30": 0.025606848251833684,
    "avgRet": 0.002555397274679629
  },
  "XLE": {
    "std30": 0.010056591871686107,
    "avgRet": -0.000435350254535254
  },
  "NVDA": {
    "std30": 0.024497455246518935,
    "avgRet": 0.00047286934799793917
  },
  "TSM": {
    "std30": 0.027551128976982437,
    "avgRet": 0.0013841930326675919
  },
  "ASML.AS": {
    "std30": 0.022568124811148407,
    "avgRet": 0.0016931427472690992
  },
  "LMT": {
    "std30": 0.011985731516587267,
    "avgRet": -0.0023246284793170067
  },
  "MCHI": {
    "std30": 0.01592833008474353,
    "avgRet": -0.0011723608031481254
  },
  "EEM": {
    "std30": 0.012358832505438025,
    "avgRet": 0.0006656171273529783
  }
}