{
  "SPY": {
    "std30": 0.0054416138568285375,
    "avgRet": 0.0017253916353596934
  },
  "QQQ": {
    "std30": 0.0070552669461263415,
    "avgRet": 0.0018915314732523261
  },
  "IWM": {
    "std30": 0.01186204702479316,
    "avgRet": 0.002559027619352817
  },
  "SOXX": {
    "std30": 0.013159519295213234,
    "avgRet": 0.0027048332673028333
  },
  "XLE": {
    "std30": 0.00944572916504512,
    "avgRet": 0.0015048962067987532
  },
  "NVDA": {
    "std30": 0.01508623805635295,
    "avgRet": -0.0002288316639344115
  },
  "TSM": {
    "std30": 0.01853856439724441,
    "avgRet": 0.0044790255993685055
  },
  "ASML.AS": {
    "std30": 0.01972936211517173,
    "avgRet": 0.00848109112537841
  },
  "LMT": {
    "std30": 0.009993023663320607,
    "avgRet": 0.0036387637281975528
  },
  "MCHI": {
    "std30": 0.013310751674518114,
    "avgRet": 0.0038116303193655
  },
  "EEM": {
    "std30": 0.007456891495786409,
    "avgRet": 0.00277430713552911
  }
}