{
  "SPY": {
    "std30": 0.008260883301730425,
    "avgRet": -0.00023321507125568643
  },
  "QQQ": {
    "std30": 0.011187957307709566,
    "avgRet": -0.0006780025463410293
  },
  "IWM": {
    "std30": 0.012601629198459266,
    "avgRet": -0.00017754278286771498
  },
  "SOXX": {
    "std30": 0.021700173166878715,
    "avgRet": 0.0011830183827812543
  },
  "XLE": {
    "std30": 0.012945334373193292,
    "avgRet": 0.0062730287143828636
  },
  "NVDA": {
    "std30": 0.027190903593383837,
    "avgRet": -0.0003457164591937211
  },
  "TSM": {
    "std30": 0.023024281950640824,
    "avgRet": 0.0028480079712868986
  },
  "ASML.AS": {
    "std30": 0.02270961344316352,
    "avgRet": 0.0018614885458850395
  },
  "LMT": {
    "std30": 0.018674741739598953,
    "avgRet": 0.005354623006718843
  },
  "MCHI": {
    "std30": 0.01149876446011991,
    "avgRet": -0.0022191408410676032
  },
  "EEM": {
    "std30": 0.012050797462724394,
    "avgRet": 0.0021644006805532894
  }
}