{
  "SPY": {
    "std30": 0.004202097635499916,
    "avgRet": 0.001266729728731109
  },
  "QQQ": {
    "std30": 0.0055553751649574405,
    "avgRet": 0.001886084827953574
  },
  "IWM": {
    "std30": 0.008352043283518655,
    "avgRet": 0.0014588756329522207
  },
  "SOXX": {
    "std30": 0.013331149835781647,
    "avgRet": 0.004118870485336844
  },
  "XLE": {
    "std30": 0.010873399051974836,
    "avgRet": 0.0005462957656134915
  },
  "NVDA": {
    "std30": 0.01893315179062262,
    "avgRet": 0.0007873520392764133
  },
  "TSM": {
    "std30": 0.019164679326314188,
    "avgRet": 0.007387934803955985
  },
  "ASML.AS": {
    "std30": 0.023468310029667597,
    "avgRet": 0.00970395325573237
  },
  "LMT": {
    "std30": 0.008647207111635266,
    "avgRet": 0.004016167751817897
  },
  "MCHI": {
    "std30": 0.012353660263659664,
    "avgRet": 0.0023447046262414363
  },
  "EEM": {
    "std30": 0.005691740010052148,
    "avgRet": 0.002566443696525765
  }
}