{
  "SPY": {
    "std30": 0.008167777842135267,
    "avgRet": 0.0007624399503480357
  },
  "QQQ": {
    "std30": 0.011363065605298473,
    "avgRet": 0.0013774898031220803
  },
  "IWM": {
    "std30": 0.012617796008681135,
    "avgRet": 1.9844531300144388e-05
  },
  "SOXX": {
    "std30": 0.023361961302907415,
    "avgRet": 0.0035867235676712325
  },
  "XLE": {
    "std30": 0.010560861279968473,
    "avgRet": -0.0011689427939593278
  },
  "NVDA": {
    "std30": 0.022604811743015957,
    "avgRet": 0.0042479364042027155
  },
  "TSM": {
    "std30": 0.027119749944776703,
    "avgRet": 0.0019549620623193265
  },
  "ASML.AS": {
    "std30": 0.02173750523270968,
    "avgRet": 0.003136410689181732
  },
  "LMT": {
    "std30": 0.010679941695707119,
    "avgRet": -3.490880090688312e-05
  },
  "MCHI": {
    "std30": 0.015985579851962695,
    "avgRet": -0.0008766096343038809
  },
  "EEM": {
    "std30": 0.01213441396171452,
    "avgRet": 0.0010384726251455474
  }
}