{
  "SPY": {
    "std30": 0.0077746474956814,
    "avgRet": -0.00016518497490018377
  },
  "QQQ": {
    "std30": 0.010546882414329939,
    "avgRet": -0.0007986452209839554
  },
  "IWM": {
    "std30": 0.012090319481674328,
    "avgRet": 0.0014607767349609263
  },
  "SOXX": {
    "std30": 0.021702995791327537,
    "avgRet": 0.003489037271055417
  },
  "XLE": {
    "std30": 0.014235806766776967,
    "avgRet": 0.006098653977915084
  },
  "NVDA": {
    "std30": 0.02421546624072038,
    "avgRet": 0.0007986353642188348
  },
  "TSM": {
    "std30": 0.022956882907092527,
    "avgRet": 0.004350760948205312
  },
  "ASML.AS": {
    "std30": 0.02608224938205191,
    "avgRet": 0.005844391787723305
  },
  "LMT": {
    "std30": 0.021861774440618546,
    "avgRet": 0.008209726229991231
  },
  "MCHI": {
    "std30": 0.013116918799613861,
    "avgRet": -0.0008022797003191088
  },
  "EEM": {
    "std30": 0.010566075173194606,
    "avgRet": 0.002457389700593592
  }
}