{
  "SPY": {
    "std30": 0.006743134025224463,
    "avgRet": 0.0005288487187625872
  },
  "QQQ": {
    "std30": 0.00861207428134173,
    "avgRet": 0.00041662093484691416
  },
  "IWM": {
    "std30": 0.012884186969494275,
    "avgRet": 0.0011314681947240562
  },
  "SOXX": {
    "std30": 0.014725285026827954,
    "avgRet": 5.344167599182655e-05
  },
  "XLE": {
    "std30": 0.009485832997855454,
    "avgRet": 0.000704721850975656
  },
  "NVDA": {
    "std30": 0.015764546574643473,
    "avgRet": 8.798366820754897e-05
  },
  "TSM": {
    "std30": 0.017792046298118275,
    "avgRet": -0.0011538460896249154
  },
  "ASML.AS": {
    "std30": 0.017773160138327762,
    "avgRet": 0.0010967526574314499
  },
  "LMT": {
    "std30": 0.008636917637730704,
    "avgRet": 0.002395667340040647
  },
  "MCHI": {
    "std30": 0.012505009648354645,
    "avgRet": 0.0012601269259280405
  },
  "EEM": {
    "std30": 0.007363767323363739,
    "avgRet": 8.128316889281065e-05
  }
}