{
  "SPY": {
    "std30": 0.008434592873990045,
    "avgRet": -0.0010031673708402744
  },
  "QQQ": {
    "std30": 0.01067898535700007,
    "avgRet": -0.00030541449138568887
  },
  "IWM": {
    "std30": 0.013325537825691212,
    "avgRet": -0.0013366995708010468
  },
  "SOXX": {
    "std30": 0.022610217753888464,
    "avgRet": 0.000996252047488739
  },
  "XLE": {
    "std30": 0.011457917276464466,
    "avgRet": 0.0045714477782744355
  },
  "NVDA": {
    "std30": 0.024894661522484682,
    "avgRet": 0.001709991699362582
  },
  "TSM": {
    "std30": 0.02504409028093811,
    "avgRet": 0.0006478628380023103
  },
  "ASML.AS": {
    "std30": 0.025448892714036456,
    "avgRet": 0.0003276817656671285
  },
  "LMT": {
    "std30": 0.015953818570810126,
    "avgRet": 0.0016269202023021013
  },
  "MCHI": {
    "std30": 0.012878504638773578,
    "avgRet": -0.0019835662584486934
  },
  "EEM": {
    "std30": 0.017403550496374286,
    "avgRet": -0.0007110267574454834
  }
}