{
  "SPY": {
    "std30": 0.0062898205122063,
    "avgRet": 0.00042888958694512977
  },
  "QQQ": {
    "std30": 0.008284562551271848,
    "avgRet": 0.000270793520103178
  },
  "IWM": {
    "std30": 0.012266867610792008,
    "avgRet": -6.442836381872562e-05
  },
  "SOXX": {
    "std30": 0.013799260110507664,
    "avgRet": -0.0010619883792536997
  },
  "XLE": {
    "std30": 0.008757553470037736,
    "avgRet": -0.0012629422353856044
  },
  "NVDA": {
    "std30": 0.01796082660514299,
    "avgRet": 0.0012777839882736064
  },
  "TSM": {
    "std30": 0.020289623554871634,
    "avgRet": -0.0006012231316370914
  },
  "ASML.AS": {
    "std30": 0.022860806358726383,
    "avgRet": -0.0025162669768185424
  },
  "LMT": {
    "std30": 0.022611453749419003,
    "avgRet": -0.001229893678259155
  },
  "MCHI": {
    "std30": 0.011227037925135365,
    "avgRet": 0.002830773511242268
  },
  "EEM": {
    "std30": 0.006794199000762426,
    "avgRet": 0.0007553375016612926
  }
}