{
  "SPY": {
    "std30": 0.008099564034469252,
    "avgRet": 0.00017749686571381592
  },
  "QQQ": {
    "std30": 0.011678537678438667,
    "avgRet": -0.00036737962115125216
  },
  "IWM": {
    "std30": 0.013340263085183456,
    "avgRet": 0.0014428815926797781
  },
  "SOXX": {
    "std30": 0.023058606162292716,
    "avgRet": 0.0003471581788368579
  },
  "XLE": {
    "std30": 0.09418033980846081,
    "avgRet": -0.015363645210006358
  },
  "NVDA": {
    "std30": 0.024178195327978918,
    "avgRet": -0.004485302416579847
  },
  "TSM": {
    "std30": 0.01820864815925243,
    "avgRet": -0.00020676022459033798
  },
  "ASML.AS": {
    "std30": 0.02265202042131161,
    "avgRet": 0.0009280184846561062
  },
  "LMT": {
    "std30": 0.014773058170865631,
    "avgRet": -0.0010012689564923218
  },
  "MCHI": {
    "std30": 0.009456389082318882,
    "avgRet": -0.0017048870153169218
  },
  "EEM": {
    "std30": 0.008094927253429102,
    "avgRet": -0.0005516181001661981
  }
}