{
  "SPY": {
    "std30": 0.0067572194642182715,
    "avgRet": 0.0008361090331822583
  },
  "QQQ": {
    "std30": 0.008513017495357026,
    "avgRet": 0.0003629143669362626
  },
  "IWM": {
    "std30": 0.013174326166482921,
    "avgRet": 0.00207715860150561
  },
  "SOXX": {
    "std30": 0.014816810044492562,
    "avgRet": -0.00010541593994485325
  },
  "XLE": {
    "std30": 0.00877042923397981,
    "avgRet": 0.002000784500151551
  },
  "NVDA": {
    "std30": 0.01667953026340695,
    "avgRet": 0.0006530859229345713
  },
  "TSM": {
    "std30": 0.018241685719218245,
    "avgRet": -0.0008984605007976709
  },
  "ASML.AS": {
    "std30": 0.017330895102543896,
    "avgRet": 0.0014652835349723242
  },
  "LMT": {
    "std30": 0.02258388089682617,
    "avgRet": -5.964001977268606e-05
  },
  "MCHI": {
    "std30": 0.012726397887134946,
    "avgRet": 0.002073164815120497
  },
  "EEM": {
    "std30": 0.007604305869323859,
    "avgRet": 0.00029801388460458237
  }
}