{
  "SPY": {
    "std30": 0.006902222137306136,
    "avgRet": 0.0005853377048846047
  },
  "QQQ": {
    "std30": 0.008757879762011062,
    "avgRet": 0.0006431516354465467
  },
  "IWM": {
    "std30": 0.012739288003858155,
    "avgRet": 0.0020440385595746364
  },
  "SOXX": {
    "std30": 0.014657456321042423,
    "avgRet": 0.0003987120375096068
  },
  "XLE": {
    "std30": 0.010008796774010262,
    "avgRet": -0.0004958083141625196
  },
  "NVDA": {
    "std30": 0.016138919997949964,
    "avgRet": -0.0012672646835119844
  },
  "TSM": {
    "std30": 0.018952947152844277,
    "avgRet": 0.0006364712768152667
  },
  "ASML.AS": {
    "std30": 0.018491351944314532,
    "avgRet": 0.0030551237695656494
  },
  "LMT": {
    "std30": 0.009644084893475928,
    "avgRet": 0.0030417608630548885
  },
  "MCHI": {
    "std30": 0.013342546356842904,
    "avgRet": 0.0019958679889133953
  },
  "EEM": {
    "std30": 0.007533515129432875,
    "avgRet": 0.0011070700596472558
  }
}