{
  "SPY": {
    "std30": 0.004288594273708815,
    "avgRet": 0.0013937832251821364
  },
  "QQQ": {
    "std30": 0.00583203748019552,
    "avgRet": 0.002228395434517594
  },
  "IWM": {
    "std30": 0.008450917661578055,
    "avgRet": 0.0015704467448748585
  },
  "SOXX": {
    "std30": 0.014439715042715679,
    "avgRet": 0.005229438749661795
  },
  "XLE": {
    "std30": 0.010735337808967713,
    "avgRet": -4.0993142907546615e-05
  },
  "NVDA": {
    "std30": 0.019333238106320632,
    "avgRet": 0.0015780586638345822
  },
  "TSM": {
    "std30": 0.019839547821498625,
    "avgRet": 0.008535827805741409
  },
  "ASML.AS": {
    "std30": 0.0238938168618407,
    "avgRet": 0.008898208334157179
  },
  "LMT": {
    "std30": 0.008569610631997819,
    "avgRet": 0.004290161892490839
  },
  "MCHI": {
    "std30": 0.011092559489729887,
    "avgRet": 0.0034077418155925424
  },
  "EEM": {
    "std30": 0.00553065326650966,
    "avgRet": 0.0030467550911318403
  }
}