{
  "SPY": {
    "std30": 0.006888341011041703,
    "avgRet": 0.0009843151310027375
  },
  "QQQ": {
    "std30": 0.00877264447506207,
    "avgRet": 0.0008314069156687726
  },
  "IWM": {
    "std30": 0.012645175685126207,
    "avgRet": 0.0023312088636081394
  },
  "SOXX": {
    "std30": 0.014943528114913661,
    "avgRet": 0.0008170834624245144
  },
  "XLE": {
    "std30": 0.00974893407883383,
    "avgRet": 0.0004682661783058765
  },
  "NVDA": {
    "std30": 0.01735237985885728,
    "avgRet": -0.0001811935959071043
  },
  "TSM": {
    "std30": 0.020489515161193888,
    "avgRet": 0.002683685819264542
  },
  "ASML.AS": {
    "std30": 0.018590027287010053,
    "avgRet": 0.0034547939627694755
  },
  "LMT": {
    "std30": 0.009718814837878764,
    "avgRet": 0.0033997860718322876
  },
  "MCHI": {
    "std30": 0.013369185564419924,
    "avgRet": 0.0027815244931768393
  },
  "EEM": {
    "std30": 0.0075877599710665765,
    "avgRet": 0.0019384728542937693
  }
}