{
  "SPY": {
    "std30": 0.006003959116385437,
    "avgRet": 0.0010541399974296753
  },
  "QQQ": {
    "std30": 0.008175935557849099,
    "avgRet": 0.001244049721073289
  },
  "IWM": {
    "std30": 0.009286884728899776,
    "avgRet": 0.0017311726523558792
  },
  "SOXX": {
    "std30": 0.018349031241948456,
    "avgRet": 0.006874414568437289
  },
  "XLE": {
    "std30": 0.01295889896680649,
    "avgRet": 0.004903770804830506
  },
  "NVDA": {
    "std30": 0.016793570468788113,
    "avgRet": 0.004021416203926548
  },
  "TSM": {
    "std30": 0.020068907749225852,
    "avgRet": 0.006312989566173842
  },
  "ASML.AS": {
    "std30": 0.027335882257361156,
    "avgRet": 0.012058641976004661
  },
  "LMT": {
    "std30": 0.019885705036868425,
    "avgRet": 0.010223919678423576
  },
  "MCHI": {
    "std30": 0.01343058727569502,
    "avgRet": 0.001746420912443358
  },
  "EEM": {
    "std30": 0.009729003639087401,
    "avgRet": 0.004083105901926586
  }
}