{
  "SPY": {
    "std30": 0.00781968843404074,
    "avgRet": 2.507963588610687e-05
  },
  "QQQ": {
    "std30": 0.010533648704708324,
    "avgRet": -0.0006002228258229684
  },
  "IWM": {
    "std30": 0.011711551200655342,
    "avgRet": 0.0009051218308961747
  },
  "SOXX": {
    "std30": 0.021145358073732617,
    "avgRet": 0.004276209651480123
  },
  "XLE": {
    "std30": 0.013378460246720902,
    "avgRet": 0.005791314354784516
  },
  "NVDA": {
    "std30": 0.023484637127170235,
    "avgRet": 0.0011425703617033798
  },
  "TSM": {
    "std30": 0.022676199120416334,
    "avgRet": 0.005532435199647913
  },
  "ASML.AS": {
    "std30": 0.025432477194898145,
    "avgRet": 0.007486337101393462
  },
  "LMT": {
    "std30": 0.018646448496763047,
    "avgRet": 0.008434727843041955
  },
  "MCHI": {
    "std30": 0.012824881660769632,
    "avgRet": -0.0006309340796122408
  },
  "EEM": {
    "std30": 0.01094900787096669,
    "avgRet": 0.0032350061225061835
  }
}