{
  "SPY": {
    "std30": 0.007978783959243422,
    "avgRet": 0.00043427322904835536
  },
  "QQQ": {
    "std30": 0.011410516553204006,
    "avgRet": -8.690673798034312e-05
  },
  "IWM": {
    "std30": 0.013435568915446056,
    "avgRet": 0.0018190915882275076
  },
  "SOXX": {
    "std30": 0.022487799298263066,
    "avgRet": 0.0008398780250908287
  },
  "XLE": {
    "std30": 0.09418543503059745,
    "avgRet": -0.015326683396413372
  },
  "NVDA": {
    "std30": 0.02364828612350458,
    "avgRet": -0.0040537519495671874
  },
  "TSM": {
    "std30": 0.017707205799936045,
    "avgRet": 0.00010233266560608557
  },
  "ASML.AS": {
    "std30": 0.02234887032807564,
    "avgRet": 0.001373485991405896
  },
  "LMT": {
    "std30": 0.015262012848052836,
    "avgRet": -0.0006383429698126311
  },
  "MCHI": {
    "std30": 0.00932613058112701,
    "avgRet": -0.0014588332019065283
  },
  "EEM": {
    "std30": 0.007860136112490819,
    "avgRet": -0.000320232160926899
  }
}