{
  "SPY": {
    "std30": 0.008317113928665736,
    "avgRet": 0.0004963841629698399
  },
  "QQQ": {
    "std30": 0.011830677335372101,
    "avgRet": 0.0010389640979026021
  },
  "IWM": {
    "std30": 0.013009062428037671,
    "avgRet": 2.03351711268882e-05
  },
  "SOXX": {
    "std30": 0.024414363965764962,
    "avgRet": 0.003902874124147754
  },
  "XLE": {
    "std30": 0.010499531509188012,
    "avgRet": -0.0013084350890970903
  },
  "NVDA": {
    "std30": 0.023947434903767224,
    "avgRet": 0.0022664174212881725
  },
  "TSM": {
    "std30": 0.027003779124703513,
    "avgRet": 0.002308392636276055
  },
  "ASML.AS": {
    "std30": 0.021912933615646956,
    "avgRet": 0.0031650721537561616
  },
  "LMT": {
    "std30": 0.011731142176956096,
    "avgRet": -0.0014229762516567827
  },
  "MCHI": {
    "std30": 0.01615541525025517,
    "avgRet": -7.646622537013744e-05
  },
  "EEM": {
    "std30": 0.012252750033673071,
    "avgRet": 0.0013484176224905862
  }
}