{
  "SPY": {
    "std30": 0.008667982996854088,
    "avgRet": 0.0005268361865436999
  },
  "QQQ": {
    "std30": 0.012571598680891182,
    "avgRet": 0.0006060282812362947
  },
  "IWM": {
    "std30": 0.013538914844498973,
    "avgRet": -2.191311511620377e-05
  },
  "SOXX": {
    "std30": 0.02349945461858432,
    "avgRet": 0.0015214900057223832
  },
  "XLE": {
    "std30": 0.010525637802418336,
    "avgRet": 0.0013771534291431107
  },
  "NVDA": {
    "std30": 0.026547839581221998,
    "avgRet": 0.0004357516120340341
  },
  "TSM": {
    "std30": 0.016849109393719232,
    "avgRet": -0.00010496131758393536
  },
  "ASML.AS": {
    "std30": 0.021766929557595432,
    "avgRet": 0.002661176630333889
  },
  "LMT": {
    "std30": 0.012944387255741215,
    "avgRet": -0.003443543345617526
  },
  "MCHI": {
    "std30": 0.01050425029826814,
    "avgRet": -0.0007048746927920277
  },
  "EEM": {
    "std30": 0.008249453619997273,
    "avgRet": -3.0657517960007284e-05
  }
}