{
  "SPY": {
    "std30": 0.008152327444995649,
    "avgRet": 8.264990517694275e-05
  },
  "QQQ": {
    "std30": 0.011683871291213807,
    "avgRet": -0.0006739368624159791
  },
  "IWM": {
    "std30": 0.013628609300363597,
    "avgRet": 0.0013229999157573617
  },
  "SOXX": {
    "std30": 0.023318740678313014,
    "avgRet": -0.00013761015578522254
  },
  "XLE": {
    "std30": 0.0940876049229369,
    "avgRet": -0.01591374196189246
  },
  "NVDA": {
    "std30": 0.023610636535857515,
    "avgRet": -0.004371884548391011
  },
  "TSM": {
    "std30": 0.01824987446164379,
    "avgRet": -0.00038916275765450654
  },
  "ASML.AS": {
    "std30": 0.022809851350962435,
    "avgRet": 0.0012485276288423032
  },
  "LMT": {
    "std30": 0.01493160083588519,
    "avgRet": -0.0007609163653875845
  },
  "MCHI": {
    "std30": 0.009079665620999298,
    "avgRet": -0.0010955027028471034
  },
  "EEM": {
    "std30": 0.008028282901589226,
    "avgRet": -0.0005566960871801502
  }
}