{
  "SPY": {
    "std30": 0.006926682762230255,
    "avgRet": 0.0007054764798207271
  },
  "QQQ": {
    "std30": 0.008842085157779971,
    "avgRet": 0.0007843067114862807
  },
  "IWM": {
    "std30": 0.012717464708123204,
    "avgRet": 0.002136855002007412
  },
  "SOXX": {
    "std30": 0.014770591541378308,
    "avgRet": 0.0006499525374781995
  },
  "XLE": {
    "std30": 0.009953567176319261,
    "avgRet": -0.00040107546080897315
  },
  "NVDA": {
    "std30": 0.016243182533283683,
    "avgRet": -0.0011805519627558548
  },
  "TSM": {
    "std30": 0.01888431737724975,
    "avgRet": 0.0004785144309089032
  },
  "ASML.AS": {
    "std30": 0.01847036398312727,
    "avgRet": 0.0030235833161771477
  },
  "LMT": {
    "std30": 0.009460326403337431,
    "avgRet": 0.0032097518837118375
  },
  "MCHI": {
    "std30": 0.01330556558205311,
    "avgRet": 0.0019396613733947449
  },
  "EEM": {
    "std30": 0.007529816695775806,
    "avgRet": 0.0011012602787101743
  }
}