{
  "SPY": {
    "std30": 0.005919670526261956,
    "avgRet": 0.0009696435885668475
  },
  "QQQ": {
    "std30": 0.007850490190208871,
    "avgRet": 0.000980608614224447
  },
  "IWM": {
    "std30": 0.009371352608452973,
    "avgRet": 0.001860145206418544
  },
  "SOXX": {
    "std30": 0.018196575235776506,
    "avgRet": 0.006687405608005002
  },
  "XLE": {
    "std30": 0.01324835176572678,
    "avgRet": 0.0047355819490070205
  },
  "NVDA": {
    "std30": 0.017626842664325057,
    "avgRet": 0.002352242475475604
  },
  "TSM": {
    "std30": 0.020271747162240356,
    "avgRet": 0.00647842985535243
  },
  "ASML.AS": {
    "std30": 0.02729203285066183,
    "avgRet": 0.011791899722242543
  },
  "LMT": {
    "std30": 0.01956781980526798,
    "avgRet": 0.010658416252775148
  },
  "MCHI": {
    "std30": 0.013619115501722737,
    "avgRet": 0.0010083463986531843
  },
  "EEM": {
    "std30": 0.009659432055375594,
    "avgRet": 0.0037804621819108176
  }
}