{
  "SPY": {
    "std30": 0.009344561554511936,
    "avgRet": 1.968196397573002e-05
  },
  "QQQ": {
    "std30": 0.013097989023349445,
    "avgRet": 0.00015337313206777696
  },
  "IWM": {
    "std30": 0.014070502113355131,
    "avgRet": -0.0011427863003745002
  },
  "SOXX": {
    "std30": 0.02526638634911108,
    "avgRet": 0.0007054595040891557
  },
  "XLE": {
    "std30": 0.011161876206342108,
    "avgRet": 0.0007491901185308988
  },
  "NVDA": {
    "std30": 0.02757834249870968,
    "avgRet": 0.0006268805890213798
  },
  "TSM": {
    "std30": 0.02607232563289348,
    "avgRet": -0.0011218540885691336
  },
  "ASML.AS": {
    "std30": 0.020356647556584003,
    "avgRet": 0.0007205138428850541
  },
  "LMT": {
    "std30": 0.012001027146567757,
    "avgRet": -0.003019901280143668
  },
  "MCHI": {
    "std30": 0.015951217720276623,
    "avgRet": -0.00132441113330999
  },
  "EEM": {
    "std30": 0.012644082100410724,
    "avgRet": 0.000417121173525069
  }
}