{
  "SPY": {
    "std30": 0.008871075947110599,
    "avgRet": 0.0010984285207605554
  },
  "QQQ": {
    "std30": 0.01273115881634096,
    "avgRet": 0.0009582629595882527
  },
  "IWM": {
    "std30": 0.013858256326409683,
    "avgRet": 0.00040235378015537605
  },
  "SOXX": {
    "std30": 0.02336544088198747,
    "avgRet": 0.000606562063218668
  },
  "XLE": {
    "std30": 0.010156140860070516,
    "avgRet": 0.001784163749137181
  },
  "NVDA": {
    "std30": 0.026276277588702854,
    "avgRet": 0.00019683882294504348
  },
  "TSM": {
    "std30": 0.017183823131940137,
    "avgRet": -0.0007401484270742073
  },
  "ASML.AS": {
    "std30": 0.021761927351295705,
    "avgRet": 0.0011332719979443295
  },
  "LMT": {
    "std30": 0.012932984850996572,
    "avgRet": -0.0025799126154059907
  },
  "MCHI": {
    "std30": 0.010658826289444584,
    "avgRet": -0.0006316400790584938
  },
  "EEM": {
    "std30": 0.008929886814017822,
    "avgRet": 0.00011797674408043184
  }
}