{
  "SPY": {
    "std30": 0.008559413621790662,
    "avgRet": 0.0006809541556127027
  },
  "QQQ": {
    "std30": 0.01237533339879552,
    "avgRet": 0.0007653593981947721
  },
  "IWM": {
    "std30": 0.013555801679238859,
    "avgRet": 0.0008406506071841212
  },
  "SOXX": {
    "std30": 0.023037585154446646,
    "avgRet": 0.0020165263728211336
  },
  "XLE": {
    "std30": 0.010554817878129506,
    "avgRet": 0.0012917270937466438
  },
  "NVDA": {
    "std30": 0.026822614312942337,
    "avgRet": 0.0005897854459966914
  },
  "TSM": {
    "std30": 0.01658692042258905,
    "avgRet": 0.00039279753558103
  },
  "ASML.AS": {
    "std30": 0.022611240088228193,
    "avgRet": 0.002618948009306636
  },
  "LMT": {
    "std30": 0.01324737560683752,
    "avgRet": -0.002835765252268489
  },
  "MCHI": {
    "std30": 0.009859059905244503,
    "avgRet": -0.0011175396207255828
  },
  "EEM": {
    "std30": 0.008071036386276008,
    "avgRet": -0.00022772523612016985
  }
}