{
  "SPY": {
    "std30": 0.006885398984264072,
    "avgRet": 0.0009747709049148694
  },
  "QQQ": {
    "std30": 0.008772698674928163,
    "avgRet": 0.0007987364754672624
  },
  "IWM": {
    "std30": 0.012649147178750191,
    "avgRet": 0.0023188337971831517
  },
  "SOXX": {
    "std30": 0.014997444260023734,
    "avgRet": 0.0008655415268155934
  },
  "XLE": {
    "std30": 0.00998606259595086,
    "avgRet": 0.0006178830802910584
  },
  "NVDA": {
    "std30": 0.017205122455707843,
    "avgRet": -0.00024379405955441338
  },
  "TSM": {
    "std30": 0.020343433454089885,
    "avgRet": 0.0026046662663915263
  },
  "ASML.AS": {
    "std30": 0.018605795356459034,
    "avgRet": 0.0034391614476519798
  },
  "LMT": {
    "std30": 0.009891096371387536,
    "avgRet": 0.0035876433968345103
  },
  "MCHI": {
    "std30": 0.013388684884264286,
    "avgRet": 0.002754144186188835
  },
  "EEM": {
    "std30": 0.0075456622315289166,
    "avgRet": 0.0018845830185904061
  }
}