{
  "SPY": {
    "std30": 0.005115223179448913,
    "avgRet": 0.0007353508042684952
  },
  "QQQ": {
    "std30": 0.007823428509427717,
    "avgRet": 0.000717929009309674
  },
  "IWM": {
    "std30": 0.009435839366002214,
    "avgRet": 0.0018018251212683022
  },
  "SOXX": {
    "std30": 0.019575752235075752,
    "avgRet": 0.004357268636674221
  },
  "XLE": {
    "std30": 0.014811135416498993,
    "avgRet": 0.001933659398244364
  },
  "NVDA": {
    "std30": 0.017462393640501873,
    "avgRet": 0.001016605550792335
  },
  "TSM": {
    "std30": 0.019554797723727955,
    "avgRet": 0.003980045631479724
  },
  "ASML.AS": {
    "std30": 0.029174522598989013,
    "avgRet": 0.007390760487222709
  },
  "LMT": {
    "std30": 0.020431844235995752,
    "avgRet": 0.00637647899455624
  },
  "MCHI": {
    "std30": 0.010849368341692398,
    "avgRet": 0.0002286970673728601
  },
  "EEM": {
    "std30": 0.008733315127278408,
    "avgRet": 0.0018343669541560981
  }
}