{
  "SPY": {
    "std30": 0.005052971292836289,
    "avgRet": 0.00043090155270639674
  },
  "QQQ": {
    "std30": 0.007824697677923402,
    "avgRet": -6.670953309960282e-05
  },
  "IWM": {
    "std30": 0.008609935236560834,
    "avgRet": 0.0021646598241710836
  },
  "SOXX": {
    "std30": 0.01905876935108506,
    "avgRet": 0.0031537941881063895
  },
  "XLE": {
    "std30": 0.014926193613219,
    "avgRet": 0.0016513015168707164
  },
  "NVDA": {
    "std30": 0.017325111838442667,
    "avgRet": 0.0015493991046378818
  },
  "TSM": {
    "std30": 0.02118294940906006,
    "avgRet": 0.005237452636455146
  },
  "ASML.AS": {
    "std30": 0.030019631496580674,
    "avgRet": 0.005769784963916071
  },
  "LMT": {
    "std30": 0.01864339193983413,
    "avgRet": 0.0090784391230034
  },
  "MCHI": {
    "std30": 0.012422221780544864,
    "avgRet": 0.001014216746436781
  },
  "EEM": {
    "std30": 0.009207002189237267,
    "avgRet": 0.002344580933139813
  }
}