{
  "SPY": {
    "std30": 0.00888256190233736,
    "avgRet": 0.0005300466927666683
  },
  "QQQ": {
    "std30": 0.012693099050667086,
    "avgRet": 0.0007700443540753001
  },
  "IWM": {
    "std30": 0.013289018821289597,
    "avgRet": -0.000582934446257474
  },
  "SOXX": {
    "std30": 0.025446372361365335,
    "avgRet": 0.00207119552288139
  },
  "XLE": {
    "std30": 0.010650102388407924,
    "avgRet": 0.0007140429025638886
  },
  "NVDA": {
    "std30": 0.02689133927950192,
    "avgRet": 0.000477959029941533
  },
  "TSM": {
    "std30": 0.026855895776519253,
    "avgRet": -0.0002904841168735825
  },
  "ASML.AS": {
    "std30": 0.021321626502741758,
    "avgRet": 0.0002963984440139486
  },
  "LMT": {
    "std30": 0.011813379718254961,
    "avgRet": -0.0032859961508159207
  },
  "MCHI": {
    "std30": 0.015943797790905,
    "avgRet": -0.0006401043632775417
  },
  "EEM": {
    "std30": 0.012473189166977025,
    "avgRet": 0.0009236950211508725
  }
}