{
  "SPY": {
    "std30": 0.00730748248403988,
    "avgRet": 0.0011209242047041025
  },
  "QQQ": {
    "std30": 0.00953107320984792,
    "avgRet": 0.0018414995987467105
  },
  "IWM": {
    "std30": 0.012822226916381973,
    "avgRet": 0.0016891369247711131
  },
  "SOXX": {
    "std30": 0.02092154544739284,
    "avgRet": 0.005827617860994946
  },
  "XLE": {
    "std30": 0.011526387387468445,
    "avgRet": -0.00020837951331811782
  },
  "NVDA": {
    "std30": 0.02188187020989443,
    "avgRet": 0.0025540513306139346
  },
  "TSM": {
    "std30": 0.027625129019324724,
    "avgRet": 0.0062779981839379195
  },
  "ASML.AS": {
    "std30": 0.025157089948185527,
    "avgRet": 0.00923917747039231
  },
  "LMT": {
    "std30": 0.009253036373907609,
    "avgRet": 0.0035481264397528665
  },
  "MCHI": {
    "std30": 0.01627257852047451,
    "avgRet": 0.0007538358517499556
  },
  "EEM": {
    "std30": 0.011206653320614102,
    "avgRet": 0.002489207527758355
  }
}