{
  "SPY": {
    "std30": 0.007757492123905012,
    "avgRet": -0.0009818072979961596
  },
  "QQQ": {
    "std30": 0.01101214526694728,
    "avgRet": -0.001407688612356245
  },
  "IWM": {
    "std30": 0.01314264365939027,
    "avgRet": -0.0014159003614339198
  },
  "SOXX": {
    "std30": 0.024624425177629024,
    "avgRet": -0.0014888315083503032
  },
  "XLE": {
    "std30": 0.013667664893384926,
    "avgRet": 0.004412947985817055
  },
  "NVDA": {
    "std30": 0.02638788150783516,
    "avgRet": -0.0008211125139069718
  },
  "TSM": {
    "std30": 0.024786341478974693,
    "avgRet": 0.0014658255251792842
  },
  "ASML.AS": {
    "std30": 0.02682679519100655,
    "avgRet": -0.0005787479260821613
  },
  "LMT": {
    "std30": 0.01932230060746813,
    "avgRet": 0.003226759781409558
  },
  "MCHI": {
    "std30": 0.013102259488442987,
    "avgRet": -0.0031536378023334145
  },
  "EEM": {
    "std30": 0.01568944413709141,
    "avgRet": -0.0011216355231347655
  }
}