{
  "SPY": {
    "std30": 0.007977824324352411,
    "avgRet": -0.0021330151505852975
  },
  "QQQ": {
    "std30": 0.010324057450462635,
    "avgRet": -0.0015440881410649881
  },
  "IWM": {
    "std30": 0.011926628900030831,
    "avgRet": -0.003028099550331285
  },
  "SOXX": {
    "std30": 0.020677604974210617,
    "avgRet": -0.0014109356358719969
  },
  "XLE": {
    "std30": 0.011017016049882264,
    "avgRet": 0.0037817517197488238
  },
  "NVDA": {
    "std30": 0.020893353262316918,
    "avgRet": -0.0022325995144376457
  },
  "TSM": {
    "std30": 0.023161918240480476,
    "avgRet": -0.001732562715381745
  },
  "ASML.AS": {
    "std30": 0.02477845609609868,
    "avgRet": -0.002118625558349285
  },
  "LMT": {
    "std30": 0.01565344880561082,
    "avgRet": 0.0003299324360179461
  },
  "MCHI": {
    "std30": 0.012535014551989083,
    "avgRet": -0.0037320195808912644
  },
  "EEM": {
    "std30": 0.017666718860285587,
    "avgRet": -0.002485736362621516
  }
}