{
  "SPY": {
    "std30": 0.009392599881345531,
    "avgRet": 0.00016472260892782034
  },
  "QQQ": {
    "std30": 0.013193052618962534,
    "avgRet": 0.000368074925960092
  },
  "IWM": {
    "std30": 0.014182033914347312,
    "avgRet": -0.001216996006841492
  },
  "SOXX": {
    "std30": 0.02616905946394344,
    "avgRet": 0.001429109918371602
  },
  "XLE": {
    "std30": 0.010632466016212394,
    "avgRet": 0.0006376268169778688
  },
  "NVDA": {
    "std30": 0.027232555545576395,
    "avgRet": 0.00020421432334746133
  },
  "TSM": {
    "std30": 0.027342443128663466,
    "avgRet": -0.0008932382762332444
  },
  "ASML.AS": {
    "std30": 0.02158768259711495,
    "avgRet": -0.0002328116600429833
  },
  "LMT": {
    "std30": 0.011779647612777753,
    "avgRet": -0.0034587720943687417
  },
  "MCHI": {
    "std30": 0.015864058737967403,
    "avgRet": -0.0010192118055304055
  },
  "EEM": {
    "std30": 0.012697493770164728,
    "avgRet": 0.0005142200177385828
  }
}