{
  "SPY": {
    "std30": 0.005125364861092914,
    "avgRet": 0.0007616062666267369
  },
  "QQQ": {
    "std30": 0.007799810866113985,
    "avgRet": 0.0006553993060355963
  },
  "IWM": {
    "std30": 0.00952896226843654,
    "avgRet": 0.0019034318336139666
  },
  "SOXX": {
    "std30": 0.01958911456062728,
    "avgRet": 0.0042548301871991765
  },
  "XLE": {
    "std30": 0.014404801776731077,
    "avgRet": 0.0018648399206976668
  },
  "NVDA": {
    "std30": 0.017829008380670173,
    "avgRet": 0.001377438709533257
  },
  "TSM": {
    "std30": 0.019633412987320617,
    "avgRet": 0.003877116985503744
  },
  "ASML.AS": {
    "std30": 0.027737206382818444,
    "avgRet": 0.00623403658357695
  },
  "LMT": {
    "std30": 0.018983535785393753,
    "avgRet": 0.004937851371993824
  },
  "MCHI": {
    "std30": 0.010869721321281558,
    "avgRet": 7.328314329292029e-05
  },
  "EEM": {
    "std30": 0.008790261800032484,
    "avgRet": 0.001865739272659788
  }
}