{
  "SPY": {
    "std30": 0.006538116709635292,
    "avgRet": 0.0010237795529171418
  },
  "QQQ": {
    "std30": 0.008097312728767448,
    "avgRet": 0.0007420444204897437
  },
  "IWM": {
    "std30": 0.01322915218076805,
    "avgRet": 0.001889750612596759
  },
  "SOXX": {
    "std30": 0.013779397730612382,
    "avgRet": 0.0007580864171560576
  },
  "XLE": {
    "std30": 0.009160812775486329,
    "avgRet": 0.0010448766597616716
  },
  "NVDA": {
    "std30": 0.015254328128959594,
    "avgRet": 0.0017701979697938297
  },
  "TSM": {
    "std30": 0.017946946210947185,
    "avgRet": -0.0007422220783794689
  },
  "ASML.AS": {
    "std30": 0.017456315564662355,
    "avgRet": 0.001290101856728452
  },
  "LMT": {
    "std30": 0.022698286058864158,
    "avgRet": -0.0008354008614688651
  },
  "MCHI": {
    "std30": 0.012611786236351492,
    "avgRet": 0.0019069329647388262
  },
  "EEM": {
    "std30": 0.007578056957364807,
    "avgRet": 0.0005288151086035289
  }
}