{
  "SPY": {
    "std30": 0.008615046799190127,
    "avgRet": 0.0008579975050479874
  },
  "QQQ": {
    "std30": 0.012448400554244251,
    "avgRet": 0.0010540486097238622
  },
  "IWM": {
    "std30": 0.013559914488653492,
    "avgRet": 0.0008944944783700432
  },
  "SOXX": {
    "std30": 0.023071802716281585,
    "avgRet": 0.002851316576579298
  },
  "XLE": {
    "std30": 0.010743764392512192,
    "avgRet": 0.0015837477915711298
  },
  "NVDA": {
    "std30": 0.026534861757049735,
    "avgRet": 0.0003919801738138681
  },
  "TSM": {
    "std30": 0.016459155285355534,
    "avgRet": 0.0007755206596995085
  },
  "ASML.AS": {
    "std30": 0.02197313264370361,
    "avgRet": 0.004146638976870647
  },
  "LMT": {
    "std30": 0.012941136853603789,
    "avgRet": -0.0033635495165081296
  },
  "MCHI": {
    "std30": 0.010523433549015653,
    "avgRet": -0.0007292308395906827
  },
  "EEM": {
    "std30": 0.008247455230902362,
    "avgRet": 1.6985814089116056e-05
  }
}