{
  "SPY": {
    "std30": 0.007001751303084696,
    "avgRet": 0.0009457147518654414
  },
  "QQQ": {
    "std30": 0.010307553139319303,
    "avgRet": 0.000917615065914341
  },
  "IWM": {
    "std30": 0.011994264099789124,
    "avgRet": 0.002134555377334562
  },
  "SOXX": {
    "std30": 0.02156405453187846,
    "avgRet": 0.002158478045202742
  },
  "XLE": {
    "std30": 0.09389145379964312,
    "avgRet": -0.017901676866430242
  },
  "NVDA": {
    "std30": 0.020898467302627993,
    "avgRet": 0.0008822490997760894
  },
  "TSM": {
    "std30": 0.018180192511564906,
    "avgRet": 0.0025973090467890283
  },
  "ASML.AS": {
    "std30": 0.024120442583629876,
    "avgRet": 0.002000564223458217
  },
  "LMT": {
    "std30": 0.014059581112752849,
    "avgRet": 0.002095107668203939
  },
  "MCHI": {
    "std30": 0.009255292678708645,
    "avgRet": -0.0017072082028743497
  },
  "EEM": {
    "std30": 0.007805461412355728,
    "avgRet": -5.219240520311315e-05
  }
}