{
  "SPY": {
    "std30": 0.008775351076438362,
    "avgRet": 0.0007803247993414828
  },
  "QQQ": {
    "std30": 0.012590059012645937,
    "avgRet": 0.0009274765100551072
  },
  "IWM": {
    "std30": 0.013223315542182064,
    "avgRet": 0.00014739049380693416
  },
  "SOXX": {
    "std30": 0.02525302526884979,
    "avgRet": 0.002477834062510147
  },
  "XLE": {
    "std30": 0.010484650252114132,
    "avgRet": 0.0008995116740694501
  },
  "NVDA": {
    "std30": 0.0263652710805138,
    "avgRet": 0.0010349040048727356
  },
  "TSM": {
    "std30": 0.026869854023993212,
    "avgRet": 0.0008142109949326641
  },
  "ASML.AS": {
    "std30": 0.021270781948621868,
    "avgRet": 0.000387938813182963
  },
  "LMT": {
    "std30": 0.012114399580845052,
    "avgRet": -0.0028321678452273404
  },
  "MCHI": {
    "std30": 0.015891114718954436,
    "avgRet": -0.0011602834328589265
  },
  "EEM": {
    "std30": 0.012478834637298281,
    "avgRet": 0.0010102206772579704
  }
}