{
  "SPY": {
    "std30": 0.005224339057845134,
    "avgRet": 0.0014160979386530607
  },
  "QQQ": {
    "std30": 0.006836737130946849,
    "avgRet": 0.0014808075337963784
  },
  "IWM": {
    "std30": 0.012545101434227497,
    "avgRet": 0.003450786530691587
  },
  "SOXX": {
    "std30": 0.014180548547221393,
    "avgRet": 0.0032228442190303922
  },
  "XLE": {
    "std30": 0.009865341834074936,
    "avgRet": 0.0014756859544447938
  },
  "NVDA": {
    "std30": 0.017172215539500723,
    "avgRet": -0.0010284610508853264
  },
  "TSM": {
    "std30": 0.017053863593885568,
    "avgRet": 0.0032833023858684076
  },
  "ASML.AS": {
    "std30": 0.02202615211386521,
    "avgRet": 0.009062388235799457
  },
  "LMT": {
    "std30": 0.00909735575512783,
    "avgRet": 0.003680722701334299
  },
  "MCHI": {
    "std30": 0.013954628949486625,
    "avgRet": 0.003617941832186115
  },
  "EEM": {
    "std30": 0.007508989708621852,
    "avgRet": 0.002434169268984187
  }
}