{
  "SPY": {
    "std30": 0.007695526227693483,
    "avgRet": 0.001080810140611757
  },
  "QQQ": {
    "std30": 0.010465268309343799,
    "avgRet": 0.0017465433860366709
  },
  "IWM": {
    "std30": 0.012199367645618128,
    "avgRet": 0.0006979681510939007
  },
  "SOXX": {
    "std30": 0.02186856981704869,
    "avgRet": 0.005203838381969231
  },
  "XLE": {
    "std30": 0.011224289281387015,
    "avgRet": -2.081967174715932e-05
  },
  "NVDA": {
    "std30": 0.02275470176485214,
    "avgRet": 0.005008037238823903
  },
  "TSM": {
    "std30": 0.027115632971522037,
    "avgRet": 0.005237443278212165
  },
  "ASML.AS": {
    "std30": 0.021020114622008437,
    "avgRet": 0.005201174516730335
  },
  "LMT": {
    "std30": 0.011399392100614079,
    "avgRet": 0.001544320489316179
  },
  "MCHI": {
    "std30": 0.015995236634901863,
    "avgRet": 0.0001360312153688971
  },
  "EEM": {
    "std30": 0.011486053437694045,
    "avgRet": 0.0016667904153056198
  }
}