{
  "SPY": {
    "std30": 0.005846105873654596,
    "avgRet": -0.00022464298717603728
  },
  "QQQ": {
    "std30": 0.008308113008834786,
    "avgRet": -0.0007507930074914755
  },
  "IWM": {
    "std30": 0.00859845950781181,
    "avgRet": 0.0018035551737385894
  },
  "SOXX": {
    "std30": 0.01911244329642509,
    "avgRet": 0.0034037753250981033
  },
  "XLE": {
    "std30": 0.014877808251584452,
    "avgRet": 0.0017591584622093208
  },
  "NVDA": {
    "std30": 0.018060633768228206,
    "avgRet": -0.0002989563873956363
  },
  "TSM": {
    "std30": 0.022550224741387834,
    "avgRet": 0.0040772698623671244
  },
  "ASML.AS": {
    "std30": 0.0295722361002692,
    "avgRet": 0.007225538216849539
  },
  "LMT": {
    "std30": 0.01876573167099215,
    "avgRet": 0.00880987351158193
  },
  "MCHI": {
    "std30": 0.01280479970762372,
    "avgRet": -0.0003144363457716587
  },
  "EEM": {
    "std30": 0.009320985951733737,
    "avgRet": 0.0017634140376956776
  }
}