{
  "SPY": {
    "std30": 0.007838857935626177,
    "avgRet": -0.0020561893622063755
  },
  "QQQ": {
    "std30": 0.010204678813070087,
    "avgRet": -0.0014696590644158237
  },
  "IWM": {
    "std30": 0.011825476681480205,
    "avgRet": -0.002963347772442414
  },
  "SOXX": {
    "std30": 0.020841713191764723,
    "avgRet": -0.0015528399923357397
  },
  "XLE": {
    "std30": 0.010994811177985144,
    "avgRet": 0.004048969862698913
  },
  "NVDA": {
    "std30": 0.02045254595365973,
    "avgRet": -0.00189175011386911
  },
  "TSM": {
    "std30": 0.023268705873167934,
    "avgRet": -0.001819077502794561
  },
  "ASML.AS": {
    "std30": 0.025231947130683302,
    "avgRet": -0.0024075822882777083
  },
  "LMT": {
    "std30": 0.015712866952873557,
    "avgRet": 0.0002766540290260945
  },
  "MCHI": {
    "std30": 0.01240470812209524,
    "avgRet": -0.003665251345575723
  },
  "EEM": {
    "std30": 0.01740353170685253,
    "avgRet": -0.002336123560553269
  }
}