{
  "SPY": {
    "std30": 0.007382326869001158,
    "avgRet": 0.0003196539195283081
  },
  "QQQ": {
    "std30": 0.009945011219428757,
    "avgRet": -0.0003593543019585362
  },
  "IWM": {
    "std30": 0.011717780449942924,
    "avgRet": 0.0023510194122929986
  },
  "SOXX": {
    "std30": 0.022516751844885836,
    "avgRet": 0.005273065774527919
  },
  "XLE": {
    "std30": 0.014931579885940384,
    "avgRet": 0.006450141043411706
  },
  "NVDA": {
    "std30": 0.023063249914125124,
    "avgRet": 0.0004831672832660781
  },
  "TSM": {
    "std30": 0.023766919925181977,
    "avgRet": 0.006845405504135555
  },
  "ASML.AS": {
    "std30": 0.03061161504364193,
    "avgRet": 0.010503177117547198
  },
  "LMT": {
    "std30": 0.022238493141371708,
    "avgRet": 0.009319367083294854
  },
  "MCHI": {
    "std30": 0.014221505920007245,
    "avgRet": 0.0010661968218845643
  },
  "EEM": {
    "std30": 0.011031366369548837,
    "avgRet": 0.003656405309610464
  }
}