{
  "SPY": {
    "std30": 0.005040377362113039,
    "avgRet": 0.0005193064566395911
  },
  "QQQ": {
    "std30": 0.00769985300862174,
    "avgRet": 0.00039489949332184723
  },
  "IWM": {
    "std30": 0.009432194675711535,
    "avgRet": 0.0015201362733390273
  },
  "SOXX": {
    "std30": 0.019394337465172884,
    "avgRet": 0.003777645052938975
  },
  "XLE": {
    "std30": 0.01471382915088442,
    "avgRet": 0.0012896332887637168
  },
  "NVDA": {
    "std30": 0.017072805915093053,
    "avgRet": 0.0016607446283441673
  },
  "TSM": {
    "std30": 0.019588720694815768,
    "avgRet": 0.0037118077256583283
  },
  "ASML.AS": {
    "std30": 0.02911391156210734,
    "avgRet": 0.006830218492597619
  },
  "LMT": {
    "std30": 0.020475972488451694,
    "avgRet": 0.006570632219301022
  },
  "MCHI": {
    "std30": 0.011334132485350087,
    "avgRet": 0.0006989682364732921
  },
  "EEM": {
    "std30": 0.008764818712064602,
    "avgRet": 0.0019856727088447125
  }
}