{
  "SPY": {
    "std30": 0.00831541618637889,
    "avgRet": -0.00014121295605727525
  },
  "QQQ": {
    "std30": 0.011748135176491169,
    "avgRet": -0.0005986066652939421
  },
  "IWM": {
    "std30": 0.01361845412229042,
    "avgRet": -0.0011798397835130997
  },
  "SOXX": {
    "std30": 0.0221819369394189,
    "avgRet": -0.0016130696943239312
  },
  "XLE": {
    "std30": 0.010185474506838498,
    "avgRet": 0.0012898378377392253
  },
  "NVDA": {
    "std30": 0.026613256903495613,
    "avgRet": -0.0011682872044828326
  },
  "TSM": {
    "std30": 0.016604534710242404,
    "avgRet": -0.0031585129707138123
  },
  "ASML.AS": {
    "std30": 0.02030098248611118,
    "avgRet": -0.0004608630280668851
  },
  "LMT": {
    "std30": 0.012248504652061025,
    "avgRet": -0.0024347555619685666
  },
  "MCHI": {
    "std30": 0.010497398313853747,
    "avgRet": -0.001307072856083282
  },
  "EEM": {
    "std30": 0.009312998630811493,
    "avgRet": -0.00023338305509041388
  }
}