{
  "SPY": {
    "std30": 0.006053691449896995,
    "avgRet": 0.0012371699984900068
  },
  "QQQ": {
    "std30": 0.0071861059572457175,
    "avgRet": 0.0018192961091439363
  },
  "IWM": {
    "std30": 0.011343429837433113,
    "avgRet": 0.0010588161504225123
  },
  "SOXX": {
    "std30": 0.01226073268826747,
    "avgRet": 0.0015036070858683093
  },
  "XLE": {
    "std30": 0.010860821965398828,
    "avgRet": -5.4359901376121244e-05
  },
  "NVDA": {
    "std30": 0.015519268740429375,
    "avgRet": 0.005969827722984335
  },
  "TSM": {
    "std30": 0.019775298811953623,
    "avgRet": 0.00292118892159878
  },
  "ASML.AS": {
    "std30": 0.02238325780817121,
    "avgRet": -0.0022202978354912005
  },
  "LMT": {
    "std30": 0.02197026296305722,
    "avgRet": -0.0027287357922779975
  },
  "MCHI": {
    "std30": 0.009045211040605175,
    "avgRet": 0.00198209184042607
  },
  "EEM": {
    "std30": 0.006088853491575947,
    "avgRet": 0.0009822538329001512
  }
}