{
  "SPY": {
    "std30": 0.008784663565727222,
    "avgRet": 0.0008187204722956899
  },
  "QQQ": {
    "std30": 0.012593284799244842,
    "avgRet": 0.0013664422723386118
  },
  "IWM": {
    "std30": 0.013276577376354464,
    "avgRet": 0.0003804670604971985
  },
  "SOXX": {
    "std30": 0.025021050418289087,
    "avgRet": 0.004030691910194676
  },
  "XLE": {
    "std30": 0.010231992496545148,
    "avgRet": 0.0004385085112914041
  },
  "NVDA": {
    "std30": 0.025715454000559024,
    "avgRet": 0.00255250523896961
  },
  "TSM": {
    "std30": 0.027362822451863642,
    "avgRet": 0.002279486523859763
  },
  "ASML.AS": {
    "std30": 0.022439600442936677,
    "avgRet": 0.0026766202324354955
  },
  "LMT": {
    "std30": 0.011771284348008755,
    "avgRet": -0.003344966323472916
  },
  "MCHI": {
    "std30": 0.016099972225402555,
    "avgRet": -0.00048039488899906103
  },
  "EEM": {
    "std30": 0.012555641823491717,
    "avgRet": 0.0014136456900700602
  }
}