{
  "SPY": {
    "std30": 0.008230290203096456,
    "avgRet": -0.00010021651542496488
  },
  "QQQ": {
    "std30": 0.011828677038218348,
    "avgRet": -0.0011277792969128326
  },
  "IWM": {
    "std30": 0.013889439488178347,
    "avgRet": 0.0009942664516079123
  },
  "SOXX": {
    "std30": 0.024005602318772253,
    "avgRet": -0.0008963358508777677
  },
  "XLE": {
    "std30": 0.09404596695028555,
    "avgRet": -0.016248800305737637
  },
  "NVDA": {
    "std30": 0.023552146451155213,
    "avgRet": -0.005235181384101138
  },
  "TSM": {
    "std30": 0.01898646834312153,
    "avgRet": -0.0018165227167249596
  },
  "ASML.AS": {
    "std30": 0.02325219923871083,
    "avgRet": 0.0009483681059435415
  },
  "LMT": {
    "std30": 0.01499756121389847,
    "avgRet": -0.00014027311131843258
  },
  "MCHI": {
    "std30": 0.009248201038218575,
    "avgRet": -0.0014462002699148367
  },
  "EEM": {
    "std30": 0.008026297873527937,
    "avgRet": -0.0009552017156087115
  }
}