{
  "SPY": {
    "std30": 0.006387899370402082,
    "avgRet": 0.0006983978624077276
  },
  "QQQ": {
    "std30": 0.008579734133321148,
    "avgRet": 0.0009893761932196928
  },
  "IWM": {
    "std30": 0.00937778597929702,
    "avgRet": 0.0012799539439351162
  },
  "SOXX": {
    "std30": 0.01800489965708132,
    "avgRet": 0.005802066886730217
  },
  "XLE": {
    "std30": 0.014932935335502372,
    "avgRet": 0.0032787817937340526
  },
  "NVDA": {
    "std30": 0.018432501930381096,
    "avgRet": 0.0029048720067032154
  },
  "TSM": {
    "std30": 0.02092742168900333,
    "avgRet": 0.0054537347205054305
  },
  "ASML.AS": {
    "std30": 0.029418265496778045,
    "avgRet": 0.01108709130421221
  },
  "LMT": {
    "std30": 0.019287072934084725,
    "avgRet": 0.007303047896767887
  },
  "MCHI": {
    "std30": 0.012843138740047177,
    "avgRet": 0.0009373716915152407
  },
  "EEM": {
    "std30": 0.009530623427019796,
    "avgRet": 0.00359047411448323
  }
}