{
  "SPY": {
    "std30": 0.007935939553040783,
    "avgRet": -0.0005535792267804923
  },
  "QQQ": {
    "std30": 0.010539933921923844,
    "avgRet": -0.001360545205291669
  },
  "IWM": {
    "std30": 0.012021404927089748,
    "avgRet": 0.00010653409212981823
  },
  "SOXX": {
    "std30": 0.020693779020519255,
    "avgRet": 0.0030619121870979903
  },
  "XLE": {
    "std30": 0.013376198999543693,
    "avgRet": 0.005859573032550672
  },
  "NVDA": {
    "std30": 0.02353271595831681,
    "avgRet": 0.0015073532967975125
  },
  "TSM": {
    "std30": 0.022587436461686584,
    "avgRet": 0.004876511674750048
  },
  "ASML.AS": {
    "std30": 0.02277230758718998,
    "avgRet": 0.005568650064917346
  },
  "LMT": {
    "std30": 0.017101588453809793,
    "avgRet": 0.006930128900915305
  },
  "MCHI": {
    "std30": 0.012840980183396931,
    "avgRet": -0.0007390133129452359
  },
  "EEM": {
    "std30": 0.011243762461062708,
    "avgRet": 0.002689508832516243
  }
}