{
  "SPY": {
    "std30": 0.0077504369271343306,
    "avgRet": -0.0009329230304810843
  },
  "QQQ": {
    "std30": 0.011014950149264966,
    "avgRet": -0.0013594593907815524
  },
  "IWM": {
    "std30": 0.013124071073286624,
    "avgRet": -0.0013111143630206788
  },
  "SOXX": {
    "std30": 0.02461510264635196,
    "avgRet": -0.0015081689663294948
  },
  "XLE": {
    "std30": 0.013885731374021763,
    "avgRet": 0.004574198295913805
  },
  "NVDA": {
    "std30": 0.026418024668094824,
    "avgRet": -0.0006755368929709592
  },
  "TSM": {
    "std30": 0.024822528857961938,
    "avgRet": 0.0015105322046552422
  },
  "ASML.AS": {
    "std30": 0.026829821899195437,
    "avgRet": -0.000540125601830561
  },
  "LMT": {
    "std30": 0.01935195986747318,
    "avgRet": 0.0030737313541287716
  },
  "MCHI": {
    "std30": 0.013071304126648583,
    "avgRet": -0.0030743535919307372
  },
  "EEM": {
    "std30": 0.015704163438751285,
    "avgRet": -0.0009864781529446067
  }
}