{
  "SPY": {
    "std30": 0.007500557774275201,
    "avgRet": 0.0011915626678176638
  },
  "QQQ": {
    "std30": 0.010104805457952261,
    "avgRet": 0.001993599743698037
  },
  "IWM": {
    "std30": 0.012908472151681859,
    "avgRet": 0.001760300219918859
  },
  "SOXX": {
    "std30": 0.02234662006756582,
    "avgRet": 0.005761108331559398
  },
  "XLE": {
    "std30": 0.011255886552615895,
    "avgRet": -0.0004628454072244678
  },
  "NVDA": {
    "std30": 0.021311512337681478,
    "avgRet": 0.0031269631830808838
  },
  "TSM": {
    "std30": 0.027454063691230265,
    "avgRet": 0.004626768255115681
  },
  "ASML.AS": {
    "std30": 0.023508288529645004,
    "avgRet": 0.006677106412935396
  },
  "LMT": {
    "std30": 0.011068619780142216,
    "avgRet": 0.000644817013443161
  },
  "MCHI": {
    "std30": 0.01612356615244948,
    "avgRet": 0.00047651601681357887
  },
  "EEM": {
    "std30": 0.011274798643962998,
    "avgRet": 0.0016576596156317324
  }
}