{
  "SPY": {
    "std30": 0.005226101298928897,
    "avgRet": 0.0013593695155001513
  },
  "QQQ": {
    "std30": 0.006793244426031353,
    "avgRet": 0.0014153544711722746
  },
  "IWM": {
    "std30": 0.012509175105605402,
    "avgRet": 0.0034916295302014687
  },
  "SOXX": {
    "std30": 0.01421707274429611,
    "avgRet": 0.003173872180775499
  },
  "XLE": {
    "std30": 0.009952491862273163,
    "avgRet": 0.0014218727094676821
  },
  "NVDA": {
    "std30": 0.017165381047346894,
    "avgRet": -0.0011989965275863788
  },
  "TSM": {
    "std30": 0.016990963260015368,
    "avgRet": 0.003346199019743255
  },
  "ASML.AS": {
    "std30": 0.022010177462928587,
    "avgRet": 0.009206592917248343
  },
  "LMT": {
    "std30": 0.009071162782289695,
    "avgRet": 0.003733143600381848
  },
  "MCHI": {
    "std30": 0.013876865463117121,
    "avgRet": 0.003793684076893875
  },
  "EEM": {
    "std30": 0.007488316420315951,
    "avgRet": 0.002469865706479722
  }
}