{
  "SPY": {
    "std30": 0.006729910104846566,
    "avgRet": 0.000982255107621024
  },
  "QQQ": {
    "std30": 0.01006716970836414,
    "avgRet": 0.0007378724844601689
  },
  "IWM": {
    "std30": 0.011640219380591335,
    "avgRet": 0.002056052265500809
  },
  "SOXX": {
    "std30": 0.021615001725082232,
    "avgRet": 0.0037683794431233636
  },
  "XLE": {
    "std30": 0.011619183866139924,
    "avgRet": 0.0007588101834214376
  },
  "NVDA": {
    "std30": 0.01930940235626539,
    "avgRet": 0.0007471418975607852
  },
  "TSM": {
    "std30": 0.019820648533063763,
    "avgRet": 0.004413422026676479
  },
  "ASML.AS": {
    "std30": 0.02802212596444473,
    "avgRet": 0.004307415192244462
  },
  "LMT": {
    "std30": 0.01384199556117039,
    "avgRet": 0.001701584348973985
  },
  "MCHI": {
    "std30": 0.011236708509959331,
    "avgRet": 0.0001968146049887977
  },
  "EEM": {
    "std30": 0.008605485188174125,
    "avgRet": 0.0013958600079785487
  }
}