{
  "SPY": {
    "std30": 0.009463971228093903,
    "avgRet": -0.00013478814964961133
  },
  "QQQ": {
    "std30": 0.013162355127208454,
    "avgRet": 3.557242594315526e-05
  },
  "IWM": {
    "std30": 0.014442283497089656,
    "avgRet": -0.0015464500571772514
  },
  "SOXX": {
    "std30": 0.025383914697159025,
    "avgRet": 0.000514233891330582
  },
  "XLE": {
    "std30": 0.0116059191355184,
    "avgRet": 0.0003913218889855959
  },
  "NVDA": {
    "std30": 0.027556446494985072,
    "avgRet": 0.0006562553952292576
  },
  "TSM": {
    "std30": 0.026069122287342674,
    "avgRet": -0.001112773943577377
  },
  "ASML.AS": {
    "std30": 0.02040333802194848,
    "avgRet": 0.0008044109993535967
  },
  "LMT": {
    "std30": 0.012223024006334904,
    "avgRet": -0.002755111717735704
  },
  "MCHI": {
    "std30": 0.016034579812147967,
    "avgRet": -0.001498182515335515
  },
  "EEM": {
    "std30": 0.01278336652552626,
    "avgRet": 0.00023830774181297776
  }
}