{
  "SPY": {
    "std30": 0.008223875796309614,
    "avgRet": -0.0019620318674811944
  },
  "QQQ": {
    "std30": 0.010447431027994442,
    "avgRet": -0.0015321039382447856
  },
  "IWM": {
    "std30": 0.01273476160428184,
    "avgRet": -0.0022471937608461103
  },
  "SOXX": {
    "std30": 0.02084786100643431,
    "avgRet": -0.0008244954983644165
  },
  "XLE": {
    "std30": 0.011376711169134033,
    "avgRet": 0.004453538071686982
  },
  "NVDA": {
    "std30": 0.020547369285842557,
    "avgRet": -0.0023208751268509855
  },
  "TSM": {
    "std30": 0.023401393201567026,
    "avgRet": -0.0015579959688566518
  },
  "ASML.AS": {
    "std30": 0.02612888686709239,
    "avgRet": -1.6772267147825083e-05
  },
  "LMT": {
    "std30": 0.015245880003684638,
    "avgRet": -0.0009665252691600024
  },
  "MCHI": {
    "std30": 0.012596902172440697,
    "avgRet": -0.0036425397633343386
  },
  "EEM": {
    "std30": 0.018717025492156182,
    "avgRet": -0.002229958668674485
  }
}