{
  "SPY": {
    "std30": 0.008560215150883625,
    "avgRet": 0.0006537265464135984
  },
  "QQQ": {
    "std30": 0.012380725472044664,
    "avgRet": 0.0007349757255199408
  },
  "IWM": {
    "std30": 0.013539227008823516,
    "avgRet": 0.0008123328348120489
  },
  "SOXX": {
    "std30": 0.023058552138784733,
    "avgRet": 0.0019791856560577178
  },
  "XLE": {
    "std30": 0.010552216294669542,
    "avgRet": 0.001282339432138042
  },
  "NVDA": {
    "std30": 0.026788264315090838,
    "avgRet": 0.0005460075688013141
  },
  "TSM": {
    "std30": 0.016621221816989554,
    "avgRet": 0.00033619189018913606
  },
  "ASML.AS": {
    "std30": 0.022662980133777183,
    "avgRet": 0.0025814706921506105
  },
  "LMT": {
    "std30": 0.013224794108791857,
    "avgRet": -0.002887473954765951
  },
  "MCHI": {
    "std30": 0.009856762028713172,
    "avgRet": -0.0011258984019038366
  },
  "EEM": {
    "std30": 0.008071145782999879,
    "avgRet": -0.0002372438481796185
  }
}