{
  "SPY": {
    "std30": 0.007643531380854657,
    "avgRet": 0.001457360045642005
  },
  "QQQ": {
    "std30": 0.010327736418612387,
    "avgRet": 0.0024762367521002837
  },
  "IWM": {
    "std30": 0.012979284589227865,
    "avgRet": 0.0015019481062026635
  },
  "SOXX": {
    "std30": 0.022419098452894144,
    "avgRet": 0.005896596103181809
  },
  "XLE": {
    "std30": 0.011369661761318161,
    "avgRet": -0.0009596335152742102
  },
  "NVDA": {
    "std30": 0.022431556304116647,
    "avgRet": 0.005982283744367099
  },
  "TSM": {
    "std30": 0.027501215881887538,
    "avgRet": 0.005115691513229081
  },
  "ASML.AS": {
    "std30": 0.02358018713754676,
    "avgRet": 0.006763326290905572
  },
  "LMT": {
    "std30": 0.010997452657299771,
    "avgRet": 0.0009688636565998491
  },
  "MCHI": {
    "std30": 0.015991758545189135,
    "avgRet": -0.00023291077701714026
  },
  "EEM": {
    "std30": 0.011346417884024252,
    "avgRet": 0.0016021123687374834
  }
}