{
  "SPY": {
    "std30": 0.00841128825511849,
    "avgRet": -0.0010246245844893254
  },
  "QQQ": {
    "std30": 0.010707950273664517,
    "avgRet": -0.0003332607014787276
  },
  "IWM": {
    "std30": 0.013448545302826095,
    "avgRet": -0.0015777204094936084
  },
  "SOXX": {
    "std30": 0.02258133925894704,
    "avgRet": 0.0014395976989611814
  },
  "XLE": {
    "std30": 0.011502286251337738,
    "avgRet": 0.00372390414666911
  },
  "NVDA": {
    "std30": 0.024923959711172138,
    "avgRet": 0.0018035629759938642
  },
  "TSM": {
    "std30": 0.02477237771179237,
    "avgRet": 0.00202916268455288
  },
  "ASML.AS": {
    "std30": 0.0251499304495673,
    "avgRet": 0.0011425861866804785
  },
  "LMT": {
    "std30": 0.015919688402241408,
    "avgRet": 0.002359430725162686
  },
  "MCHI": {
    "std30": 0.012563730472697444,
    "avgRet": -0.0015795411567863908
  },
  "EEM": {
    "std30": 0.01705981550531178,
    "avgRet": -0.0002532445657677537
  }
}