{
  "SPY": {
    "std30": 0.005919740964470208,
    "avgRet": 0.0012357528429979856
  },
  "QQQ": {
    "std30": 0.007133642067515702,
    "avgRet": 0.0014791416731810261
  },
  "IWM": {
    "std30": 0.012188103481660804,
    "avgRet": 0.001098001702780661
  },
  "SOXX": {
    "std30": 0.012607361604549165,
    "avgRet": 0.0008034069517049263
  },
  "XLE": {
    "std30": 0.008860174305420607,
    "avgRet": -0.001297707896599301
  },
  "NVDA": {
    "std30": 0.015121816830797316,
    "avgRet": 0.0044547397051741475
  },
  "TSM": {
    "std30": 0.018137195510358656,
    "avgRet": 0.00207519630394841
  },
  "ASML.AS": {
    "std30": 0.022912564794956593,
    "avgRet": -0.0018828968947184447
  },
  "LMT": {
    "std30": 0.022613322374251392,
    "avgRet": -0.0013162966130839632
  },
  "MCHI": {
    "std30": 0.01133687490006189,
    "avgRet": 0.0029663043820927462
  },
  "EEM": {
    "std30": 0.006377016315995207,
    "avgRet": 0.0012723339477226639
  }
}