{
  "SPY": {
    "std30": 0.006545818257309377,
    "avgRet": 0.0011743614676395834
  },
  "QQQ": {
    "std30": 0.008153897104257646,
    "avgRet": 0.0009910483343994623
  },
  "IWM": {
    "std30": 0.013116468379011805,
    "avgRet": 0.002174054360603128
  },
  "SOXX": {
    "std30": 0.013799983324797276,
    "avgRet": 0.0008961186798132262
  },
  "XLE": {
    "std30": 0.009065850068760858,
    "avgRet": 0.0015862267953164956
  },
  "NVDA": {
    "std30": 0.015327689029038473,
    "avgRet": 0.0016327432083137548
  },
  "TSM": {
    "std30": 0.017529293340274463,
    "avgRet": -0.00015911765718720484
  },
  "ASML.AS": {
    "std30": 0.017317636090737398,
    "avgRet": 0.001475410152612475
  },
  "LMT": {
    "std30": 0.02262476102330403,
    "avgRet": -0.0003205536188920384
  },
  "MCHI": {
    "std30": 0.012573009815795908,
    "avgRet": 0.0018328972560740279
  },
  "EEM": {
    "std30": 0.007582393432601247,
    "avgRet": 0.0007371971503132808
  }
}