{
  "SPY": {
    "std30": 0.0062204617064172164,
    "avgRet": 0.0013518017416170754
  },
  "QQQ": {
    "std30": 0.007369772293052129,
    "avgRet": 0.0018293050639060218
  },
  "IWM": {
    "std30": 0.012362535967636697,
    "avgRet": 0.0016334505846623128
  },
  "SOXX": {
    "std30": 0.012815097961888794,
    "avgRet": 0.001713231778659249
  },
  "XLE": {
    "std30": 0.010406868833704778,
    "avgRet": -0.0004672870959007683
  },
  "NVDA": {
    "std30": 0.015204595593245976,
    "avgRet": 0.005077104873937069
  },
  "TSM": {
    "std30": 0.018679109179673466,
    "avgRet": 0.0013058696557278185
  },
  "ASML.AS": {
    "std30": 0.02292158720235595,
    "avgRet": -0.001684222736665774
  },
  "LMT": {
    "std30": 0.02270262106296202,
    "avgRet": -0.001257552631089241
  },
  "MCHI": {
    "std30": 0.010592837388814955,
    "avgRet": 0.003380070015491366
  },
  "EEM": {
    "std30": 0.006596149458922511,
    "avgRet": 0.0013869336942064626
  }
}