{
  "SPY": {
    "std30": 0.007801818967694318,
    "avgRet": -0.0006982752391509147
  },
  "QQQ": {
    "std30": 0.011210306448548155,
    "avgRet": -0.0009315367427580936
  },
  "IWM": {
    "std30": 0.01316262899554307,
    "avgRet": -0.0013028864431011585
  },
  "SOXX": {
    "std30": 0.025453032836666157,
    "avgRet": -0.00036573092862151967
  },
  "XLE": {
    "std30": 0.012976936389741322,
    "avgRet": 0.004741831426669393
  },
  "NVDA": {
    "std30": 0.026555811080422546,
    "avgRet": -0.00037696535243470327
  },
  "TSM": {
    "std30": 0.024749530265488658,
    "avgRet": 0.0019147115239145783
  },
  "ASML.AS": {
    "std30": 0.027435011191231835,
    "avgRet": -0.0010266631576192227
  },
  "LMT": {
    "std30": 0.019136599574259595,
    "avgRet": 0.004760063913726696
  },
  "MCHI": {
    "std30": 0.012884446232182425,
    "avgRet": -0.002782931150899693
  },
  "EEM": {
    "std30": 0.01622501438042282,
    "avgRet": -0.00027310760409477846
  }
}