{
  "SPY": {
    "std30": 0.0064794396725568314,
    "avgRet": -0.0004315415331030242
  },
  "QQQ": {
    "std30": 0.008786635846720703,
    "avgRet": -0.000968370855402337
  },
  "IWM": {
    "std30": 0.008867807842597303,
    "avgRet": 0.0016043736462001297
  },
  "SOXX": {
    "std30": 0.019306255444610093,
    "avgRet": 0.003162123149171292
  },
  "XLE": {
    "std30": 0.014895996018546364,
    "avgRet": 0.0016290075594681962
  },
  "NVDA": {
    "std30": 0.01893838063487666,
    "avgRet": -0.0007033691732166533
  },
  "TSM": {
    "std30": 0.023025904040341195,
    "avgRet": 0.003847653362205988
  },
  "ASML.AS": {
    "std30": 0.029866221443684348,
    "avgRet": 0.006905221697426099
  },
  "LMT": {
    "std30": 0.019028773650152358,
    "avgRet": 0.008518584992079508
  },
  "MCHI": {
    "std30": 0.012967776265135199,
    "avgRet": -0.0004936893296444078
  },
  "EEM": {
    "std30": 0.009466469416588621,
    "avgRet": 0.0016234451418947423
  }
}