{
  "SPY": {
    "std30": 0.006710388324160856,
    "avgRet": 0.00023675616187809602
  },
  "QQQ": {
    "std30": 0.009130553311859283,
    "avgRet": -0.0003333723721685454
  },
  "IWM": {
    "std30": 0.009502516183711255,
    "avgRet": 0.002484859808354399
  },
  "SOXX": {
    "std30": 0.019972959379191777,
    "avgRet": 0.0039565762625086405
  },
  "XLE": {
    "std30": 0.015316216817500145,
    "avgRet": 0.0024551514715145076
  },
  "NVDA": {
    "std30": 0.019398358791685066,
    "avgRet": 7.223349734795027e-05
  },
  "TSM": {
    "std30": 0.022731127787161683,
    "avgRet": 0.003115501450408754
  },
  "ASML.AS": {
    "std30": 0.029895768619994146,
    "avgRet": 0.007921408977972368
  },
  "LMT": {
    "std30": 0.01872449109475834,
    "avgRet": 0.007997141566549588
  },
  "MCHI": {
    "std30": 0.012914780149759601,
    "avgRet": 0.0009625518502971748
  },
  "EEM": {
    "std30": 0.00981668560404868,
    "avgRet": 0.00252575918306944
  }
}