{
  "SPY": {
    "std30": 0.005356581256413585,
    "avgRet": 0.0016141660184169147
  },
  "QQQ": {
    "std30": 0.00692732270153034,
    "avgRet": 0.0015725473097947635
  },
  "IWM": {
    "std30": 0.012364852976903382,
    "avgRet": 0.0037951119200306345
  },
  "SOXX": {
    "std30": 0.014102640705412622,
    "avgRet": 0.0037366255134798133
  },
  "XLE": {
    "std30": 0.009488912239015343,
    "avgRet": 0.0021460852784100197
  },
  "NVDA": {
    "std30": 0.017319169816777457,
    "avgRet": -0.0007219759985828401
  },
  "TSM": {
    "std30": 0.016778218455552104,
    "avgRet": 0.00365494136173665
  },
  "ASML.AS": {
    "std30": 0.02202575401547633,
    "avgRet": 0.009347556020868024
  },
  "LMT": {
    "std30": 0.00950510936814796,
    "avgRet": 0.0033203608136729403
  },
  "MCHI": {
    "std30": 0.01388146306339243,
    "avgRet": 0.003777108159144832
  },
  "EEM": {
    "std30": 0.007481399643584936,
    "avgRet": 0.002484176286808832
  }
}