{
  "SPY": {
    "std30": 0.004122491724270806,
    "avgRet": 0.0014657847415313235
  },
  "QQQ": {
    "std30": 0.005196333493684553,
    "avgRet": 0.0024430802781170045
  },
  "IWM": {
    "std30": 0.008528031891455774,
    "avgRet": 0.001604081905013174
  },
  "SOXX": {
    "std30": 0.013102993956724244,
    "avgRet": 0.0058802344217620825
  },
  "XLE": {
    "std30": 0.010895346774891434,
    "avgRet": -0.0011787954053994465
  },
  "NVDA": {
    "std30": 0.018358987916133288,
    "avgRet": 0.004152338461141078
  },
  "TSM": {
    "std30": 0.01913027227892926,
    "avgRet": 0.008837374402628344
  },
  "ASML.AS": {
    "std30": 0.022996617239565458,
    "avgRet": 0.009710825768887476
  },
  "LMT": {
    "std30": 0.009164192539329425,
    "avgRet": 0.0036489354786487325
  },
  "MCHI": {
    "std30": 0.011420829601540762,
    "avgRet": 0.0020322702602387816
  },
  "EEM": {
    "std30": 0.005899215903248927,
    "avgRet": 0.002755060840886147
  }
}