{
  "SPY": {
    "std30": 0.008202554045597735,
    "avgRet": -0.0014313034141496155
  },
  "QQQ": {
    "std30": 0.011233144355536753,
    "avgRet": -0.0015391654801816946
  },
  "IWM": {
    "std30": 0.013464041137107618,
    "avgRet": -0.001766024231091688
  },
  "SOXX": {
    "std30": 0.02427466137064301,
    "avgRet": -0.0013437232717551872
  },
  "XLE": {
    "std30": 0.013840552346404288,
    "avgRet": 0.0044162225899554005
  },
  "NVDA": {
    "std30": 0.02664038272396684,
    "avgRet": -0.0016577007731007592
  },
  "TSM": {
    "std30": 0.02609348030661928,
    "avgRet": 0.0010751365640818994
  },
  "ASML.AS": {
    "std30": 0.02655457103803906,
    "avgRet": -0.0015421286427319163
  },
  "LMT": {
    "std30": 0.017568263973556056,
    "avgRet": 0.0009812041252901594
  },
  "MCHI": {
    "std30": 0.012163008228370312,
    "avgRet": -0.0026042317625462243
  },
  "EEM": {
    "std30": 0.016254633082783583,
    "avgRet": -0.0012085051367455761
  }
}