{
  "SPY": {
    "std30": 0.006701087363626952,
    "avgRet": 0.0001994585160776261
  },
  "QQQ": {
    "std30": 0.009222549926337567,
    "avgRet": 3.461926347809193e-05
  },
  "IWM": {
    "std30": 0.009842353063885326,
    "avgRet": 0.0008639493769846445
  },
  "SOXX": {
    "std30": 0.020064282178400547,
    "avgRet": 0.003195257021230863
  },
  "XLE": {
    "std30": 0.015123549187209597,
    "avgRet": 0.0027695108080427245
  },
  "NVDA": {
    "std30": 0.019385028673955973,
    "avgRet": 0.0012228113446582502
  },
  "TSM": {
    "std30": 0.022456589622398677,
    "avgRet": 0.0032637053222193354
  },
  "ASML.AS": {
    "std30": 0.03017955676343779,
    "avgRet": 0.008397858625108974
  },
  "LMT": {
    "std30": 0.01925520991764106,
    "avgRet": 0.00719707776893184
  },
  "MCHI": {
    "std30": 0.012814229291414679,
    "avgRet": 0.0006167177833779988
  },
  "EEM": {
    "std30": 0.009637763510529036,
    "avgRet": 0.0026434487961316954
  }
}