{
  "SPY": {
    "std30": 0.008223295539971058,
    "avgRet": -0.0014778975389411083
  },
  "QQQ": {
    "std30": 0.011231486589878525,
    "avgRet": -0.0015351240357463548
  },
  "IWM": {
    "std30": 0.013448532198070599,
    "avgRet": -0.001690761753200043
  },
  "SOXX": {
    "std30": 0.02428902099902174,
    "avgRet": -0.0012377236957534941
  },
  "XLE": {
    "std30": 0.013838593694176966,
    "avgRet": 0.004323285229736198
  },
  "NVDA": {
    "std30": 0.026651501933561396,
    "avgRet": -0.001678412269487548
  },
  "TSM": {
    "std30": 0.026099562857530532,
    "avgRet": 0.0011283902081161011
  },
  "ASML.AS": {
    "std30": 0.026558047148650343,
    "avgRet": -0.0015824390635880148
  },
  "LMT": {
    "std30": 0.017666148242719296,
    "avgRet": 0.0007855044474419342
  },
  "MCHI": {
    "std30": 0.012172017838267157,
    "avgRet": -0.002577329471666698
  },
  "EEM": {
    "std30": 0.016256506583899853,
    "avgRet": -0.0012387797272817446
  }
}