{
  "SPY": {
    "std30": 0.008653345704428841,
    "avgRet": -0.0017112514736219633
  },
  "QQQ": {
    "std30": 0.010748166531467443,
    "avgRet": -0.0012276529906602154
  },
  "IWM": {
    "std30": 0.013243117583758396,
    "avgRet": -0.0022593600869422635
  },
  "SOXX": {
    "std30": 0.021079696604311395,
    "avgRet": -0.0009945026896218104
  },
  "XLE": {
    "std30": 0.011036455306728928,
    "avgRet": 0.0034797830463312155
  },
  "NVDA": {
    "std30": 0.020871286532376826,
    "avgRet": -0.002249094111724466
  },
  "TSM": {
    "std30": 0.023860603602488255,
    "avgRet": -0.0011734109106505848
  },
  "ASML.AS": {
    "std30": 0.026609881550056776,
    "avgRet": -0.0007433242647093437
  },
  "LMT": {
    "std30": 0.015000717003754792,
    "avgRet": -0.0004906465291261383
  },
  "MCHI": {
    "std30": 0.012715637086767987,
    "avgRet": -0.0035375112594598452
  },
  "EEM": {
    "std30": 0.018583836698181692,
    "avgRet": -0.0017095341701266666
  }
}