{
  "SPY": {
    "std30": 0.007650591997875611,
    "avgRet": 0.001489314618819488
  },
  "QQQ": {
    "std30": 0.010324490744973075,
    "avgRet": 0.0024699231390171604
  },
  "IWM": {
    "std30": 0.012923514177968509,
    "avgRet": 0.00164040265040479
  },
  "SOXX": {
    "std30": 0.02240698506901831,
    "avgRet": 0.005966904279795944
  },
  "XLE": {
    "std30": 0.011283668237825433,
    "avgRet": -0.0008385454412776781
  },
  "NVDA": {
    "std30": 0.021531331333122374,
    "avgRet": 0.00545900081431403
  },
  "TSM": {
    "std30": 0.027485395040077465,
    "avgRet": 0.004786761259160815
  },
  "ASML.AS": {
    "std30": 0.02351569384524858,
    "avgRet": 0.006884018223284259
  },
  "LMT": {
    "std30": 0.010979013987511749,
    "avgRet": 0.0010853618553039956
  },
  "MCHI": {
    "std30": 0.015991758545189135,
    "avgRet": -0.00023291077701714026
  },
  "EEM": {
    "std30": 0.011344865888794662,
    "avgRet": 0.001611396902561038
  }
}