{
  "SPY": {
    "std30": 0.005984572959932298,
    "avgRet": 0.0006882991774184626
  },
  "QQQ": {
    "std30": 0.007698680888259534,
    "avgRet": 0.0005824284046837221
  },
  "IWM": {
    "std30": 0.011834762638697035,
    "avgRet": 0.0007070558001244921
  },
  "SOXX": {
    "std30": 0.012919387338912033,
    "avgRet": -0.0004691961530375245
  },
  "XLE": {
    "std30": 0.00897426806395548,
    "avgRet": -0.0010112720600256911
  },
  "NVDA": {
    "std30": 0.016594992719632978,
    "avgRet": 0.0021841864272547735
  },
  "TSM": {
    "std30": 0.01946902011025025,
    "avgRet": -0.0002360461673175155
  },
  "ASML.AS": {
    "std30": 0.023160846574513592,
    "avgRet": -0.0027432200435485634
  },
  "LMT": {
    "std30": 0.022643087180465246,
    "avgRet": -0.001186988217510655
  },
  "MCHI": {
    "std30": 0.011200312296382544,
    "avgRet": 0.0031254766845157243
  },
  "EEM": {
    "std30": 0.0066055330678002925,
    "avgRet": 0.0010076247387215973
  }
}