{
  "SPY": {
    "std30": 0.007988134482907232,
    "avgRet": 0.0002985517921544334
  },
  "QQQ": {
    "std30": 0.011370071627775695,
    "avgRet": -0.0003382483813264367
  },
  "IWM": {
    "std30": 0.013467612913036366,
    "avgRet": 0.0016025536997652753
  },
  "SOXX": {
    "std30": 0.02249053016998684,
    "avgRet": 0.0005410375482147428
  },
  "XLE": {
    "std30": 0.0941077974597669,
    "avgRet": -0.015747330389610712
  },
  "NVDA": {
    "std30": 0.023377217748975127,
    "avgRet": -0.003597113585339953
  },
  "TSM": {
    "std30": 0.017572751136189543,
    "avgRet": 0.00013398882056655018
  },
  "ASML.AS": {
    "std30": 0.02217832358368935,
    "avgRet": 0.0018946724414418787
  },
  "LMT": {
    "std30": 0.014808510681992345,
    "avgRet": -0.001292085038126688
  },
  "MCHI": {
    "std30": 0.009213960917698785,
    "avgRet": -0.0007321732636600677
  },
  "EEM": {
    "std30": 0.007846718823542464,
    "avgRet": -0.0002425310122831973
  }
}