{
  "SPY": {
    "std30": 0.006985276523501855,
    "avgRet": 0.0004581887760749832
  },
  "QQQ": {
    "std30": 0.008767862424469457,
    "avgRet": 0.0004874411743075955
  },
  "IWM": {
    "std30": 0.012760589518776903,
    "avgRet": 0.0017778018519304883
  },
  "SOXX": {
    "std30": 0.014860831545528535,
    "avgRet": 0.000639539593135429
  },
  "XLE": {
    "std30": 0.010139535929471309,
    "avgRet": 0.0001585058186289849
  },
  "NVDA": {
    "std30": 0.016988546993710635,
    "avgRet": -0.0015689175834608553
  },
  "TSM": {
    "std30": 0.018132713973394804,
    "avgRet": -0.0006948410150593405
  },
  "ASML.AS": {
    "std30": 0.018005420780001252,
    "avgRet": 0.002844174828977697
  },
  "LMT": {
    "std30": 0.009125877422116775,
    "avgRet": 0.0031389890195599743
  },
  "MCHI": {
    "std30": 0.01312936622564209,
    "avgRet": 0.0013533691435214886
  },
  "EEM": {
    "std30": 0.007420843244001594,
    "avgRet": 0.0005279010878288143
  }
}