{
  "SPY": {
    "std30": 0.0084383578216396,
    "avgRet": 0.0004369279717076863
  },
  "QQQ": {
    "std30": 0.012240822109940762,
    "avgRet": 0.0005169829745887212
  },
  "IWM": {
    "std30": 0.013413712902975354,
    "avgRet": 0.0002420807824502223
  },
  "SOXX": {
    "std30": 0.022925584566202913,
    "avgRet": 0.0017991233436054814
  },
  "XLE": {
    "std30": 0.09409376301098943,
    "avgRet": -0.015668137902842657
  },
  "NVDA": {
    "std30": 0.026504091431491284,
    "avgRet": -0.0004278865336107341
  },
  "TSM": {
    "std30": 0.01638783376916632,
    "avgRet": 5.824555004250854e-05
  },
  "ASML.AS": {
    "std30": 0.022696345620278623,
    "avgRet": 0.002406949654252297
  },
  "LMT": {
    "std30": 0.013363831954920307,
    "avgRet": -0.002404278804941268
  },
  "MCHI": {
    "std30": 0.010022963730385987,
    "avgRet": -0.0009543670409169576
  },
  "EEM": {
    "std30": 0.008105347033757192,
    "avgRet": -0.0001911058647809172
  }
}