{
  "SPY": {
    "std30": 0.004272828665082201,
    "avgRet": 0.0013788382227909418
  },
  "QQQ": {
    "std30": 0.0057275297121540045,
    "avgRet": 0.002157662740782746
  },
  "IWM": {
    "std30": 0.008408452402924987,
    "avgRet": 0.0015280776934896692
  },
  "SOXX": {
    "std30": 0.013977032656352249,
    "avgRet": 0.0049799093694120455
  },
  "XLE": {
    "std30": 0.010729081792071445,
    "avgRet": -2.9433384737686318e-05
  },
  "NVDA": {
    "std30": 0.01923492376839604,
    "avgRet": 0.0014820868702242465
  },
  "TSM": {
    "std30": 0.01968735877876421,
    "avgRet": 0.008422163588977228
  },
  "ASML.AS": {
    "std30": 0.023834669998783895,
    "avgRet": 0.008958758723434258
  },
  "LMT": {
    "std30": 0.008593218013383907,
    "avgRet": 0.004366742265110016
  },
  "MCHI": {
    "std30": 0.011089060510087796,
    "avgRet": 0.0033605841150020324
  },
  "EEM": {
    "std30": 0.005475394956080672,
    "avgRet": 0.0029702117867573897
  }
}