{
  "SPY": {
    "std30": 0.00832929968234285,
    "avgRet": -0.0017708716923371891
  },
  "QQQ": {
    "std30": 0.010510878834253909,
    "avgRet": -0.0014208737553442188
  },
  "IWM": {
    "std30": 0.012932876452607742,
    "avgRet": -0.0017383674986947877
  },
  "SOXX": {
    "std30": 0.020381209919873838,
    "avgRet": -0.0013159437240560178
  },
  "XLE": {
    "std30": 0.01059793245713617,
    "avgRet": 0.003583705583772806
  },
  "NVDA": {
    "std30": 0.02106834189124148,
    "avgRet": -0.0017497369464298117
  },
  "TSM": {
    "std30": 0.02253522439400182,
    "avgRet": -0.002357855514168461
  },
  "ASML.AS": {
    "std30": 0.025989858903525027,
    "avgRet": -0.0008184296689793621
  },
  "LMT": {
    "std30": 0.015758035936699995,
    "avgRet": -0.00021215593218139843
  },
  "MCHI": {
    "std30": 0.013186118204606063,
    "avgRet": -0.0030080087589745754
  },
  "EEM": {
    "std30": 0.018707716323968202,
    "avgRet": -0.002239333645267252
  }
}