{
  "SPY": {
    "std30": 0.006379616053864488,
    "avgRet": 0.0007631738406009261
  },
  "QQQ": {
    "std30": 0.008525675364314002,
    "avgRet": 0.0012915544878169796
  },
  "IWM": {
    "std30": 0.009268268942050626,
    "avgRet": 0.001572622378653724
  },
  "SOXX": {
    "std30": 0.018136909023397298,
    "avgRet": 0.006749664059758531
  },
  "XLE": {
    "std30": 0.014848051954100853,
    "avgRet": 0.003914793569735296
  },
  "NVDA": {
    "std30": 0.0184759485608364,
    "avgRet": 0.0030322783660395526
  },
  "TSM": {
    "std30": 0.02048744395423068,
    "avgRet": 0.006207516448320749
  },
  "ASML.AS": {
    "std30": 0.029682974648393933,
    "avgRet": 0.009732976682214848
  },
  "LMT": {
    "std30": 0.019472069900564395,
    "avgRet": 0.007430070499916354
  },
  "MCHI": {
    "std30": 0.012811028196136743,
    "avgRet": 0.0017578494990954402
  },
  "EEM": {
    "std30": 0.009664718120919588,
    "avgRet": 0.004052020112881994
  }
}