{
  "SPY": {
    "std30": 0.009348712636273692,
    "avgRet": 0.0001879338076247566
  },
  "QQQ": {
    "std30": 0.013171083615110183,
    "avgRet": 0.00038139987937827586
  },
  "IWM": {
    "std30": 0.014136916902749324,
    "avgRet": -0.001194350951106346
  },
  "SOXX": {
    "std30": 0.026105950477634664,
    "avgRet": 0.0014728361781769276
  },
  "XLE": {
    "std30": 0.010635731818122877,
    "avgRet": 0.0006586412405140225
  },
  "NVDA": {
    "std30": 0.02721416942217051,
    "avgRet": 0.0002175590441759056
  },
  "TSM": {
    "std30": 0.02728664036665232,
    "avgRet": -0.0008422177469961101
  },
  "ASML.AS": {
    "std30": 0.021553017346553096,
    "avgRet": -0.00019092694075204837
  },
  "LMT": {
    "std30": 0.011780640509477136,
    "avgRet": -0.0034225570494319053
  },
  "MCHI": {
    "std30": 0.01585993161039374,
    "avgRet": -0.0009764954740089591
  },
  "EEM": {
    "std30": 0.012691266574997412,
    "avgRet": 0.0005204241844569498
  }
}