{
  "SPY": {
    "std30": 0.00775155138968241,
    "avgRet": -0.0008905646663640844
  },
  "QQQ": {
    "std30": 0.011046923898252006,
    "avgRet": -0.0012429994146339128
  },
  "IWM": {
    "std30": 0.013145478399614845,
    "avgRet": -0.0014252554894929584
  },
  "SOXX": {
    "std30": 0.025090392807236513,
    "avgRet": -0.0009206994790551652
  },
  "XLE": {
    "std30": 0.013347256097909415,
    "avgRet": 0.0039821413776584295
  },
  "NVDA": {
    "std30": 0.026565440412307677,
    "avgRet": -0.0003557995450448977
  },
  "TSM": {
    "std30": 0.024605863795437395,
    "avgRet": 0.0011719945278663999
  },
  "ASML.AS": {
    "std30": 0.02711099402456259,
    "avgRet": -0.0013609185593808886
  },
  "LMT": {
    "std30": 0.019320557687514745,
    "avgRet": 0.0033008607078028923
  },
  "MCHI": {
    "std30": 0.01326309898370436,
    "avgRet": -0.002498701776889122
  },
  "EEM": {
    "std30": 0.015757945148598934,
    "avgRet": -0.0008403198052957873
  }
}