{
  "SPY": {
    "std30": 0.0077501991185588625,
    "avgRet": -0.0009273217081616463
  },
  "QQQ": {
    "std30": 0.011020735714188625,
    "avgRet": -0.0013248478317691313
  },
  "IWM": {
    "std30": 0.013126402164983597,
    "avgRet": -0.0013369706483434293
  },
  "SOXX": {
    "std30": 0.024768643790019983,
    "avgRet": -0.001258817534492502
  },
  "XLE": {
    "std30": 0.013608245796765346,
    "avgRet": 0.004360789712435763
  },
  "NVDA": {
    "std30": 0.02642091559694445,
    "avgRet": -0.000665645216163769
  },
  "TSM": {
    "std30": 0.02492485710287483,
    "avgRet": 0.0016242858668773967
  },
  "ASML.AS": {
    "std30": 0.026837484787170143,
    "avgRet": -0.00048156917473941613
  },
  "LMT": {
    "std30": 0.019320223354742677,
    "avgRet": 0.003282887855083472
  },
  "MCHI": {
    "std30": 0.013094183786222654,
    "avgRet": -0.003136019088910599
  },
  "EEM": {
    "std30": 0.01571267717963075,
    "avgRet": -0.0009541579122469595
  }
}