{
  "SPY": {
    "std30": 0.007825404146496708,
    "avgRet": -6.489095005971234e-05
  },
  "QQQ": {
    "std30": 0.010563225957836311,
    "avgRet": -0.0006499722461407176
  },
  "IWM": {
    "std30": 0.012242977579384938,
    "avgRet": 0.0018167982267605536
  },
  "SOXX": {
    "std30": 0.022210423205240106,
    "avgRet": 0.0043595246020530255
  },
  "XLE": {
    "std30": 0.015680462477332367,
    "avgRet": 0.006065228842648534
  },
  "NVDA": {
    "std30": 0.023530872348941596,
    "avgRet": -0.0008172839306660041
  },
  "TSM": {
    "std30": 0.022874788043110345,
    "avgRet": 0.005170449958678547
  },
  "ASML.AS": {
    "std30": 0.02740147591045005,
    "avgRet": 0.007291038957187267
  },
  "LMT": {
    "std30": 0.022182127632437425,
    "avgRet": 0.009720151898892365
  },
  "MCHI": {
    "std30": 0.013066389776723576,
    "avgRet": -0.001043363552676382
  },
  "EEM": {
    "std30": 0.010684770759241123,
    "avgRet": 0.0025959231391969604
  }
}