{
  "SPY": {
    "std30": 0.005309083275409875,
    "avgRet": 0.0011908283263274307
  },
  "QQQ": {
    "std30": 0.0077440710910253755,
    "avgRet": 0.0010729305056074397
  },
  "IWM": {
    "std30": 0.010083713181600383,
    "avgRet": 0.0021411234364895376
  },
  "SOXX": {
    "std30": 0.019388709121948917,
    "avgRet": 0.004721596122308828
  },
  "XLE": {
    "std30": 0.013614115571918257,
    "avgRet": 0.0011439971022571224
  },
  "NVDA": {
    "std30": 0.017876589970098118,
    "avgRet": 0.0014419552335079471
  },
  "TSM": {
    "std30": 0.0193370122281242,
    "avgRet": 0.004230778418690898
  },
  "ASML.AS": {
    "std30": 0.02683623235751549,
    "avgRet": 0.007798280086244671
  },
  "LMT": {
    "std30": 0.014232237039160307,
    "avgRet": 0.005197372599455193
  },
  "MCHI": {
    "std30": 0.01079199660249729,
    "avgRet": 5.30534763140057e-05
  },
  "EEM": {
    "std30": 0.008795689167710959,
    "avgRet": 0.0020122957894744753
  }
}