{
  "SPY": {
    "std30": 0.00740961370230032,
    "avgRet": 0.00021076543788789426
  },
  "QQQ": {
    "std30": 0.009982413483601446,
    "avgRet": -0.0005060901664724865
  },
  "IWM": {
    "std30": 0.012034502027270043,
    "avgRet": 0.0019964027718954312
  },
  "SOXX": {
    "std30": 0.022533522591612065,
    "avgRet": 0.0053581237903664375
  },
  "XLE": {
    "std30": 0.015127938532027008,
    "avgRet": 0.006840629037461613
  },
  "NVDA": {
    "std30": 0.023134507887111442,
    "avgRet": 0.000702379082201311
  },
  "TSM": {
    "std30": 0.023956221977283965,
    "avgRet": 0.00786539566554398
  },
  "ASML.AS": {
    "std30": 0.0307987014888453,
    "avgRet": 0.01010822816341369
  },
  "LMT": {
    "std30": 0.02269723331835394,
    "avgRet": 0.00872015886874391
  },
  "MCHI": {
    "std30": 0.014357241663472478,
    "avgRet": 0.0005457193683593431
  },
  "EEM": {
    "std30": 0.011038576419159715,
    "avgRet": 0.0036484406828430366
  }
}