{
  "SPY": {
    "std30": 0.005983133943908015,
    "avgRet": 0.0010118190914046904
  },
  "QQQ": {
    "std30": 0.00738728295655028,
    "avgRet": 0.0013281771247321264
  },
  "IWM": {
    "std30": 0.01097495837996528,
    "avgRet": 0.0007670252376150098
  },
  "SOXX": {
    "std30": 0.011668263154794323,
    "avgRet": 0.0005979334659747365
  },
  "XLE": {
    "std30": 0.010753080532470595,
    "avgRet": -0.0001727644636208386
  },
  "NVDA": {
    "std30": 0.01681355906299058,
    "avgRet": 0.005037674220218656
  },
  "TSM": {
    "std30": 0.01987523514479071,
    "avgRet": 0.002488225438973937
  },
  "ASML.AS": {
    "std30": 0.022056873056321893,
    "avgRet": -0.0033823982071393087
  },
  "LMT": {
    "std30": 0.02200975373578889,
    "avgRet": -0.002608440503680648
  },
  "MCHI": {
    "std30": 0.008872156832775053,
    "avgRet": 0.0017008337233916735
  },
  "EEM": {
    "std30": 0.00593613093553309,
    "avgRet": 0.0007668083631794387
  }
}