{
  "SPY": {
    "std30": 0.008161974984948977,
    "avgRet": -0.0001010394085075478
  },
  "QQQ": {
    "std30": 0.011696691618872506,
    "avgRet": -0.00044967332639931663
  },
  "IWM": {
    "std30": 0.01335165127485459,
    "avgRet": 0.0004320758298178037
  },
  "SOXX": {
    "std30": 0.022515144614758148,
    "avgRet": 0.0009001622967260243
  },
  "XLE": {
    "std30": 0.0941991699725353,
    "avgRet": -0.015345056805339232
  },
  "NVDA": {
    "std30": 0.024291097229624928,
    "avgRet": -0.002724366190560808
  },
  "TSM": {
    "std30": 0.016814554654793586,
    "avgRet": -4.252082764569136e-05
  },
  "ASML.AS": {
    "std30": 0.02247143320200323,
    "avgRet": 0.002110201884661428
  },
  "LMT": {
    "std30": 0.014675106508518942,
    "avgRet": -0.001149397980126756
  },
  "MCHI": {
    "std30": 0.009784840477381807,
    "avgRet": -0.002069830837745276
  },
  "EEM": {
    "std30": 0.007846308576952723,
    "avgRet": -0.0007970737207942716
  }
}