{
  "SPY": {
    "std30": 0.008128795394051485,
    "avgRet": 0.0006852001419457299
  },
  "QQQ": {
    "std30": 0.011483742605867125,
    "avgRet": 0.0013277533286241649
  },
  "IWM": {
    "std30": 0.012735562389319579,
    "avgRet": 0.00032474402604224634
  },
  "SOXX": {
    "std30": 0.02399595055062056,
    "avgRet": 0.004392791865378619
  },
  "XLE": {
    "std30": 0.010808466068479303,
    "avgRet": -0.0011053725846595344
  },
  "NVDA": {
    "std30": 0.02304718177703687,
    "avgRet": 0.0031628878889896285
  },
  "TSM": {
    "std30": 0.026861251538903216,
    "avgRet": 0.0025925782917115177
  },
  "ASML.AS": {
    "std30": 0.021934225486385444,
    "avgRet": 0.0031250969317863126
  },
  "LMT": {
    "std30": 0.01150448905552637,
    "avgRet": -0.0010163021317272742
  },
  "MCHI": {
    "std30": 0.0162136451583463,
    "avgRet": 1.0611447914427222e-05
  },
  "EEM": {
    "std30": 0.012173755699454853,
    "avgRet": 0.0014766644569833526
  }
}