{
  "SPY": {
    "std30": 0.006383677988526952,
    "avgRet": 0.0007383835786124793
  },
  "QQQ": {
    "std30": 0.00852333571891116,
    "avgRet": 0.0012809003627856316
  },
  "IWM": {
    "std30": 0.00924115248025107,
    "avgRet": 0.0016116992780841142
  },
  "SOXX": {
    "std30": 0.0180682759205563,
    "avgRet": 0.0066877860321550376
  },
  "XLE": {
    "std30": 0.014837333970508139,
    "avgRet": 0.0038523122273583675
  },
  "NVDA": {
    "std30": 0.01846283544826153,
    "avgRet": 0.003013987066113444
  },
  "TSM": {
    "std30": 0.02049064791856315,
    "avgRet": 0.006218727370612748
  },
  "ASML.AS": {
    "std30": 0.030053182577358242,
    "avgRet": 0.009431111788896173
  },
  "LMT": {
    "std30": 0.019467851770811232,
    "avgRet": 0.007454992907189065
  },
  "MCHI": {
    "std30": 0.012797535076016145,
    "avgRet": 0.0017360560033642392
  },
  "EEM": {
    "std30": 0.009654547271603586,
    "avgRet": 0.003940582626454508
  }
}