{
  "SPY": {
    "std30": 0.006998860930252525,
    "avgRet": 0.0009700291973832005
  },
  "QQQ": {
    "std30": 0.010305917101176534,
    "avgRet": 0.000941656224377631
  },
  "IWM": {
    "std30": 0.012001341792323554,
    "avgRet": 0.002123639225660095
  },
  "SOXX": {
    "std30": 0.021562450880862744,
    "avgRet": 0.00217312088384091
  },
  "XLE": {
    "std30": 0.0939193051984094,
    "avgRet": -0.017746244102757984
  },
  "NVDA": {
    "std30": 0.020992856979425982,
    "avgRet": 0.0010467922457313428
  },
  "TSM": {
    "std30": 0.01805966663701004,
    "avgRet": 0.002167428605483583
  },
  "ASML.AS": {
    "std30": 0.024110546253248884,
    "avgRet": 0.0018016747707448226
  },
  "LMT": {
    "std30": 0.013985169085736854,
    "avgRet": 0.0023102531062929245
  },
  "MCHI": {
    "std30": 0.009139231733297065,
    "avgRet": -0.0017982367687761874
  },
  "EEM": {
    "std30": 0.007721107824844414,
    "avgRet": -0.00016941604255752533
  }
}