{
  "SPY": {
    "std30": 0.008124537407926633,
    "avgRet": 0.0010665583947753227
  },
  "QQQ": {
    "std30": 0.011356836466400835,
    "avgRet": 0.0017714484526639095
  },
  "IWM": {
    "std30": 0.012793671570255436,
    "avgRet": 0.0008827963664760965
  },
  "SOXX": {
    "std30": 0.02398559464904679,
    "avgRet": 0.004866680241270452
  },
  "XLE": {
    "std30": 0.010421339437448792,
    "avgRet": -0.0013574952208521333
  },
  "NVDA": {
    "std30": 0.022897553758912764,
    "avgRet": 0.003576579096610638
  },
  "TSM": {
    "std30": 0.02693636861908772,
    "avgRet": 0.002562701249746389
  },
  "ASML.AS": {
    "std30": 0.021855817622418294,
    "avgRet": 0.003571928335478687
  },
  "LMT": {
    "std30": 0.011387075016911679,
    "avgRet": -0.0006424694814126051
  },
  "MCHI": {
    "std30": 0.016108988739663925,
    "avgRet": -0.0006154155759317758
  },
  "EEM": {
    "std30": 0.012154481955161039,
    "avgRet": 0.0015616234286663921
  }
}