{
  "SPY": {
    "std30": 0.007844377083795694,
    "avgRet": 0.001080687625212441
  },
  "QQQ": {
    "std30": 0.010637599578850082,
    "avgRet": 0.002000217097788851
  },
  "IWM": {
    "std30": 0.012324699064362033,
    "avgRet": 0.00024975180144028305
  },
  "SOXX": {
    "std30": 0.021905036052439892,
    "avgRet": 0.004996374787345909
  },
  "XLE": {
    "std30": 0.010714922875112097,
    "avgRet": -0.0003057060996844192
  },
  "NVDA": {
    "std30": 0.021937237195590518,
    "avgRet": 0.005985414707126898
  },
  "TSM": {
    "std30": 0.026414052724066373,
    "avgRet": 0.0032419173041554348
  },
  "ASML.AS": {
    "std30": 0.020913393548641995,
    "avgRet": 0.0038061518523332012
  },
  "LMT": {
    "std30": 0.010781885156668941,
    "avgRet": -1.7424509198049226e-05
  },
  "MCHI": {
    "std30": 0.01605734785176955,
    "avgRet": 7.480282156132497e-05
  },
  "EEM": {
    "std30": 0.01160195793952141,
    "avgRet": 0.0015852274323239557
  }
}