{
  "SPY": {
    "std30": 0.005378962765108872,
    "avgRet": 0.0016471223246322664
  },
  "QQQ": {
    "std30": 0.006991376359268989,
    "avgRet": 0.0016245636744937715
  },
  "IWM": {
    "std30": 0.01219464922815063,
    "avgRet": 0.0036927852107242363
  },
  "SOXX": {
    "std30": 0.013955623123593403,
    "avgRet": 0.00367126926188759
  },
  "XLE": {
    "std30": 0.009519596338570694,
    "avgRet": 0.002100103157791254
  },
  "NVDA": {
    "std30": 0.01731048742276073,
    "avgRet": -0.0007260258850847735
  },
  "TSM": {
    "std30": 0.016588993118025676,
    "avgRet": 0.0034635600175139843
  },
  "ASML.AS": {
    "std30": 0.021638565729350676,
    "avgRet": 0.009191146841963833
  },
  "LMT": {
    "std30": 0.009516972199806326,
    "avgRet": 0.003281550218125262
  },
  "MCHI": {
    "std30": 0.013851098582519247,
    "avgRet": 0.003798017917031849
  },
  "EEM": {
    "std30": 0.007482886974599602,
    "avgRet": 0.0024820080036954146
  }
}