{
  "SPY": {
    "std30": 0.008042971217631707,
    "avgRet": 0.0003467576027554416
  },
  "QQQ": {
    "std30": 0.011511480479191621,
    "avgRet": -8.058217387899694e-05
  },
  "IWM": {
    "std30": 0.013061556241335797,
    "avgRet": 0.0012593189598235402
  },
  "SOXX": {
    "std30": 0.02310075737792856,
    "avgRet": -0.00037892821465891765
  },
  "XLE": {
    "std30": 0.0941594427035235,
    "avgRet": -0.01710115113245186
  },
  "NVDA": {
    "std30": 0.022982200421278,
    "avgRet": -0.002425570691400335
  },
  "TSM": {
    "std30": 0.019531243101638535,
    "avgRet": -0.00036332311976115664
  },
  "ASML.AS": {
    "std30": 0.024869687523615305,
    "avgRet": 0.0005429028583661582
  },
  "LMT": {
    "std30": 0.014558358637873773,
    "avgRet": 0.00019259900574067633
  },
  "MCHI": {
    "std30": 0.009292447858531394,
    "avgRet": -0.0021708916413764124
  },
  "EEM": {
    "std30": 0.008299454888580008,
    "avgRet": -0.0009313459865057555
  }
}