{
  "SPY": {
    "std30": 0.006098405447137238,
    "avgRet": 0.001068266573646
  },
  "QQQ": {
    "std30": 0.007210163290669808,
    "avgRet": 0.0015030587098199687
  },
  "IWM": {
    "std30": 0.012572208790506603,
    "avgRet": 0.0008452636209608156
  },
  "SOXX": {
    "std30": 0.012918295828918062,
    "avgRet": 0.0012734120949806293
  },
  "XLE": {
    "std30": 0.010471648325771845,
    "avgRet": -0.0007364170103172593
  },
  "NVDA": {
    "std30": 0.015116446225189222,
    "avgRet": 0.004747262322382398
  },
  "TSM": {
    "std30": 0.01870495524244467,
    "avgRet": 0.0009409222749831561
  },
  "ASML.AS": {
    "std30": 0.022951387462994133,
    "avgRet": -0.001814420016328573
  },
  "LMT": {
    "std30": 0.022705297544160976,
    "avgRet": -0.0013776424092039857
  },
  "MCHI": {
    "std30": 0.011345803536699178,
    "avgRet": 0.0028694937016307638
  },
  "EEM": {
    "std30": 0.006995213204870246,
    "avgRet": 0.0008277780812750607
  }
}