{
  "SPY": {
    "std30": 0.008773083128979885,
    "avgRet": 0.0008120394602970993
  },
  "QQQ": {
    "std30": 0.012600059304824999,
    "avgRet": 0.0013704009975386126
  },
  "IWM": {
    "std30": 0.013279829255960905,
    "avgRet": 0.00038474868277534
  },
  "SOXX": {
    "std30": 0.0250646707329865,
    "avgRet": 0.004077546667475315
  },
  "XLE": {
    "std30": 0.010233675346835574,
    "avgRet": 0.0004404340618063025
  },
  "NVDA": {
    "std30": 0.025703204535894066,
    "avgRet": 0.0025470070579511625
  },
  "TSM": {
    "std30": 0.02744567092660908,
    "avgRet": 0.002354108898536301
  },
  "ASML.AS": {
    "std30": 0.02248675635623137,
    "avgRet": 0.0027290076046713415
  },
  "LMT": {
    "std30": 0.011779207679217968,
    "avgRet": -0.003353618046482361
  },
  "MCHI": {
    "std30": 0.016103050188152286,
    "avgRet": -0.00047768440647896857
  },
  "EEM": {
    "std30": 0.012568398460870076,
    "avgRet": 0.001423127658526717
  }
}