{
  "SPY": {
    "std30": 0.008238109804853434,
    "avgRet": -0.0018094486333269588
  },
  "QQQ": {
    "std30": 0.010398651473506253,
    "avgRet": -0.0013714189746041596
  },
  "IWM": {
    "std30": 0.012807035298587599,
    "avgRet": -0.0021482535360706403
  },
  "SOXX": {
    "std30": 0.020911872560765054,
    "avgRet": -0.0007394641853272746
  },
  "XLE": {
    "std30": 0.01184687600784,
    "avgRet": 0.004722437665157055
  },
  "NVDA": {
    "std30": 0.020554876764836902,
    "avgRet": -0.0022109323756121647
  },
  "TSM": {
    "std30": 0.02346709838050984,
    "avgRet": -0.0014703754269337918
  },
  "ASML.AS": {
    "std30": 0.026351724344576256,
    "avgRet": 0.000209567885595272
  },
  "LMT": {
    "std30": 0.015185956519704795,
    "avgRet": -0.0008439820782807936
  },
  "MCHI": {
    "std30": 0.012621314327158089,
    "avgRet": -0.0035867123073915082
  },
  "EEM": {
    "std30": 0.01864323303164355,
    "avgRet": -0.0020915703510552466
  }
}