{
  "SPY": {
    "std30": 0.008383588166462714,
    "avgRet": 0.00012032747876981552
  },
  "QQQ": {
    "std30": 0.01203681731536768,
    "avgRet": 0.0001381403451973278
  },
  "IWM": {
    "std30": 0.013495048860278917,
    "avgRet": -0.001303273670683625
  },
  "SOXX": {
    "std30": 0.02271710033922718,
    "avgRet": 0.00027652778516155225
  },
  "XLE": {
    "std30": 0.010441902549498241,
    "avgRet": 0.0008404265695426482
  },
  "NVDA": {
    "std30": 0.02538919091382418,
    "avgRet": -8.727130553985574e-05
  },
  "TSM": {
    "std30": 0.016459342512010068,
    "avgRet": -0.0019107263090613938
  },
  "ASML.AS": {
    "std30": 0.02074068857025369,
    "avgRet": 0.0004029688336811602
  },
  "LMT": {
    "std30": 0.012496194341342552,
    "avgRet": -0.0034216224915094265
  },
  "MCHI": {
    "std30": 0.010724142421851685,
    "avgRet": -0.0003657734118895113
  },
  "EEM": {
    "std30": 0.009205822030154647,
    "avgRet": 0.00031005661888213246
  }
}