{
  "SPY": {
    "std30": 0.0077518249275764705,
    "avgRet": -0.0008366750292904506
  },
  "QQQ": {
    "std30": 0.011049768306407692,
    "avgRet": -0.0012234233804660698
  },
  "IWM": {
    "std30": 0.013145189592492213,
    "avgRet": -0.0014347728505190917
  },
  "SOXX": {
    "std30": 0.025180199697839533,
    "avgRet": -0.0007218216013486547
  },
  "XLE": {
    "std30": 0.013260756299873902,
    "avgRet": 0.0040525518400408795
  },
  "NVDA": {
    "std30": 0.026524878993960135,
    "avgRet": -0.00045397647497677593
  },
  "TSM": {
    "std30": 0.02458274204529825,
    "avgRet": 0.0013193398400110146
  },
  "ASML.AS": {
    "std30": 0.027093845357472477,
    "avgRet": -0.001382765277724361
  },
  "LMT": {
    "std30": 0.01919986983185384,
    "avgRet": 0.0034062585847885137
  },
  "MCHI": {
    "std30": 0.013358545233140269,
    "avgRet": -0.002441888352175878
  },
  "EEM": {
    "std30": 0.015795724946987447,
    "avgRet": -0.0007459273094992028
  }
}