{
  "SPY": {
    "std30": 0.008260343404632522,
    "avgRet": -0.0002797002857714119
  },
  "QQQ": {
    "std30": 0.011181385464820852,
    "avgRet": -0.0007522658726439408
  },
  "IWM": {
    "std30": 0.012475345942101675,
    "avgRet": -0.00046165988454002484
  },
  "SOXX": {
    "std30": 0.021859966780650678,
    "avgRet": 0.0017394385800253967
  },
  "XLE": {
    "std30": 0.012694986407175788,
    "avgRet": 0.0056403289542921444
  },
  "NVDA": {
    "std30": 0.026568959120531182,
    "avgRet": -0.0015263651674376412
  },
  "TSM": {
    "std30": 0.02277951577752604,
    "avgRet": 0.003428269554727024
  },
  "ASML.AS": {
    "std30": 0.022604284052295795,
    "avgRet": 0.003202216778650762
  },
  "LMT": {
    "std30": 0.01815656714245521,
    "avgRet": 0.004649855217428559
  },
  "MCHI": {
    "std30": 0.011746301962456896,
    "avgRet": -0.002478243653464247
  },
  "EEM": {
    "std30": 0.011513601565623817,
    "avgRet": 0.0026344171846914
  }
}