{
  "SPY": {
    "std30": 0.008224315705465453,
    "avgRet": -0.0018599589453228435
  },
  "QQQ": {
    "std30": 0.010409623439183956,
    "avgRet": -0.0014359275366496688
  },
  "IWM": {
    "std30": 0.012788846530959023,
    "avgRet": -0.0021705499247524343
  },
  "SOXX": {
    "std30": 0.020892343970072957,
    "avgRet": -0.0007640617976889875
  },
  "XLE": {
    "std30": 0.01145087603632118,
    "avgRet": 0.004502980900163732
  },
  "NVDA": {
    "std30": 0.02055502059509319,
    "avgRet": -0.0022099507439046744
  },
  "TSM": {
    "std30": 0.02342400330974559,
    "avgRet": -0.0015264118200239909
  },
  "ASML.AS": {
    "std30": 0.026075507313545444,
    "avgRet": -8.122508038723796e-05
  },
  "LMT": {
    "std30": 0.015207934544584427,
    "avgRet": -0.0008960209675582684
  },
  "MCHI": {
    "std30": 0.01262287912440832,
    "avgRet": -0.003583610782061352
  },
  "EEM": {
    "std30": 0.018651186053655695,
    "avgRet": -0.0021096210011794956
  }
}