{
  "SPY": {
    "std30": 0.005555485690982673,
    "avgRet": 0.0016037839514448351
  },
  "QQQ": {
    "std30": 0.007226656846330465,
    "avgRet": 0.0016725607974208872
  },
  "IWM": {
    "std30": 0.011685963562364175,
    "avgRet": 0.0030186065610924256
  },
  "SOXX": {
    "std30": 0.013264619205568567,
    "avgRet": 0.0024946940880764775
  },
  "XLE": {
    "std30": 0.009292850191023846,
    "avgRet": 0.001193940359959088
  },
  "NVDA": {
    "std30": 0.015137843064900314,
    "avgRet": -0.00032277406780336715
  },
  "TSM": {
    "std30": 0.019440418531980946,
    "avgRet": 0.003272911328840586
  },
  "ASML.AS": {
    "std30": 0.02015678698284591,
    "avgRet": 0.007642320695124754
  },
  "LMT": {
    "std30": 0.01007911573281256,
    "avgRet": 0.0038698098417232025
  },
  "MCHI": {
    "std30": 0.013304234415608712,
    "avgRet": 0.004034931522539856
  },
  "EEM": {
    "std30": 0.0074481856583138205,
    "avgRet": 0.002712944653023584
  }
}