{
  "SPY": {
    "std30": 0.005086464468397316,
    "avgRet": 0.0015958576196334494
  },
  "QQQ": {
    "std30": 0.00593027945197578,
    "avgRet": 0.0021869382633040034
  },
  "IWM": {
    "std30": 0.01091891817234259,
    "avgRet": 0.0024357215223151777
  },
  "SOXX": {
    "std30": 0.011683472086033115,
    "avgRet": 0.004150790237357833
  },
  "XLE": {
    "std30": 0.011305206646613615,
    "avgRet": 0.0014106512136657693
  },
  "NVDA": {
    "std30": 0.01904701277111456,
    "avgRet": 0.0024564078729625524
  },
  "TSM": {
    "std30": 0.01718739434508256,
    "avgRet": 0.00784523941409684
  },
  "ASML.AS": {
    "std30": 0.02203931944938793,
    "avgRet": 0.010150271562964426
  },
  "LMT": {
    "std30": 0.008368568862970044,
    "avgRet": 0.0038006109692096408
  },
  "MCHI": {
    "std30": 0.012571700355369005,
    "avgRet": 0.003435217082633984
  },
  "EEM": {
    "std30": 0.006529957312497819,
    "avgRet": 0.002658515940013149
  }
}