{
  "SPY": {
    "std30": 0.007193889624579549,
    "avgRet": 0.0006437600311141888
  },
  "QQQ": {
    "std30": 0.009597726016535761,
    "avgRet": 0.0014298454289332343
  },
  "IWM": {
    "std30": 0.012701047467889073,
    "avgRet": 0.0005105433868158718
  },
  "SOXX": {
    "std30": 0.021421074278543305,
    "avgRet": 0.004085200126375243
  },
  "XLE": {
    "std30": 0.01109471811450727,
    "avgRet": -0.0006830985592160344
  },
  "NVDA": {
    "std30": 0.020852935725871453,
    "avgRet": 0.0008424205655814005
  },
  "TSM": {
    "std30": 0.02718799937937193,
    "avgRet": 0.004432795502537788
  },
  "ASML.AS": {
    "std30": 0.02532841810637203,
    "avgRet": 0.008536227285733085
  },
  "LMT": {
    "std30": 0.011036378803601279,
    "avgRet": 0.0011106830141700246
  },
  "MCHI": {
    "std30": 0.015579268854191594,
    "avgRet": -0.00044393542049282894
  },
  "EEM": {
    "std30": 0.0111885463804261,
    "avgRet": 0.0014384926151710961
  }
}