{
  "SPY": {
    "std30": 0.005903149552739996,
    "avgRet": 0.000943730565628342
  },
  "QQQ": {
    "std30": 0.007871416355242168,
    "avgRet": 0.0010061156638739204
  },
  "IWM": {
    "std30": 0.009335480429519661,
    "avgRet": 0.0018149915845004417
  },
  "SOXX": {
    "std30": 0.018162841593865286,
    "avgRet": 0.006633635207614665
  },
  "XLE": {
    "std30": 0.013131299666335165,
    "avgRet": 0.004799751627145421
  },
  "NVDA": {
    "std30": 0.016877688488226926,
    "avgRet": 0.0028736424253201736
  },
  "TSM": {
    "std30": 0.019738404894307608,
    "avgRet": 0.005916165609933998
  },
  "ASML.AS": {
    "std30": 0.027291165665073936,
    "avgRet": 0.011752400849050892
  },
  "LMT": {
    "std30": 0.019673454394034635,
    "avgRet": 0.010468120054023273
  },
  "MCHI": {
    "std30": 0.013525934544106225,
    "avgRet": 0.001107815894674404
  },
  "EEM": {
    "std30": 0.009722399914178254,
    "avgRet": 0.0036025054749850927
  }
}