{
  "SPY": {
    "std30": 0.007923940243890744,
    "avgRet": 0.00024520536368044906
  },
  "QQQ": {
    "std30": 0.011257461760529998,
    "avgRet": -0.0003233625444450938
  },
  "IWM": {
    "std30": 0.013548339962786725,
    "avgRet": 0.001325797131616754
  },
  "SOXX": {
    "std30": 0.022877925262491283,
    "avgRet": 0.00023328775286050922
  },
  "XLE": {
    "std30": 0.09407479659724524,
    "avgRet": -0.016918713771405882
  },
  "NVDA": {
    "std30": 0.022725613642673812,
    "avgRet": -0.003576668477304228
  },
  "TSM": {
    "std30": 0.01785462067342254,
    "avgRet": -0.000690872447412884
  },
  "ASML.AS": {
    "std30": 0.022348472148946263,
    "avgRet": 0.0017777509312864382
  },
  "LMT": {
    "std30": 0.015240087925903978,
    "avgRet": -0.00047422052978087463
  },
  "MCHI": {
    "std30": 0.009587566480697137,
    "avgRet": -0.0016584295394773264
  },
  "EEM": {
    "std30": 0.008181062871038598,
    "avgRet": -0.0010213720637031378
  }
}