{
  "SPY": {
    "std30": 0.00833670014796989,
    "avgRet": 0.00041053430657183183
  },
  "QQQ": {
    "std30": 0.011950172602309076,
    "avgRet": 0.0006979921717350818
  },
  "IWM": {
    "std30": 0.013147947209305712,
    "avgRet": 8.217870013263749e-05
  },
  "SOXX": {
    "std30": 0.024682220675201608,
    "avgRet": 0.003418915095601097
  },
  "XLE": {
    "std30": 0.010293057772842566,
    "avgRet": -0.0002400247837032073
  },
  "NVDA": {
    "std30": 0.02387778461382285,
    "avgRet": 0.0014517448081836292
  },
  "TSM": {
    "std30": 0.027094512339153023,
    "avgRet": 0.001988738118719503
  },
  "ASML.AS": {
    "std30": 0.02215729399615066,
    "avgRet": 0.0021327208594955358
  },
  "LMT": {
    "std30": 0.012058862910671932,
    "avgRet": -0.002368015043307039
  },
  "MCHI": {
    "std30": 0.015778739518480484,
    "avgRet": -0.0009028918171471465
  },
  "EEM": {
    "std30": 0.012177384737127515,
    "avgRet": 0.0009429414518476473
  }
}