{
  "SPY": {
    "std30": 0.006983483861446181,
    "avgRet": 0.0004600480571812887
  },
  "QQQ": {
    "std30": 0.008760839395462175,
    "avgRet": 0.0005100048624755132
  },
  "IWM": {
    "std30": 0.012723697658660648,
    "avgRet": 0.0018958585512109287
  },
  "SOXX": {
    "std30": 0.014874864320294053,
    "avgRet": 0.0006833191531649771
  },
  "XLE": {
    "std30": 0.010307835805680926,
    "avgRet": 7.721507648321844e-05
  },
  "NVDA": {
    "std30": 0.0165725830262497,
    "avgRet": -0.0013697468088341904
  },
  "TSM": {
    "std30": 0.018381972586955512,
    "avgRet": -0.0004961924119768441
  },
  "ASML.AS": {
    "std30": 0.018423413458962423,
    "avgRet": 0.0031750753039091243
  },
  "LMT": {
    "std30": 0.009188622469416109,
    "avgRet": 0.0032242807285265485
  },
  "MCHI": {
    "std30": 0.013222267247437651,
    "avgRet": 0.0014391471500406186
  },
  "EEM": {
    "std30": 0.007517041864654418,
    "avgRet": 0.0006109087314493264
  }
}