{
  "SPY": {
    "std30": 0.006813953181578896,
    "avgRet": 0.0007186128001610253
  },
  "QQQ": {
    "std30": 0.008668966168655683,
    "avgRet": 0.0005494948990608842
  },
  "IWM": {
    "std30": 0.0126085858197168,
    "avgRet": 0.0018643832397739536
  },
  "SOXX": {
    "std30": 0.01477118355143691,
    "avgRet": 0.0003529699475038818
  },
  "XLE": {
    "std30": 0.009554454913634422,
    "avgRet": 0.0007877241704776504
  },
  "NVDA": {
    "std30": 0.015411968529117085,
    "avgRet": -0.0005120241817737702
  },
  "TSM": {
    "std30": 0.017919659994471003,
    "avgRet": -0.0009255045463123922
  },
  "ASML.AS": {
    "std30": 0.017988792731668295,
    "avgRet": 0.001362755590410727
  },
  "LMT": {
    "std30": 0.008877800349507194,
    "avgRet": 0.0027640948058589836
  },
  "MCHI": {
    "std30": 0.013039057248047927,
    "avgRet": 0.0006598734031249304
  },
  "EEM": {
    "std30": 0.0073635372135499345,
    "avgRet": 8.158145795769582e-05
  }
}