{
  "SPY": {
    "std30": 0.0050580391195135434,
    "avgRet": 0.00037679908959150515
  },
  "QQQ": {
    "std30": 0.007824347036557502,
    "avgRet": -6.347180696811187e-05
  },
  "IWM": {
    "std30": 0.008517584087624552,
    "avgRet": 0.0018946115519221575
  },
  "SOXX": {
    "std30": 0.019021058130661135,
    "avgRet": 0.004033949701674087
  },
  "XLE": {
    "std30": 0.014917867288291128,
    "avgRet": 0.0015628352338055726
  },
  "NVDA": {
    "std30": 0.016939916256297476,
    "avgRet": 0.0006705205009215878
  },
  "TSM": {
    "std30": 0.021026896183867418,
    "avgRet": 0.005608277666061488
  },
  "ASML.AS": {
    "std30": 0.029453232846685683,
    "avgRet": 0.007400290040267332
  },
  "LMT": {
    "std30": 0.018614026508786657,
    "avgRet": 0.009229716802349802
  },
  "MCHI": {
    "std30": 0.012854858252503303,
    "avgRet": 0.000378265847055761
  },
  "EEM": {
    "std30": 0.009266464919309212,
    "avgRet": 0.002220332649783018
  }
}