{
  "SPY": {
    "std30": 0.008072478058950571,
    "avgRet": -0.0013136770284035359
  },
  "QQQ": {
    "std30": 0.011295120177816925,
    "avgRet": -0.0016870313684773728
  },
  "IWM": {
    "std30": 0.013649605920897723,
    "avgRet": -0.0020676212860574195
  },
  "SOXX": {
    "std30": 0.025305789630510937,
    "avgRet": -0.002725418209933198
  },
  "XLE": {
    "std30": 0.01407621009960837,
    "avgRet": 0.004868498590214099
  },
  "NVDA": {
    "std30": 0.026570588366388946,
    "avgRet": -0.0014398418100434224
  },
  "TSM": {
    "std30": 0.02623712852697024,
    "avgRet": 0.00023683070301827973
  },
  "ASML.AS": {
    "std30": 0.027050629384810468,
    "avgRet": -0.0024158259189956954
  },
  "LMT": {
    "std30": 0.01786559933543612,
    "avgRet": 0.0019000466615175975
  },
  "MCHI": {
    "std30": 0.01305192181861157,
    "avgRet": -0.003619573001596639
  },
  "EEM": {
    "std30": 0.016650217388219223,
    "avgRet": -0.001877295956941041
  }
}