{
  "SPY": {
    "std30": 0.005176031603365174,
    "avgRet": 0.00075368187235417
  },
  "QQQ": {
    "std30": 0.006752922803039689,
    "avgRet": 0.0008449602701849874
  },
  "IWM": {
    "std30": 0.011035494026114036,
    "avgRet": 0.0017674757314152015
  },
  "SOXX": {
    "std30": 0.013246022680338185,
    "avgRet": 0.0017324236750772492
  },
  "XLE": {
    "std30": 0.010384473580626597,
    "avgRet": 0.002093245221854891
  },
  "NVDA": {
    "std30": 0.0194413411336214,
    "avgRet": -0.0006108323226750264
  },
  "TSM": {
    "std30": 0.019064225786532066,
    "avgRet": 0.00480538608035009
  },
  "ASML.AS": {
    "std30": 0.022410689093780075,
    "avgRet": 0.007977047882549963
  },
  "LMT": {
    "std30": 0.007954607837841611,
    "avgRet": 0.0038178670714895517
  },
  "MCHI": {
    "std30": 0.01227409156913126,
    "avgRet": 0.003135821682038834
  },
  "EEM": {
    "std30": 0.00664805106857893,
    "avgRet": 0.0020306857229353604
  }
}