{
  "SPY": {
    "std30": 0.00651149640953767,
    "avgRet": 0.000609218377895718
  },
  "QQQ": {
    "std30": 0.008884068858410971,
    "avgRet": 0.0008049983121290288
  },
  "IWM": {
    "std30": 0.009142296914340311,
    "avgRet": 0.0017197333399532103
  },
  "SOXX": {
    "std30": 0.018127076329103143,
    "avgRet": 0.006737861699828538
  },
  "XLE": {
    "std30": 0.013438478568604586,
    "avgRet": 0.0055294049873217
  },
  "NVDA": {
    "std30": 0.018545677697950496,
    "avgRet": 0.002488710827871468
  },
  "TSM": {
    "std30": 0.02072417116050008,
    "avgRet": 0.005870039300219064
  },
  "ASML.AS": {
    "std30": 0.029450525652362388,
    "avgRet": 0.0106438587240388
  },
  "LMT": {
    "std30": 0.02068461437205787,
    "avgRet": 0.009765095914895662
  },
  "MCHI": {
    "std30": 0.012160757017675534,
    "avgRet": 0.0025151006477269642
  },
  "EEM": {
    "std30": 0.00879861527966636,
    "avgRet": 0.004481028357686447
  }
}