{
  "SPY": {
    "std30": 0.007674440296713353,
    "avgRet": 0.00022762399803425923
  },
  "QQQ": {
    "std30": 0.011007159331363094,
    "avgRet": 1.3129350006497578e-05
  },
  "IWM": {
    "std30": 0.013207664125573471,
    "avgRet": 0.0011715708713032624
  },
  "SOXX": {
    "std30": 0.02275118314160894,
    "avgRet": 0.0013111031441498044
  },
  "XLE": {
    "std30": 0.09387415490262259,
    "avgRet": -0.018137265786176648
  },
  "NVDA": {
    "std30": 0.02160690206232595,
    "avgRet": -0.000701520577458525
  },
  "TSM": {
    "std30": 0.018871174408415976,
    "avgRet": 0.0007113798714539191
  },
  "ASML.AS": {
    "std30": 0.024478951332224972,
    "avgRet": 0.001578661472794867
  },
  "LMT": {
    "std30": 0.013999878631814565,
    "avgRet": 0.0019418091081069443
  },
  "MCHI": {
    "std30": 0.008992358041342076,
    "avgRet": -0.002207712341492288
  },
  "EEM": {
    "std30": 0.007896197633898148,
    "avgRet": -0.0008545018529209081
  }
}