{
  "SPY": {
    "std30": 0.008061242422528035,
    "avgRet": -0.00035809251980951104
  },
  "QQQ": {
    "std30": 0.010774071193099945,
    "avgRet": -0.0010210309613971204
  },
  "IWM": {
    "std30": 0.01216157046978216,
    "avgRet": 0.000311590944421998
  },
  "SOXX": {
    "std30": 0.020818182461275852,
    "avgRet": 0.003372923922000959
  },
  "XLE": {
    "std30": 0.013211343741752068,
    "avgRet": 0.00607213528054288
  },
  "NVDA": {
    "std30": 0.023546222627752147,
    "avgRet": 0.0017094889772405744
  },
  "TSM": {
    "std30": 0.02335753986712504,
    "avgRet": 0.005473156150102346
  },
  "ASML.AS": {
    "std30": 0.022777924388684284,
    "avgRet": 0.005649166480173302
  },
  "LMT": {
    "std30": 0.017025964922984724,
    "avgRet": 0.006600569181199602
  },
  "MCHI": {
    "std30": 0.011123665432713948,
    "avgRet": -0.0020568784848715178
  },
  "EEM": {
    "std30": 0.011317400395281948,
    "avgRet": 0.0027437457797945494
  }
}