{
  "SPY": {
    "std30": 0.005055385609413338,
    "avgRet": 0.00038925241452963754
  },
  "QQQ": {
    "std30": 0.007823624232941914,
    "avgRet": -5.5153086853117924e-05
  },
  "IWM": {
    "std30": 0.00851750955279952,
    "avgRet": 0.001895260920281556
  },
  "SOXX": {
    "std30": 0.019034554127792126,
    "avgRet": 0.00405491217577776
  },
  "XLE": {
    "std30": 0.014917909573584194,
    "avgRet": 0.0015664566115225066
  },
  "NVDA": {
    "std30": 0.016928787327902883,
    "avgRet": 0.0007110776080937426
  },
  "TSM": {
    "std30": 0.021042644388847988,
    "avgRet": 0.0055356058881464425
  },
  "ASML.AS": {
    "std30": 0.029459950588017626,
    "avgRet": 0.007414921129649048
  },
  "LMT": {
    "std30": 0.018618661965306968,
    "avgRet": 0.009187351025782133
  },
  "MCHI": {
    "std30": 0.012854858252503303,
    "avgRet": 0.000378265847055761
  },
  "EEM": {
    "std30": 0.009276768514917879,
    "avgRet": 0.002205492419700093
  }
}