{
  "SPY": {
    "std30": 0.008449138409534054,
    "avgRet": 0.0004938626394283954
  },
  "QQQ": {
    "std30": 0.012246279630213195,
    "avgRet": 0.0005369107254209854
  },
  "IWM": {
    "std30": 0.013382950127208523,
    "avgRet": 0.0003468354101399501
  },
  "SOXX": {
    "std30": 0.022995760052206923,
    "avgRet": 0.0019477365125336254
  },
  "XLE": {
    "std30": 0.09317374969422747,
    "avgRet": -0.015496247595556487
  },
  "NVDA": {
    "std30": 0.02650454677378251,
    "avgRet": -0.00042976693270663414
  },
  "TSM": {
    "std30": 0.0164977866514189,
    "avgRet": 0.00027955298255845503
  },
  "ASML.AS": {
    "std30": 0.022597138978032855,
    "avgRet": 0.002681238677224236
  },
  "LMT": {
    "std30": 0.013259929281410562,
    "avgRet": -0.0026027075263450375
  },
  "MCHI": {
    "std30": 0.009996220170436623,
    "avgRet": -0.0009766211607108828
  },
  "EEM": {
    "std30": 0.008154505753412963,
    "avgRet": -0.00014553505548649978
  }
}