{
  "SPY": {
    "std30": 0.006392597509644895,
    "avgRet": 0.0007076068043401295
  },
  "QQQ": {
    "std30": 0.008595851959262662,
    "avgRet": 0.0010064670626156803
  },
  "IWM": {
    "std30": 0.009340701131052644,
    "avgRet": 0.0014902624573804907
  },
  "SOXX": {
    "std30": 0.017829705457717768,
    "avgRet": 0.005649288173629541
  },
  "XLE": {
    "std30": 0.01496984104162083,
    "avgRet": 0.003422401572629649
  },
  "NVDA": {
    "std30": 0.018325637857421733,
    "avgRet": 0.0027282696873877268
  },
  "TSM": {
    "std30": 0.020819308371763854,
    "avgRet": 0.005296198748928233
  },
  "ASML.AS": {
    "std30": 0.02908391410516887,
    "avgRet": 0.0106935533295055
  },
  "LMT": {
    "std30": 0.019461351724048236,
    "avgRet": 0.00759501844005245
  },
  "MCHI": {
    "std30": 0.012914223454709979,
    "avgRet": 0.0010584410642658264
  },
  "EEM": {
    "std30": 0.009738630463334171,
    "avgRet": 0.0037274260880485926
  }
}