{
  "SPY": {
    "std30": 0.008005192934650457,
    "avgRet": -0.0004227739058709729
  },
  "QQQ": {
    "std30": 0.010730763823789643,
    "avgRet": -0.0010611722615257236
  },
  "IWM": {
    "std30": 0.012234764919605135,
    "avgRet": 0.00038572179331287687
  },
  "SOXX": {
    "std30": 0.020953603351894227,
    "avgRet": 0.0035681348754615125
  },
  "XLE": {
    "std30": 0.01346447895251005,
    "avgRet": 0.0057782658961054514
  },
  "NVDA": {
    "std30": 0.02352606599514226,
    "avgRet": 0.0015409186030697916
  },
  "TSM": {
    "std30": 0.023616106936995562,
    "avgRet": 0.005623186528924397
  },
  "ASML.AS": {
    "std30": 0.022775252983223925,
    "avgRet": 0.005516664544275929
  },
  "LMT": {
    "std30": 0.017047139879268553,
    "avgRet": 0.006469814268625316
  },
  "MCHI": {
    "std30": 0.011140603936132358,
    "avgRet": -0.002102280405372755
  },
  "EEM": {
    "std30": 0.011294595706386155,
    "avgRet": 0.002724169193391889
  }
}