{
  "SPY": {
    "std30": 0.006057534205061324,
    "avgRet": 0.0019909974102076764
  },
  "QQQ": {
    "std30": 0.007775168269887233,
    "avgRet": 0.002011101849728659
  },
  "IWM": {
    "std30": 0.012111099115484917,
    "avgRet": 0.003754484193435787
  },
  "SOXX": {
    "std30": 0.013378087507026126,
    "avgRet": 0.00263020613140363
  },
  "XLE": {
    "std30": 0.009175009519150255,
    "avgRet": 0.0014430674342134687
  },
  "NVDA": {
    "std30": 0.016609549033528934,
    "avgRet": 0.0010377852245184115
  },
  "TSM": {
    "std30": 0.019566243711795044,
    "avgRet": 0.003609229017148789
  },
  "ASML.AS": {
    "std30": 0.016815371705474282,
    "avgRet": 0.005623295575983649
  },
  "LMT": {
    "std30": 0.010242304779594388,
    "avgRet": 0.003704261262628936
  },
  "MCHI": {
    "std30": 0.013514079059331932,
    "avgRet": 0.004336905973988755
  },
  "EEM": {
    "std30": 0.00753476519547684,
    "avgRet": 0.00282644248396853
  }
}