{
  "SPY": {
    "std30": 0.006099403532480287,
    "avgRet": 0.0010642562666222444
  },
  "QQQ": {
    "std30": 0.007211761864018619,
    "avgRet": 0.001494145979708133
  },
  "IWM": {
    "std30": 0.012692464217360352,
    "avgRet": 0.0007513092142008648
  },
  "SOXX": {
    "std30": 0.012856379092511437,
    "avgRet": 0.001373921159811689
  },
  "XLE": {
    "std30": 0.01041856814369189,
    "avgRet": -0.0006115961885936022
  },
  "NVDA": {
    "std30": 0.015125143135895493,
    "avgRet": 0.004687085075800003
  },
  "TSM": {
    "std30": 0.018702219797336016,
    "avgRet": 0.0009487917249500201
  },
  "ASML.AS": {
    "std30": 0.022939776235566558,
    "avgRet": -0.001780876032864158
  },
  "LMT": {
    "std30": 0.022812779888148317,
    "avgRet": -0.0017181301403480164
  },
  "MCHI": {
    "std30": 0.011424203801668092,
    "avgRet": 0.0028324828147360337
  },
  "EEM": {
    "std30": 0.007087874846339693,
    "avgRet": 0.0007799801980384688
  }
}