{
  "SPY": {
    "std30": 0.008057477729624804,
    "avgRet": 3.9037238893516466e-05
  },
  "QQQ": {
    "std30": 0.011274181482811885,
    "avgRet": -0.0006074524908238229
  },
  "IWM": {
    "std30": 0.013682787498033913,
    "avgRet": 0.0011677072407466856
  },
  "SOXX": {
    "std30": 0.022986083101159842,
    "avgRet": -5.074995901682508e-06
  },
  "XLE": {
    "std30": 0.0940776432352508,
    "avgRet": -0.016937790314125897
  },
  "NVDA": {
    "std30": 0.022621423065524213,
    "avgRet": -0.003855401990461431
  },
  "TSM": {
    "std30": 0.01801482458851902,
    "avgRet": -0.0010665708149525427
  },
  "ASML.AS": {
    "std30": 0.022598561163437336,
    "avgRet": 0.0014461798485959057
  },
  "LMT": {
    "std30": 0.015383057143085969,
    "avgRet": -0.0005984359085701584
  },
  "MCHI": {
    "std30": 0.010012044290206317,
    "avgRet": -0.001856703985300253
  },
  "EEM": {
    "std30": 0.008487121512861405,
    "avgRet": -0.0011393326839847142
  }
}