{
  "SPY": {
    "std30": 0.007339665993822928,
    "avgRet": 0.0007998255675873135
  },
  "QQQ": {
    "std30": 0.00982422808907021,
    "avgRet": 0.0014481497192616064
  },
  "IWM": {
    "std30": 0.012875101696482389,
    "avgRet": 0.0012987519706773108
  },
  "SOXX": {
    "std30": 0.02192434804504054,
    "avgRet": 0.00470715154817431
  },
  "XLE": {
    "std30": 0.011682662165433752,
    "avgRet": 0.00032011789940112543
  },
  "NVDA": {
    "std30": 0.020952435704538093,
    "avgRet": 0.0010866725962282232
  },
  "TSM": {
    "std30": 0.02744614201926511,
    "avgRet": 0.0045460272056692804
  },
  "ASML.AS": {
    "std30": 0.02566948806366042,
    "avgRet": 0.008634596909212729
  },
  "LMT": {
    "std30": 0.010967368656364006,
    "avgRet": 0.0013839818939859463
  },
  "MCHI": {
    "std30": 0.016035213151514637,
    "avgRet": 0.0003034518225703917
  },
  "EEM": {
    "std30": 0.011309680524976056,
    "avgRet": 0.0017093961433617794
  }
}