{
  "SPY": {
    "std30": 0.005066801426966123,
    "avgRet": 0.00045640431373459607
  },
  "QQQ": {
    "std30": 0.007808285472963985,
    "avgRet": -0.00010655976579150141
  },
  "IWM": {
    "std30": 0.009034197214175622,
    "avgRet": 0.002487988596875911
  },
  "SOXX": {
    "std30": 0.019218185499475404,
    "avgRet": 0.003343469917902487
  },
  "XLE": {
    "std30": 0.015097223086380741,
    "avgRet": 0.0026207110449332524
  },
  "NVDA": {
    "std30": 0.017027699393060845,
    "avgRet": 0.0004578443290515201
  },
  "TSM": {
    "std30": 0.019848324808184686,
    "avgRet": 0.004102417991170128
  },
  "ASML.AS": {
    "std30": 0.028940979643328833,
    "avgRet": 0.004917108547525657
  },
  "LMT": {
    "std30": 0.01864783689048476,
    "avgRet": 0.009154619200642311
  },
  "MCHI": {
    "std30": 0.012486242119573747,
    "avgRet": 0.0007930620103763182
  },
  "EEM": {
    "std30": 0.009185873478753789,
    "avgRet": 0.0021669672215196213
  }
}