{
  "SPY": {
    "std30": 0.004146378331286821,
    "avgRet": 0.0015750222881901295
  },
  "QQQ": {
    "std30": 0.00546780824685182,
    "avgRet": 0.0022690030016070395
  },
  "IWM": {
    "std30": 0.008176412449327077,
    "avgRet": 0.0022613338618929168
  },
  "SOXX": {
    "std30": 0.013310396255279114,
    "avgRet": 0.005609015239889326
  },
  "XLE": {
    "std30": 0.010929984557354257,
    "avgRet": 0.0005307178001657119
  },
  "NVDA": {
    "std30": 0.018965106313011713,
    "avgRet": 0.001332407772653042
  },
  "TSM": {
    "std30": 0.01850409470876911,
    "avgRet": 0.0091144185959185
  },
  "ASML.AS": {
    "std30": 0.02155027000164781,
    "avgRet": 0.011777564576671739
  },
  "LMT": {
    "std30": 0.008740757570495243,
    "avgRet": 0.004815289107638513
  },
  "MCHI": {
    "std30": 0.012021526358032494,
    "avgRet": 0.002868237302631871
  },
  "EEM": {
    "std30": 0.005450687157600137,
    "avgRet": 0.00277820267832868
  }
}