{
  "SPY": {
    "std30": 0.008642315626750828,
    "avgRet": 0.000730325544314426
  },
  "QQQ": {
    "std30": 0.012441405754912382,
    "avgRet": 0.0012719983997100278
  },
  "IWM": {
    "std30": 0.013365386930781816,
    "avgRet": 0.0004832259951724875
  },
  "SOXX": {
    "std30": 0.02502264163534428,
    "avgRet": 0.0040324489635926945
  },
  "XLE": {
    "std30": 0.010163336896026477,
    "avgRet": 0.00034608208657658157
  },
  "NVDA": {
    "std30": 0.024893483068461893,
    "avgRet": 0.002148645515894657
  },
  "TSM": {
    "std30": 0.02733478434857769,
    "avgRet": 0.002253007616716483
  },
  "ASML.AS": {
    "std30": 0.022286126473714356,
    "avgRet": 0.002467748897178015
  },
  "LMT": {
    "std30": 0.011760229176509504,
    "avgRet": -0.0033325529817637145
  },
  "MCHI": {
    "std30": 0.016052449697658223,
    "avgRet": -0.0005237626093206327
  },
  "EEM": {
    "std30": 0.01248705264011988,
    "avgRet": 0.0013599145354823696
  }
}