{
  "SPY": {
    "std30": 0.005979950397442508,
    "avgRet": 0.0008609168941550249
  },
  "QQQ": {
    "std30": 0.007499809324859357,
    "avgRet": 0.0008550007809840096
  },
  "IWM": {
    "std30": 0.012167444118333887,
    "avgRet": 0.0004332323057871177
  },
  "SOXX": {
    "std30": 0.01284751778747795,
    "avgRet": 0.000333103285221522
  },
  "XLE": {
    "std30": 0.00885717649555197,
    "avgRet": -0.001272175233599586
  },
  "NVDA": {
    "std30": 0.01612132443964301,
    "avgRet": 0.0029497387349598655
  },
  "TSM": {
    "std30": 0.018717312694046494,
    "avgRet": 0.000606659767806996
  },
  "ASML.AS": {
    "std30": 0.022872110386609627,
    "avgRet": -0.0022034539442046175
  },
  "LMT": {
    "std30": 0.022552578580413672,
    "avgRet": -0.001441829404122783
  },
  "MCHI": {
    "std30": 0.011224224158480256,
    "avgRet": 0.0031253486695552073
  },
  "EEM": {
    "std30": 0.006615782487217157,
    "avgRet": 0.0011042053159045016
  }
}