{
  "SPY": {
    "std30": 0.007672354847086325,
    "avgRet": -0.0019446090505131793
  },
  "QQQ": {
    "std30": 0.010025593880498179,
    "avgRet": -0.0013347563629892327
  },
  "IWM": {
    "std30": 0.011578425972421159,
    "avgRet": -0.0027676999274233592
  },
  "SOXX": {
    "std30": 0.020520994234994313,
    "avgRet": -0.001245992093533821
  },
  "XLE": {
    "std30": 0.011077284617341794,
    "avgRet": 0.004217433474558749
  },
  "NVDA": {
    "std30": 0.02024622350355836,
    "avgRet": -0.001664839039836236
  },
  "TSM": {
    "std30": 0.02327592001618219,
    "avgRet": -0.0018246755184506845
  },
  "ASML.AS": {
    "std30": 0.02510128279491018,
    "avgRet": -0.0023298541897467384
  },
  "LMT": {
    "std30": 0.015553629799663758,
    "avgRet": 0.00043216206973836866
  },
  "MCHI": {
    "std30": 0.012110311051433946,
    "avgRet": -0.0034922609177127353
  },
  "EEM": {
    "std30": 0.017116159122879237,
    "avgRet": -0.0021446191739059096
  }
}