{
  "SPY": {
    "std30": 0.0079240556871947,
    "avgRet": 0.000780648884133562
  },
  "QQQ": {
    "std30": 0.010719953047838845,
    "avgRet": 0.001542501712067915
  },
  "IWM": {
    "std30": 0.012256665072566189,
    "avgRet": 0.00015153200762826603
  },
  "SOXX": {
    "std30": 0.021928629751383707,
    "avgRet": 0.004554700884256817
  },
  "XLE": {
    "std30": 0.011189525860099976,
    "avgRet": 0.00022943729702726385
  },
  "NVDA": {
    "std30": 0.02175040274316287,
    "avgRet": 0.0037923304117023875
  },
  "TSM": {
    "std30": 0.027070236395371473,
    "avgRet": 0.0034238649739588606
  },
  "ASML.AS": {
    "std30": 0.020927996987546073,
    "avgRet": 0.0036480420038765226
  },
  "LMT": {
    "std30": 0.010739540302332717,
    "avgRet": 0.0007511021001104809
  },
  "MCHI": {
    "std30": 0.016265893461077402,
    "avgRet": -0.0003988604187772666
  },
  "EEM": {
    "std30": 0.011590350263331647,
    "avgRet": 0.0012681304532391623
  }
}