{
  "SPY": {
    "std30": 0.007981871608911239,
    "avgRet": -0.0021351056482282636
  },
  "QQQ": {
    "std30": 0.010322083085293733,
    "avgRet": -0.0015429251867423376
  },
  "IWM": {
    "std30": 0.011931188887487733,
    "avgRet": -0.003030884573036184
  },
  "SOXX": {
    "std30": 0.020683002232612085,
    "avgRet": -0.0014160036486028447
  },
  "XLE": {
    "std30": 0.011012142080288988,
    "avgRet": 0.003793369899877085
  },
  "NVDA": {
    "std30": 0.020827274825473995,
    "avgRet": -0.002188182878669505
  },
  "TSM": {
    "std30": 0.023161918240480476,
    "avgRet": -0.001732562715381745
  },
  "ASML.AS": {
    "std30": 0.02477845609609868,
    "avgRet": -0.002118625558349285
  },
  "LMT": {
    "std30": 0.01563691527025524,
    "avgRet": 0.00034561846447240656
  },
  "MCHI": {
    "std30": 0.012535014551989083,
    "avgRet": -0.0037320195808912644
  },
  "EEM": {
    "std30": 0.017666718860285587,
    "avgRet": -0.002485736362621516
  }
}