{
  "SPY": {
    "std30": 0.008064514430763007,
    "avgRet": -0.00041230631839178443
  },
  "QQQ": {
    "std30": 0.011639831731142344,
    "avgRet": -0.0008029114314827346
  },
  "IWM": {
    "std30": 0.012521251757589537,
    "avgRet": -0.0018947501036574645
  },
  "SOXX": {
    "std30": 0.02212388640502069,
    "avgRet": -0.0019860648453869614
  },
  "XLE": {
    "std30": 0.010192892336753861,
    "avgRet": 0.0008241692540702161
  },
  "NVDA": {
    "std30": 0.026665620137652595,
    "avgRet": -0.0014450808271577627
  },
  "TSM": {
    "std30": 0.016828387118448678,
    "avgRet": -0.0035213585749387225
  },
  "ASML.AS": {
    "std30": 0.020366468950692846,
    "avgRet": -0.0005410031749061333
  },
  "LMT": {
    "std30": 0.012301224489198967,
    "avgRet": -0.0027705548600302134
  },
  "MCHI": {
    "std30": 0.01053437830206676,
    "avgRet": -0.0015024827070053894
  },
  "EEM": {
    "std30": 0.009376364208270418,
    "avgRet": -0.0003924543385034953
  }
}