{
  "SPY": {
    "std30": 0.007313208943023113,
    "avgRet": 0.0007657455725444043
  },
  "QQQ": {
    "std30": 0.009807057524509754,
    "avgRet": 0.0014258366425343458
  },
  "IWM": {
    "std30": 0.012803195842402401,
    "avgRet": 0.0012266235736281999
  },
  "SOXX": {
    "std30": 0.02193441745837787,
    "avgRet": 0.0047180741831507715
  },
  "XLE": {
    "std30": 0.011536024128518856,
    "avgRet": 0.00020818639362781718
  },
  "NVDA": {
    "std30": 0.020931681181317545,
    "avgRet": 0.0010445924603476426
  },
  "TSM": {
    "std30": 0.027397504602482706,
    "avgRet": 0.004308486740233208
  },
  "ASML.AS": {
    "std30": 0.02570015068027991,
    "avgRet": 0.008684707040714322
  },
  "LMT": {
    "std30": 0.010940772540133654,
    "avgRet": 0.0012622297389020141
  },
  "MCHI": {
    "std30": 0.015925348499607788,
    "avgRet": 0.00021044739665388655
  },
  "EEM": {
    "std30": 0.011275356001167256,
    "avgRet": 0.0016617329126844588
  }
}