{
  "SPY": {
    "std30": 0.008732014515302497,
    "avgRet": 0.00038351470220739043
  },
  "QQQ": {
    "std30": 0.012676823699386323,
    "avgRet": 0.000510393082014642
  },
  "IWM": {
    "std30": 0.01383135518039459,
    "avgRet": -0.0010225231291462486
  },
  "SOXX": {
    "std30": 0.02353703245806502,
    "avgRet": 0.0007635364316340135
  },
  "XLE": {
    "std30": 0.01017419158051345,
    "avgRet": 0.0011759219844386449
  },
  "NVDA": {
    "std30": 0.025611554762215816,
    "avgRet": 0.0007416411613036503
  },
  "TSM": {
    "std30": 0.017517714052512953,
    "avgRet": -0.0012287434438808856
  },
  "ASML.AS": {
    "std30": 0.020711475998277096,
    "avgRet": 0.000376569047448079
  },
  "LMT": {
    "std30": 0.01281125236404902,
    "avgRet": -0.003770730675383548
  },
  "MCHI": {
    "std30": 0.010838443212411196,
    "avgRet": -0.0002921890615827199
  },
  "EEM": {
    "std30": 0.009363722441916253,
    "avgRet": 0.0004951335719310333
  }
}