{
  "SPY": {
    "std30": 0.006712473569918236,
    "avgRet": 0.00021396746084207787
  },
  "QQQ": {
    "std30": 0.009251201645162264,
    "avgRet": 8.500998538331887e-05
  },
  "IWM": {
    "std30": 0.009841267247500483,
    "avgRet": 0.0008665537165957385
  },
  "SOXX": {
    "std30": 0.020042558474292278,
    "avgRet": 0.0032542771470937862
  },
  "XLE": {
    "std30": 0.015143857242049887,
    "avgRet": 0.0026818843630826484
  },
  "NVDA": {
    "std30": 0.01941016839581152,
    "avgRet": 0.0011667702012719292
  },
  "TSM": {
    "std30": 0.022396854903433915,
    "avgRet": 0.003443394197881843
  },
  "ASML.AS": {
    "std30": 0.030183226953400435,
    "avgRet": 0.00840940219675459
  },
  "LMT": {
    "std30": 0.01922446295293481,
    "avgRet": 0.007222641304824092
  },
  "MCHI": {
    "std30": 0.012809112463964252,
    "avgRet": 0.0006909156222972414
  },
  "EEM": {
    "std30": 0.009639463944119893,
    "avgRet": 0.0027251753274825747
  }
}