{
  "SPY": {
    "std30": 0.007703733621825942,
    "avgRet": -0.00024749719068948217
  },
  "QQQ": {
    "std30": 0.010405845703721401,
    "avgRet": -0.00093685152112675
  },
  "IWM": {
    "std30": 0.011872944580215126,
    "avgRet": 0.0011146906539138584
  },
  "SOXX": {
    "std30": 0.021543625089894915,
    "avgRet": 0.003202735914532324
  },
  "XLE": {
    "std30": 0.014425785427749164,
    "avgRet": 0.0064141632000482
  },
  "NVDA": {
    "std30": 0.023834124867742022,
    "avgRet": 0.00037545397226897484
  },
  "TSM": {
    "std30": 0.02297313735664542,
    "avgRet": 0.00374527703447849
  },
  "ASML.AS": {
    "std30": 0.026352748045572773,
    "avgRet": 0.006124789770703674
  },
  "LMT": {
    "std30": 0.02189691256005165,
    "avgRet": 0.007809733024832661
  },
  "MCHI": {
    "std30": 0.013056734527315024,
    "avgRet": -0.0008989975515898074
  },
  "EEM": {
    "std30": 0.010508879459079325,
    "avgRet": 0.0023327600489334655
  }
}