{
  "SPY": {
    "std30": 0.006722424299697059,
    "avgRet": 0.0010770685350227627
  },
  "QQQ": {
    "std30": 0.010042944834504465,
    "avgRet": 0.0008024248642257473
  },
  "IWM": {
    "std30": 0.011741119609643316,
    "avgRet": 0.002264775495695914
  },
  "SOXX": {
    "std30": 0.02193511937111448,
    "avgRet": 0.003960745488226328
  },
  "XLE": {
    "std30": 0.011847467125772296,
    "avgRet": 0.0009014921414806508
  },
  "NVDA": {
    "std30": 0.019203886317702912,
    "avgRet": 0.0006066223450046218
  },
  "TSM": {
    "std30": 0.01996463393819423,
    "avgRet": 0.004472994399166076
  },
  "ASML.AS": {
    "std30": 0.027944097638210506,
    "avgRet": 0.004282274938637325
  },
  "LMT": {
    "std30": 0.014361578044374936,
    "avgRet": 0.0020395178074520174
  },
  "MCHI": {
    "std30": 0.011393899590991154,
    "avgRet": 0.00024560825377785563
  },
  "EEM": {
    "std30": 0.009013020847484418,
    "avgRet": 0.0015376735830042348
  }
}