{
  "SPY": {
    "std30": 0.008671200647475256,
    "avgRet": 0.0005585173192379692
  },
  "QQQ": {
    "std30": 0.012606234798680001,
    "avgRet": 0.0006730751408452014
  },
  "IWM": {
    "std30": 0.013534738724021639,
    "avgRet": -0.00015388035354731107
  },
  "SOXX": {
    "std30": 0.023568600966994792,
    "avgRet": 0.001612655860219349
  },
  "XLE": {
    "std30": 0.01047449522520359,
    "avgRet": 0.001413025768925914
  },
  "NVDA": {
    "std30": 0.026524872956032928,
    "avgRet": 0.00036483886920580453
  },
  "TSM": {
    "std30": 0.016815609763047638,
    "avgRet": -0.0001385354996252846
  },
  "ASML.AS": {
    "std30": 0.021929301523325426,
    "avgRet": 0.002943253259461125
  },
  "LMT": {
    "std30": 0.01295784436870677,
    "avgRet": -0.0034262701679573983
  },
  "MCHI": {
    "std30": 0.010427610139535588,
    "avgRet": -0.0006003147799619803
  },
  "EEM": {
    "std30": 0.008246730601244982,
    "avgRet": 3.60464182075015e-05
  }
}