{
  "SPY": {
    "std30": 0.007028698648931157,
    "avgRet": 0.0011380846410260568
  },
  "QQQ": {
    "std30": 0.009156566270573385,
    "avgRet": 0.0018765397262089137
  },
  "IWM": {
    "std30": 0.011748060146699645,
    "avgRet": 0.0021753478779068143
  },
  "SOXX": {
    "std30": 0.019752422276750246,
    "avgRet": 0.005732431062041098
  },
  "XLE": {
    "std30": 0.011729535661119643,
    "avgRet": -0.0006079708538795282
  },
  "NVDA": {
    "std30": 0.021999352779422627,
    "avgRet": 0.0024164907037950768
  },
  "TSM": {
    "std30": 0.02674081319141947,
    "avgRet": 0.009353893985262667
  },
  "ASML.AS": {
    "std30": 0.0255761373283659,
    "avgRet": 0.010526877974063036
  },
  "LMT": {
    "std30": 0.008804443628590326,
    "avgRet": 0.004210502053750463
  },
  "MCHI": {
    "std30": 0.016863976903975432,
    "avgRet": 0.0010192728756279975
  },
  "EEM": {
    "std30": 0.01078934101912954,
    "avgRet": 0.0022138185090587238
  }
}