{
  "SPY": {
    "std30": 0.008119320670932519,
    "avgRet": 0.0007937264407405593
  },
  "QQQ": {
    "std30": 0.01114301676144239,
    "avgRet": 0.0014970185402090512
  },
  "IWM": {
    "std30": 0.012433557572940849,
    "avgRet": 0.00016595791528612095
  },
  "SOXX": {
    "std30": 0.02266493895929828,
    "avgRet": 0.004004926814449168
  },
  "XLE": {
    "std30": 0.010654044755903215,
    "avgRet": -0.001256968896632971
  },
  "NVDA": {
    "std30": 0.02208393769514714,
    "avgRet": 0.0045296256060055225
  },
  "TSM": {
    "std30": 0.026501804057838,
    "avgRet": 0.0024893848725634875
  },
  "ASML.AS": {
    "std30": 0.02100496915890088,
    "avgRet": 0.0036303052090858735
  },
  "LMT": {
    "std30": 0.010735730821914145,
    "avgRet": -0.00011547269160571483
  },
  "MCHI": {
    "std30": 0.015905286623891235,
    "avgRet": -0.0007572358043030646
  },
  "EEM": {
    "std30": 0.011937953532845142,
    "avgRet": 0.0011685962425821122
  }
}