{
  "SPY": {
    "std30": 0.007802462349315499,
    "avgRet": -0.0006977623928642816
  },
  "QQQ": {
    "std30": 0.011210306448548155,
    "avgRet": -0.0009315367427580936
  },
  "IWM": {
    "std30": 0.013169160054031665,
    "avgRet": -0.0012960143560070672
  },
  "SOXX": {
    "std30": 0.025453032836666157,
    "avgRet": -0.00036573092862151967
  },
  "XLE": {
    "std30": 0.01297955021311814,
    "avgRet": 0.00473823502794459
  },
  "NVDA": {
    "std30": 0.026555811080422546,
    "avgRet": -0.00037696535243470327
  },
  "TSM": {
    "std30": 0.024749530265488658,
    "avgRet": 0.0019147115239145783
  },
  "ASML.AS": {
    "std30": 0.027435011191231835,
    "avgRet": -0.0010266631576192227
  },
  "LMT": {
    "std30": 0.019136599574259595,
    "avgRet": 0.004760063913726696
  },
  "MCHI": {
    "std30": 0.012884446232182425,
    "avgRet": -0.002782931150899693
  },
  "EEM": {
    "std30": 0.01619770317286554,
    "avgRet": -0.00029416302195458426
  }
}