{
  "SPY": {
    "std30": 0.007909201412408355,
    "avgRet": 0.0001044558811794086
  },
  "QQQ": {
    "std30": 0.011172685317327286,
    "avgRet": -0.0006464852717055022
  },
  "IWM": {
    "std30": 0.01337553697011387,
    "avgRet": 0.001055451631380433
  },
  "SOXX": {
    "std30": 0.02209141733626022,
    "avgRet": -0.000849259405526098
  },
  "XLE": {
    "std30": 0.09414855820033763,
    "avgRet": -0.01665118634990123
  },
  "NVDA": {
    "std30": 0.02279716533225357,
    "avgRet": -0.003702370186052986
  },
  "TSM": {
    "std30": 0.017880795106638623,
    "avgRet": -0.0008513235719526343
  },
  "ASML.AS": {
    "std30": 0.022651605264738188,
    "avgRet": 0.0005559683657175277
  },
  "LMT": {
    "std30": 0.014652797765841363,
    "avgRet": 1.675680856578229e-05
  },
  "MCHI": {
    "std30": 0.009450888754671545,
    "avgRet": -0.0017938615717506125
  },
  "EEM": {
    "std30": 0.008023892289286858,
    "avgRet": -0.00119391520824409
  }
}