{
  "SPY": {
    "std30": 0.00709999723786697,
    "avgRet": 0.0012453675958078256
  },
  "QQQ": {
    "std30": 0.009218359455644707,
    "avgRet": 0.0022018446861907484
  },
  "IWM": {
    "std30": 0.011296784068115535,
    "avgRet": 0.0015175490371584978
  },
  "SOXX": {
    "std30": 0.019805452989275406,
    "avgRet": 0.005730192797997304
  },
  "XLE": {
    "std30": 0.012303998027093237,
    "avgRet": -0.00158343307351791
  },
  "NVDA": {
    "std30": 0.020792239498655204,
    "avgRet": 0.003566698913772179
  },
  "TSM": {
    "std30": 0.02647471060787733,
    "avgRet": 0.010106400765117941
  },
  "ASML.AS": {
    "std30": 0.02539791674994147,
    "avgRet": 0.010778485873249772
  },
  "LMT": {
    "std30": 0.008996165747006325,
    "avgRet": 0.0039038435934288834
  },
  "MCHI": {
    "std30": 0.01702138620112611,
    "avgRet": 0.001145453370497299
  },
  "EEM": {
    "std30": 0.010936384332268909,
    "avgRet": 0.0025636327546345633
  }
}