{
  "SPY": {
    "std30": 0.008772731907544839,
    "avgRet": 0.0004065370438202251
  },
  "QQQ": {
    "std30": 0.01261983391246549,
    "avgRet": 0.00048292702451007677
  },
  "IWM": {
    "std30": 0.013783087627790935,
    "avgRet": -0.0010559228130055023
  },
  "SOXX": {
    "std30": 0.023452222974827082,
    "avgRet": 0.0007196101615600305
  },
  "XLE": {
    "std30": 0.010178908361072866,
    "avgRet": 0.0011624250424600714
  },
  "NVDA": {
    "std30": 0.025676402501046417,
    "avgRet": 0.0008245324079879963
  },
  "TSM": {
    "std30": 0.017334291591779218,
    "avgRet": -0.0013202595268922404
  },
  "ASML.AS": {
    "std30": 0.02075401652283053,
    "avgRet": 0.00041474171132564026
  },
  "LMT": {
    "std30": 0.01258212384469595,
    "avgRet": -0.0035522106546091773
  },
  "MCHI": {
    "std30": 0.010762194427132684,
    "avgRet": -0.0003403019060140844
  },
  "EEM": {
    "std30": 0.009290434603535536,
    "avgRet": 0.0004237003619823292
  }
}