{
  "SPY": {
    "std30": 0.007985915820615702,
    "avgRet": 0.0004989688362166305
  },
  "QQQ": {
    "std30": 0.011354416516660778,
    "avgRet": 3.645122262445392e-05
  },
  "IWM": {
    "std30": 0.013471196652178614,
    "avgRet": 0.0018691627027428552
  },
  "SOXX": {
    "std30": 0.022241330652317124,
    "avgRet": 0.0012584718767756123
  },
  "XLE": {
    "std30": 0.09417424387709736,
    "avgRet": -0.015412554276477888
  },
  "NVDA": {
    "std30": 0.023363367539038598,
    "avgRet": -0.003672861754769058
  },
  "TSM": {
    "std30": 0.017429118260227812,
    "avgRet": 0.0003313727209314872
  },
  "ASML.AS": {
    "std30": 0.022289990117406597,
    "avgRet": 0.0017293054729384
  },
  "LMT": {
    "std30": 0.014823354162892413,
    "avgRet": -0.0009537385480845289
  },
  "MCHI": {
    "std30": 0.009323007840243255,
    "avgRet": -0.0014287348471039908
  },
  "EEM": {
    "std30": 0.007856436282251068,
    "avgRet": -0.00031397848689339937
  }
}