{
  "SPY": {
    "std30": 0.005820632091248772,
    "avgRet": 0.0016051431558884329
  },
  "QQQ": {
    "std30": 0.008922034116652931,
    "avgRet": 0.0018486309876116808
  },
  "IWM": {
    "std30": 0.010259039408444253,
    "avgRet": 0.00242656870677003
  },
  "SOXX": {
    "std30": 0.02002590559052958,
    "avgRet": 0.006737363747547114
  },
  "XLE": {
    "std30": 0.012781763340238105,
    "avgRet": 0.0016223644250807643
  },
  "NVDA": {
    "std30": 0.01838386951112422,
    "avgRet": 0.0025800765783756292
  },
  "TSM": {
    "std30": 0.019867195728579902,
    "avgRet": 0.006701729790514865
  },
  "ASML.AS": {
    "std30": 0.026634208435713916,
    "avgRet": 0.009019895418460492
  },
  "LMT": {
    "std30": 0.01654041409212608,
    "avgRet": 0.005252149588242708
  },
  "MCHI": {
    "std30": 0.011043691701612337,
    "avgRet": 0.0012934829092713603
  },
  "EEM": {
    "std30": 0.008768761013847463,
    "avgRet": 0.0027317158890320823
  }
}