{
  "SPY": {
    "std30": 0.006392995148685043,
    "avgRet": 0.0007083534753076138
  },
  "QQQ": {
    "std30": 0.008591944043573498,
    "avgRet": 0.0010024148726137277
  },
  "IWM": {
    "std30": 0.00934089943791861,
    "avgRet": 0.001491568721439158
  },
  "SOXX": {
    "std30": 0.017829705457717768,
    "avgRet": 0.005649288173629541
  },
  "XLE": {
    "std30": 0.01496984104162083,
    "avgRet": 0.003422401572629649
  },
  "NVDA": {
    "std30": 0.018325206601438743,
    "avgRet": 0.0027273450679148707
  },
  "TSM": {
    "std30": 0.020819308371763854,
    "avgRet": 0.005296198748928233
  },
  "ASML.AS": {
    "std30": 0.02908391410516887,
    "avgRet": 0.0106935533295055
  },
  "LMT": {
    "std30": 0.019461351724048236,
    "avgRet": 0.00759501844005245
  },
  "MCHI": {
    "std30": 0.012914223454709979,
    "avgRet": 0.0010584410642658264
  },
  "EEM": {
    "std30": 0.009738630463334171,
    "avgRet": 0.0037274260880485926
  }
}