{
  "SPY": {
    "std30": 0.006759282574549257,
    "avgRet": 0.0006144263809277293
  },
  "QQQ": {
    "std30": 0.00861431917546388,
    "avgRet": 0.00042669691236475114
  },
  "IWM": {
    "std30": 0.012561589457315232,
    "avgRet": 0.0016887745490621752
  },
  "SOXX": {
    "std30": 0.014722418276821156,
    "avgRet": 8.330587189520832e-05
  },
  "XLE": {
    "std30": 0.009438968161003557,
    "avgRet": 0.0006240586871384134
  },
  "NVDA": {
    "std30": 0.01541496497071673,
    "avgRet": -0.00046925925548061526
  },
  "TSM": {
    "std30": 0.017779080837496547,
    "avgRet": -0.0011915131211770419
  },
  "ASML.AS": {
    "std30": 0.018033138151034495,
    "avgRet": 0.0014048750805964174
  },
  "LMT": {
    "std30": 0.008732431263432879,
    "avgRet": 0.0026219895346180615
  },
  "MCHI": {
    "std30": 0.013138292163374013,
    "avgRet": 0.0005980259638900407
  },
  "EEM": {
    "std30": 0.00743300474842975,
    "avgRet": 5.734558372096221e-06
  }
}