{
  "SPY": {
    "std30": 0.007841626584401724,
    "avgRet": 0.00106147604811385
  },
  "QQQ": {
    "std30": 0.01062289381784161,
    "avgRet": 0.0019563702148971446
  },
  "IWM": {
    "std30": 0.012307414459913488,
    "avgRet": 0.0002987668098358556
  },
  "SOXX": {
    "std30": 0.02189201540645654,
    "avgRet": 0.004889512544026207
  },
  "XLE": {
    "std30": 0.010710492213330343,
    "avgRet": -0.00034874596633908625
  },
  "NVDA": {
    "std30": 0.021134155457154857,
    "avgRet": 0.0053308911120919815
  },
  "TSM": {
    "std30": 0.02621845961385265,
    "avgRet": 0.0029337383376855405
  },
  "ASML.AS": {
    "std30": 0.020896127998708037,
    "avgRet": 0.0037289975629616412
  },
  "LMT": {
    "std30": 0.010618525857713999,
    "avgRet": 0.00014451574536362163
  },
  "MCHI": {
    "std30": 0.0160574881702941,
    "avgRet": 6.666625746960761e-05
  },
  "EEM": {
    "std30": 0.01158744368879286,
    "avgRet": 0.0015540495312202534
  }
}