{
  "SPY": {
    "std30": 0.006530444442415493,
    "avgRet": 0.0010751734759991043
  },
  "QQQ": {
    "std30": 0.008120290534055821,
    "avgRet": 0.0009315216974319783
  },
  "IWM": {
    "std30": 0.013131012288307976,
    "avgRet": 0.0020892870468792965
  },
  "SOXX": {
    "std30": 0.013811300677777437,
    "avgRet": 0.0009304175962418599
  },
  "XLE": {
    "std30": 0.00901178927730209,
    "avgRet": 0.001257709144256342
  },
  "NVDA": {
    "std30": 0.015365885236014095,
    "avgRet": 0.0015776771290186037
  },
  "TSM": {
    "std30": 0.017520110692343382,
    "avgRet": -0.00011444527149447
  },
  "ASML.AS": {
    "std30": 0.017297579496100106,
    "avgRet": 0.0015107885673012313
  },
  "LMT": {
    "std30": 0.022629365182373993,
    "avgRet": -0.0006350541018342717
  },
  "MCHI": {
    "std30": 0.012559233637200542,
    "avgRet": 0.0017984259878760702
  },
  "EEM": {
    "std30": 0.007569210183717545,
    "avgRet": 0.0006991977168502918
  }
}