{
  "SPY": {
    "std30": 0.009327488649930863,
    "avgRet": 9.915885372756906e-05
  },
  "QQQ": {
    "std30": 0.013106724738606936,
    "avgRet": 0.00020744426811307497
  },
  "IWM": {
    "std30": 0.014123183455075182,
    "avgRet": -0.001234975058255198
  },
  "SOXX": {
    "std30": 0.02552622156382533,
    "avgRet": 0.0005323426644345014
  },
  "XLE": {
    "std30": 0.010959296688371886,
    "avgRet": 0.001019639420829346
  },
  "NVDA": {
    "std30": 0.02719659081957929,
    "avgRet": 0.0009818181906165171
  },
  "TSM": {
    "std30": 0.026477030889876137,
    "avgRet": -0.0017563309052919978
  },
  "ASML.AS": {
    "std30": 0.021528066680363545,
    "avgRet": -0.0009204836668491589
  },
  "LMT": {
    "std30": 0.011391394770765614,
    "avgRet": -0.0036441938964984315
  },
  "MCHI": {
    "std30": 0.016065001093131585,
    "avgRet": -0.0015420285250959762
  },
  "EEM": {
    "std30": 0.012666910666616417,
    "avgRet": 0.00038029160435336623
  }
}