{
  "SPY": {
    "std30": 0.0069797952361566225,
    "avgRet": 0.0005514545736707537
  },
  "QQQ": {
    "std30": 0.008664353150980013,
    "avgRet": 0.0001944011309433014
  },
  "IWM": {
    "std30": 0.01319410285671748,
    "avgRet": 0.00160549571256081
  },
  "SOXX": {
    "std30": 0.0150408003141069,
    "avgRet": -0.00029363912426785344
  },
  "XLE": {
    "std30": 0.008782630516951927,
    "avgRet": 0.001995763528350242
  },
  "NVDA": {
    "std30": 0.0167173549024076,
    "avgRet": 0.0006198572433210314
  },
  "TSM": {
    "std30": 0.018300598362804992,
    "avgRet": -0.0008676243224338209
  },
  "ASML.AS": {
    "std30": 0.01800870720790935,
    "avgRet": 0.000998397952328348
  },
  "LMT": {
    "std30": 0.009176581191757537,
    "avgRet": 0.003309079248217037
  },
  "MCHI": {
    "std30": 0.01252351951183412,
    "avgRet": 0.0016620765623137634
  },
  "EEM": {
    "std30": 0.00758754315803828,
    "avgRet": 0.00022942004600739454
  }
}