{
  "SPY": {
    "std30": 0.006895226669632278,
    "avgRet": 0.0007826341438393431
  },
  "QQQ": {
    "std30": 0.009188077998976309,
    "avgRet": 0.0015443158141714632
  },
  "IWM": {
    "std30": 0.011510890786802,
    "avgRet": 0.0018464026703192062
  },
  "SOXX": {
    "std30": 0.020544450354238367,
    "avgRet": 0.005630396969899872
  },
  "XLE": {
    "std30": 0.0116061019600845,
    "avgRet": -0.001105357072612156
  },
  "NVDA": {
    "std30": 0.02263566327090823,
    "avgRet": 0.0017144111681733029
  },
  "TSM": {
    "std30": 0.027351424699868405,
    "avgRet": 0.009199007108700906
  },
  "ASML.AS": {
    "std30": 0.02557237844483855,
    "avgRet": 0.01009270141796524
  },
  "LMT": {
    "std30": 0.009152368768122048,
    "avgRet": 0.002970410139918263
  },
  "MCHI": {
    "std30": 0.016711948196321963,
    "avgRet": 0.001774060356088686
  },
  "EEM": {
    "std30": 0.011165905493192026,
    "avgRet": 0.00269349789828944
  }
}