{
  "SPY": {
    "std30": 0.006719105820357613,
    "avgRet": 0.0008658666995010458
  },
  "QQQ": {
    "std30": 0.00850333560980769,
    "avgRet": 0.00036888975312547253
  },
  "IWM": {
    "std30": 0.01314475900593182,
    "avgRet": 0.002122411565574758
  },
  "SOXX": {
    "std30": 0.014957410370612309,
    "avgRet": -0.00017505049506879474
  },
  "XLE": {
    "std30": 0.008798944394424066,
    "avgRet": 0.0021446224810498667
  },
  "NVDA": {
    "std30": 0.016673955349709068,
    "avgRet": 0.000655650550594658
  },
  "TSM": {
    "std30": 0.018298082682552376,
    "avgRet": -0.0009346408409797016
  },
  "ASML.AS": {
    "std30": 0.017682102550216863,
    "avgRet": 0.001230869790648612
  },
  "LMT": {
    "std30": 0.02258387229066899,
    "avgRet": -7.545349932779295e-05
  },
  "MCHI": {
    "std30": 0.012793734221358394,
    "avgRet": 0.0021416169414146735
  },
  "EEM": {
    "std30": 0.007560436875204373,
    "avgRet": 0.00035406660674650134
  }
}