{
  "SPY": {
    "std30": 0.008764318050806078,
    "avgRet": 0.0009079745675364978
  },
  "QQQ": {
    "std30": 0.012649468632616847,
    "avgRet": 0.0008030715617665413
  },
  "IWM": {
    "std30": 0.013795241275699404,
    "avgRet": 0.0007105579150325828
  },
  "SOXX": {
    "std30": 0.023344654727644368,
    "avgRet": 0.0009762302761028832
  },
  "XLE": {
    "std30": 0.010159555817227125,
    "avgRet": 0.0017780536793619286
  },
  "NVDA": {
    "std30": 0.026194667762831067,
    "avgRet": -0.0005797225178724431
  },
  "TSM": {
    "std30": 0.016576884608661167,
    "avgRet": -0.00028342725525138025
  },
  "ASML.AS": {
    "std30": 0.021332469170498337,
    "avgRet": 0.0005619642101942806
  },
  "LMT": {
    "std30": 0.012735127268517717,
    "avgRet": -0.002961727586956139
  },
  "MCHI": {
    "std30": 0.010717528356999345,
    "avgRet": -0.0005848514542442469
  },
  "EEM": {
    "std30": 0.008885969172696339,
    "avgRet": 8.267136524508673e-05
  }
}