{
  "SPY": {
    "std30": 0.006561344838392946,
    "avgRet": 0.0013458196436429942
  },
  "QQQ": {
    "std30": 0.009939057937816048,
    "avgRet": 0.0012718745671801003
  },
  "IWM": {
    "std30": 0.01151063216175166,
    "avgRet": 0.0021156837070454857
  },
  "SOXX": {
    "std30": 0.020677630157624742,
    "avgRet": 0.003475322635301385
  },
  "XLE": {
    "std30": 0.011417875735297067,
    "avgRet": -0.00012843294815921414
  },
  "NVDA": {
    "std30": 0.019743372720004548,
    "avgRet": 0.001513854445876449
  },
  "TSM": {
    "std30": 0.01810182393257657,
    "avgRet": 0.003438295363580573
  },
  "ASML.AS": {
    "std30": 0.023698570810011005,
    "avgRet": 0.002618709302785849
  },
  "LMT": {
    "std30": 0.013527865469471363,
    "avgRet": 0.0010036558268906248
  },
  "MCHI": {
    "std30": 0.009162020588934085,
    "avgRet": -0.00128066641456987
  },
  "EEM": {
    "std30": 0.007456674801551691,
    "avgRet": 0.00052436082151534
  }
}