{
  "SPY": {
    "std30": 0.005056443745873416,
    "avgRet": 0.0003837729515568588
  },
  "QQQ": {
    "std30": 0.007823456044398597,
    "avgRet": -1.9105299688124995e-05
  },
  "IWM": {
    "std30": 0.008522283652464933,
    "avgRet": 0.0018660393441087026
  },
  "SOXX": {
    "std30": 0.019026573913594382,
    "avgRet": 0.004042641459229264
  },
  "XLE": {
    "std30": 0.014918758459772677,
    "avgRet": 0.0015280700077229604
  },
  "NVDA": {
    "std30": 0.0169860895446347,
    "avgRet": 0.0011453151805665323
  },
  "TSM": {
    "std30": 0.021021464723622145,
    "avgRet": 0.0058111530460743304
  },
  "ASML.AS": {
    "std30": 0.029406600573086288,
    "avgRet": 0.007281946538542673
  },
  "LMT": {
    "std30": 0.01867869072859836,
    "avgRet": 0.008986262762355318
  },
  "MCHI": {
    "std30": 0.012949488396710939,
    "avgRet": 0.0003131938068846213
  },
  "EEM": {
    "std30": 0.009324720735897414,
    "avgRet": 0.0021461314993683834
  }
}