{
  "SPY": {
    "std30": 0.006752625082854572,
    "avgRet": 0.0003127248889239726
  },
  "QQQ": {
    "std30": 0.009212673939463388,
    "avgRet": -0.00020076359380314304
  },
  "IWM": {
    "std30": 0.009500408913790179,
    "avgRet": 0.0024809967710541932
  },
  "SOXX": {
    "std30": 0.019963952802284513,
    "avgRet": 0.004009071988564147
  },
  "XLE": {
    "std30": 0.015244908288027064,
    "avgRet": 0.0027489799418947023
  },
  "NVDA": {
    "std30": 0.019421655764396046,
    "avgRet": 0.00013806900638810006
  },
  "TSM": {
    "std30": 0.0226829212176497,
    "avgRet": 0.002873365067355337
  },
  "ASML.AS": {
    "std30": 0.03005692710499024,
    "avgRet": 0.008302088654089143
  },
  "LMT": {
    "std30": 0.018651950065492147,
    "avgRet": 0.008481240134429562
  },
  "MCHI": {
    "std30": 0.012881016461983877,
    "avgRet": 0.0008797799861092537
  },
  "EEM": {
    "std30": 0.009844466082430541,
    "avgRet": 0.0025908656617559408
  }
}