{
  "SPY": {
    "std30": 0.009534374882767843,
    "avgRet": -0.0003968723464335736
  },
  "QQQ": {
    "std30": 0.013221227987853561,
    "avgRet": -0.0005302531595015572
  },
  "IWM": {
    "std30": 0.014260906920014681,
    "avgRet": -0.001586496654238298
  },
  "SOXX": {
    "std30": 0.02511115474919776,
    "avgRet": -0.0007352431784632542
  },
  "XLE": {
    "std30": 0.011597076398605593,
    "avgRet": 0.0008886390488881631
  },
  "NVDA": {
    "std30": 0.028108797688491248,
    "avgRet": -0.0006718546093892253
  },
  "TSM": {
    "std30": 0.02531107690658274,
    "avgRet": -0.0017655211075495304
  },
  "ASML.AS": {
    "std30": 0.02132858895948782,
    "avgRet": 0.0022246496859836705
  },
  "LMT": {
    "std30": 0.012246247847456785,
    "avgRet": -0.002595004402997456
  },
  "MCHI": {
    "std30": 0.015846200295740513,
    "avgRet": -0.0016186757621131373
  },
  "EEM": {
    "std30": 0.01260020188314324,
    "avgRet": 2.574276756502022e-05
  }
}