{
  "SPY": {
    "std30": 0.005341929272006813,
    "avgRet": 0.0014241644411991938
  },
  "QQQ": {
    "std30": 0.006784603141437865,
    "avgRet": 0.001374812457692657
  },
  "IWM": {
    "std30": 0.011734825943409194,
    "avgRet": 0.002826586516085541
  },
  "SOXX": {
    "std30": 0.01300596542684269,
    "avgRet": 0.0030865937444281163
  },
  "XLE": {
    "std30": 0.009501773488195517,
    "avgRet": 0.002142087110661087
  },
  "NVDA": {
    "std30": 0.016008105773157612,
    "avgRet": -0.0016918261911930286
  },
  "TSM": {
    "std30": 0.01845288458300149,
    "avgRet": 0.004563986051061529
  },
  "ASML.AS": {
    "std30": 0.019926750426338298,
    "avgRet": 0.008246449693191365
  },
  "LMT": {
    "std30": 0.009789459679391576,
    "avgRet": 0.002958796920039228
  },
  "MCHI": {
    "std30": 0.0134155266464546,
    "avgRet": 0.004227510391566608
  },
  "EEM": {
    "std30": 0.007497586447633728,
    "avgRet": 0.002862963849610099
  }
}