{
  "SPY": {
    "std30": 0.008500834288701655,
    "avgRet": -0.0012465920220252882
  },
  "QQQ": {
    "std30": 0.011468601556780858,
    "avgRet": -0.0013101666780309126
  },
  "IWM": {
    "std30": 0.013592363966215172,
    "avgRet": -0.0015506079657230003
  },
  "SOXX": {
    "std30": 0.024644734690535682,
    "avgRet": -0.000894643134838546
  },
  "XLE": {
    "std30": 0.013052401880284089,
    "avgRet": 0.005160113321901954
  },
  "NVDA": {
    "std30": 0.026574925976579084,
    "avgRet": 0.00018937216272540587
  },
  "TSM": {
    "std30": 0.02548471095333955,
    "avgRet": 0.00042069336207161095
  },
  "ASML.AS": {
    "std30": 0.02704833966281215,
    "avgRet": -0.0010166709023039587
  },
  "LMT": {
    "std30": 0.017696166158324173,
    "avgRet": 0.0005088384010236051
  },
  "MCHI": {
    "std30": 0.012546946934805963,
    "avgRet": -0.0015469588533972769
  },
  "EEM": {
    "std30": 0.01702670402820926,
    "avgRet": -0.0004392380346262452
  }
}