{
  "SPY": {
    "std30": 0.006779494025148248,
    "avgRet": 0.0011400347505026165
  },
  "QQQ": {
    "std30": 0.010212203584683149,
    "avgRet": 0.001005237617691327
  },
  "IWM": {
    "std30": 0.01139339228775371,
    "avgRet": 0.002406052230531984
  },
  "SOXX": {
    "std30": 0.021235027632175177,
    "avgRet": 0.0028516882650933303
  },
  "XLE": {
    "std30": 0.011497710095982046,
    "avgRet": 0.00017301539773689948
  },
  "NVDA": {
    "std30": 0.020464854735273645,
    "avgRet": 0.0004694726220832082
  },
  "TSM": {
    "std30": 0.018061830645176212,
    "avgRet": 0.0024617721981884007
  },
  "ASML.AS": {
    "std30": 0.02398003047881604,
    "avgRet": 0.0021572749812627744
  },
  "LMT": {
    "std30": 0.013577072661688876,
    "avgRet": 0.001415395834910973
  },
  "MCHI": {
    "std30": 0.00911807478867127,
    "avgRet": -0.0011606829159273293
  },
  "EEM": {
    "std30": 0.007549801437790797,
    "avgRet": 0.00043480375267771984
  }
}