{
  "SPY": {
    "std30": 0.007620802075018214,
    "avgRet": 0.0013087888745556629
  },
  "QQQ": {
    "std30": 0.010259427508647483,
    "avgRet": 0.002320581221324089
  },
  "IWM": {
    "std30": 0.012288451864631128,
    "avgRet": 0.0003563586337881265
  },
  "SOXX": {
    "std30": 0.021856235353103395,
    "avgRet": 0.00532737640407372
  },
  "XLE": {
    "std30": 0.011475537926384895,
    "avgRet": -0.0005839321493287176
  },
  "NVDA": {
    "std30": 0.022217520388774694,
    "avgRet": 0.005808340283063348
  },
  "TSM": {
    "std30": 0.027336464447084714,
    "avgRet": 0.0047551857444464935
  },
  "ASML.AS": {
    "std30": 0.02102638927433425,
    "avgRet": 0.005179794341263301
  },
  "LMT": {
    "std30": 0.011002929393444175,
    "avgRet": 0.0009011880430246328
  },
  "MCHI": {
    "std30": 0.01573462256483969,
    "avgRet": 0.0005132707743735064
  },
  "EEM": {
    "std30": 0.01135106986490536,
    "avgRet": 0.0019029967474786056
  }
}