{
  "SPY": {
    "std30": 0.008197100365220804,
    "avgRet": 0.0011855454624641497
  },
  "QQQ": {
    "std30": 0.011408280202913465,
    "avgRet": 0.0018577597580528016
  },
  "IWM": {
    "std30": 0.01283903502726041,
    "avgRet": 0.0009199668359677185
  },
  "SOXX": {
    "std30": 0.023949570653049083,
    "avgRet": 0.004837581849131209
  },
  "XLE": {
    "std30": 0.01064451338372342,
    "avgRet": -0.0010925170321164702
  },
  "NVDA": {
    "std30": 0.02265203850202184,
    "avgRet": 0.004525900600738538
  },
  "TSM": {
    "std30": 0.02693751336523654,
    "avgRet": 0.0025914319957490027
  },
  "ASML.AS": {
    "std30": 0.021766204613497857,
    "avgRet": 0.003357923275570534
  },
  "LMT": {
    "std30": 0.011086918537428042,
    "avgRet": -0.0004657824939648449
  },
  "MCHI": {
    "std30": 0.016101336404723814,
    "avgRet": -0.0006264096006793283
  },
  "EEM": {
    "std30": 0.01216085920916324,
    "avgRet": 0.0015710915117582904
  }
}