{
  "SPY": {
    "std30": 0.006288338231021853,
    "avgRet": -0.00042617794462321566
  },
  "QQQ": {
    "std30": 0.008799006832092558,
    "avgRet": -0.0012658201832977446
  },
  "IWM": {
    "std30": 0.009590568211833272,
    "avgRet": 0.0007151895003474772
  },
  "SOXX": {
    "std30": 0.020486190433448064,
    "avgRet": 0.0030407029361683466
  },
  "XLE": {
    "std30": 0.014993687197785259,
    "avgRet": 0.005536591274352798
  },
  "NVDA": {
    "std30": 0.01684082749068476,
    "avgRet": -0.002725658663462791
  },
  "TSM": {
    "std30": 0.021620679013130414,
    "avgRet": 0.003988700059667028
  },
  "ASML.AS": {
    "std30": 0.029886301284779794,
    "avgRet": 0.008703604503886006
  },
  "LMT": {
    "std30": 0.021960705196835364,
    "avgRet": 0.008477321027516704
  },
  "MCHI": {
    "std30": 0.0137698180176461,
    "avgRet": -0.00012561375741363133
  },
  "EEM": {
    "std30": 0.01013920983853689,
    "avgRet": 0.00269516724684639
  }
}