{
  "SPY": {
    "std30": 0.006380724161256399,
    "avgRet": 0.0008191998326948234
  },
  "QQQ": {
    "std30": 0.008575192800318062,
    "avgRet": 0.0014062912189237988
  },
  "IWM": {
    "std30": 0.009220786532503614,
    "avgRet": 0.0016468684875714627
  },
  "SOXX": {
    "std30": 0.017848165330246392,
    "avgRet": 0.006432416394426327
  },
  "XLE": {
    "std30": 0.014836420454149542,
    "avgRet": 0.0037481766567301527
  },
  "NVDA": {
    "std30": 0.018502282644311075,
    "avgRet": 0.0030670318358991503
  },
  "TSM": {
    "std30": 0.020461376841363316,
    "avgRet": 0.005969610485536933
  },
  "ASML.AS": {
    "std30": 0.029345334944574347,
    "avgRet": 0.01010374356023783
  },
  "LMT": {
    "std30": 0.0198435245846842,
    "avgRet": 0.006835410270572248
  },
  "MCHI": {
    "std30": 0.01281636152767624,
    "avgRet": 0.001766022059994635
  },
  "EEM": {
    "std30": 0.009655940220033209,
    "avgRet": 0.003926295769220215
  }
}