{
  "SPY": {
    "std30": 0.004957221361923566,
    "avgRet": 0.0007056355219716014
  },
  "QQQ": {
    "std30": 0.007659625542685712,
    "avgRet": 0.0005773111010867499
  },
  "IWM": {
    "std30": 0.009027813032605634,
    "avgRet": 0.002172797751341769
  },
  "SOXX": {
    "std30": 0.01940938261154566,
    "avgRet": 0.004204013554346891
  },
  "XLE": {
    "std30": 0.014931657799641493,
    "avgRet": 0.0014718644206831483
  },
  "NVDA": {
    "std30": 0.016862678874886038,
    "avgRet": 0.0009389820150419486
  },
  "TSM": {
    "std30": 0.019650992409148263,
    "avgRet": 0.0052647116927296
  },
  "ASML.AS": {
    "std30": 0.028914853826273887,
    "avgRet": 0.005930646437452566
  },
  "LMT": {
    "std30": 0.018480597162297874,
    "avgRet": 0.00871067240518406
  },
  "MCHI": {
    "std30": 0.012638430258970908,
    "avgRet": 0.00047588392920497997
  },
  "EEM": {
    "std30": 0.00916783325199163,
    "avgRet": 0.002050648373531665
  }
}