{
  "SPY": {
    "std30": 0.007035878916254507,
    "avgRet": 0.0009979256242506561
  },
  "QQQ": {
    "std30": 0.009272800035283968,
    "avgRet": 0.0016961096840913804
  },
  "IWM": {
    "std30": 0.0116616173011185,
    "avgRet": 0.00210055834251617
  },
  "SOXX": {
    "std30": 0.02027162674233678,
    "avgRet": 0.005167563602837073
  },
  "XLE": {
    "std30": 0.011687205018319421,
    "avgRet": -0.0007856141461486541
  },
  "NVDA": {
    "std30": 0.022619131388960666,
    "avgRet": 0.0020967945885986407
  },
  "TSM": {
    "std30": 0.027202179549636822,
    "avgRet": 0.008875741566209887
  },
  "ASML.AS": {
    "std30": 0.02565311963499869,
    "avgRet": 0.010309929291619174
  },
  "LMT": {
    "std30": 0.008804019207375722,
    "avgRet": 0.004106129136503476
  },
  "MCHI": {
    "std30": 0.016963839069833363,
    "avgRet": 0.0008476762095060833
  },
  "EEM": {
    "std30": 0.010930049487332519,
    "avgRet": 0.0020428562820337883
  }
}