{
  "SPY": {
    "std30": 0.008500141730414546,
    "avgRet": -0.0003216330323070299
  },
  "QQQ": {
    "std30": 0.011413315003714727,
    "avgRet": -0.0007891376875227257
  },
  "IWM": {
    "std30": 0.014242694300733697,
    "avgRet": -0.0010589677742709354
  },
  "SOXX": {
    "std30": 0.023991243566594548,
    "avgRet": -0.00023005966683837655
  },
  "XLE": {
    "std30": 0.013374555292340716,
    "avgRet": 0.005875633788039052
  },
  "NVDA": {
    "std30": 0.026268746076508104,
    "avgRet": 0.0003639479071692157
  },
  "TSM": {
    "std30": 0.024480093849777035,
    "avgRet": 0.002249069109604525
  },
  "ASML.AS": {
    "std30": 0.025048794857942022,
    "avgRet": 0.0006143360158599176
  },
  "LMT": {
    "std30": 0.01922697870582363,
    "avgRet": 0.004906761172965876
  },
  "MCHI": {
    "std30": 0.01384248828712484,
    "avgRet": -0.003292226693512544
  },
  "EEM": {
    "std30": 0.018761942091842777,
    "avgRet": -0.0001120476347177498
  }
}