{
  "SPY": {
    "std30": 0.008223522978163358,
    "avgRet": -0.0019353519216633594
  },
  "QQQ": {
    "std30": 0.0104175682233018,
    "avgRet": -0.0014545522201507232
  },
  "IWM": {
    "std30": 0.012647342087689192,
    "avgRet": -0.00252698513000656
  },
  "SOXX": {
    "std30": 0.0206787098712054,
    "avgRet": -0.0014093203927969264
  },
  "XLE": {
    "std30": 0.010999804060042301,
    "avgRet": 0.0037094355443108517
  },
  "NVDA": {
    "std30": 0.020581333502573074,
    "avgRet": -0.002498679799482794
  },
  "TSM": {
    "std30": 0.02350543686621609,
    "avgRet": -0.0014216314729487145
  },
  "ASML.AS": {
    "std30": 0.02586202114900323,
    "avgRet": -0.001149866106712998
  },
  "LMT": {
    "std30": 0.015341457297513789,
    "avgRet": -0.001097940542416256
  },
  "MCHI": {
    "std30": 0.012589929067357227,
    "avgRet": -0.0036624261611830442
  },
  "EEM": {
    "std30": 0.018627845241822736,
    "avgRet": -0.0016847442645762025
  }
}