{
  "SPY": {
    "std30": 0.006648824201888438,
    "avgRet": 0.00010459317556599617
  },
  "QQQ": {
    "std30": 0.009202430161617136,
    "avgRet": -0.00022864087947718675
  },
  "IWM": {
    "std30": 0.010012433772301555,
    "avgRet": 0.001376658207063644
  },
  "SOXX": {
    "std30": 0.020078725941998513,
    "avgRet": 0.0031620070081747782
  },
  "XLE": {
    "std30": 0.015183780423056901,
    "avgRet": 0.0025841610197395956
  },
  "NVDA": {
    "std30": 0.01958575250149689,
    "avgRet": 0.0009085537713089743
  },
  "TSM": {
    "std30": 0.02270544198381534,
    "avgRet": 0.0028979622611673265
  },
  "ASML.AS": {
    "std30": 0.03014262126531532,
    "avgRet": 0.007902805887396681
  },
  "LMT": {
    "std30": 0.018796446103990765,
    "avgRet": 0.008243106638012481
  },
  "MCHI": {
    "std30": 0.012818339351694283,
    "avgRet": 0.0005937408929350877
  },
  "EEM": {
    "std30": 0.00973332417097674,
    "avgRet": 0.002422477177438774
  }
}