{
  "SPY": {
    "std30": 0.007300173378241049,
    "avgRet": 0.0010754323943959955
  },
  "QQQ": {
    "std30": 0.009529091292273813,
    "avgRet": 0.0018553055544479784
  },
  "IWM": {
    "std30": 0.01283584051234204,
    "avgRet": 0.001647458548678327
  },
  "SOXX": {
    "std30": 0.02087553943472541,
    "avgRet": 0.0050726894728734834
  },
  "XLE": {
    "std30": 0.01101355853846422,
    "avgRet": -0.0008345957272605806
  },
  "NVDA": {
    "std30": 0.020802584205234734,
    "avgRet": 0.0010319155243279738
  },
  "TSM": {
    "std30": 0.02713658147329446,
    "avgRet": 0.004550402600729935
  },
  "ASML.AS": {
    "std30": 0.0250131701406323,
    "avgRet": 0.009398321383070323
  },
  "LMT": {
    "std30": 0.01042931988663026,
    "avgRet": 0.002161543615713252
  },
  "MCHI": {
    "std30": 0.016354200578106395,
    "avgRet": 0.0006182350094968626
  },
  "EEM": {
    "std30": 0.011378630187618387,
    "avgRet": 0.0019363638755902175
  }
}