{
  "SPY": {
    "std30": 0.00709182572096918,
    "avgRet": 0.0008420047521549165
  },
  "QQQ": {
    "std30": 0.009307233816846816,
    "avgRet": 0.0015046826254002895
  },
  "IWM": {
    "std30": 0.012422229106388061,
    "avgRet": 0.0008135996814806441
  },
  "SOXX": {
    "std30": 0.02083511209234984,
    "avgRet": 0.005282343631654642
  },
  "XLE": {
    "std30": 0.011382421107810263,
    "avgRet": -0.00040717718660973336
  },
  "NVDA": {
    "std30": 0.021963743312138677,
    "avgRet": 0.0031651570702809235
  },
  "TSM": {
    "std30": 0.02767004990400825,
    "avgRet": 0.006492158842657939
  },
  "ASML.AS": {
    "std30": 0.025152030784248134,
    "avgRet": 0.009192231021311795
  },
  "LMT": {
    "std30": 0.008676804333281628,
    "avgRet": 0.00264551424649876
  },
  "MCHI": {
    "std30": 0.016223009186941924,
    "avgRet": 0.0006834988446129092
  },
  "EEM": {
    "std30": 0.011017060683637732,
    "avgRet": 0.002207887711847805
  }
}