{
  "SPY": {
    "std30": 0.005306187816331977,
    "avgRet": 0.0002983473605457959
  },
  "QQQ": {
    "std30": 0.008138313321907646,
    "avgRet": -0.0002981795920561895
  },
  "IWM": {
    "std30": 0.008996805319474757,
    "avgRet": 0.0022689666748925714
  },
  "SOXX": {
    "std30": 0.019507104399242595,
    "avgRet": 0.002935842948308976
  },
  "XLE": {
    "std30": 0.015077351839734765,
    "avgRet": 0.002606037530626577
  },
  "NVDA": {
    "std30": 0.017257412688918523,
    "avgRet": 0.0002444264698739086
  },
  "TSM": {
    "std30": 0.01997006255780712,
    "avgRet": 0.003974360888113307
  },
  "ASML.AS": {
    "std30": 0.0289480542777871,
    "avgRet": 0.004897833213220773
  },
  "LMT": {
    "std30": 0.018707154047292132,
    "avgRet": 0.009215765414209362
  },
  "MCHI": {
    "std30": 0.012505968237383425,
    "avgRet": 0.0006736318010477322
  },
  "EEM": {
    "std30": 0.009187434436157826,
    "avgRet": 0.0020170682534241123
  }
}