{
  "SPY": {
    "std30": 0.006648677478337818,
    "avgRet": 9.958827576909633e-05
  },
  "QQQ": {
    "std30": 0.009202430161617136,
    "avgRet": -0.00022864087947718675
  },
  "IWM": {
    "std30": 0.010016372100107328,
    "avgRet": 0.0013747410070958537
  },
  "SOXX": {
    "std30": 0.020078725941998513,
    "avgRet": 0.0031620070081747782
  },
  "XLE": {
    "std30": 0.015183037088230104,
    "avgRet": 0.0025806358961840154
  },
  "NVDA": {
    "std30": 0.019587175810486437,
    "avgRet": 0.0009104193176528766
  },
  "TSM": {
    "std30": 0.02270544198381534,
    "avgRet": 0.0028979622611673265
  },
  "ASML.AS": {
    "std30": 0.03014262126531532,
    "avgRet": 0.007902805887396681
  },
  "LMT": {
    "std30": 0.018796446103990765,
    "avgRet": 0.008243106638012481
  },
  "MCHI": {
    "std30": 0.012818339351694283,
    "avgRet": 0.0005937408929350877
  },
  "EEM": {
    "std30": 0.00973332417097674,
    "avgRet": 0.002422477177438774
  }
}