{
  "SPY": {
    "std30": 0.008243657607814836,
    "avgRet": 1.0098865520548482e-05
  },
  "QQQ": {
    "std30": 0.011869351638427004,
    "avgRet": -0.0007990621254821972
  },
  "IWM": {
    "std30": 0.013830724244865636,
    "avgRet": 0.0011330638519816492
  },
  "SOXX": {
    "std30": 0.024139393498207044,
    "avgRet": -0.0005783474368966646
  },
  "XLE": {
    "std30": 0.09408111808849738,
    "avgRet": -0.015991170610492444
  },
  "NVDA": {
    "std30": 0.024033873322541977,
    "avgRet": -0.004786409502793268
  },
  "TSM": {
    "std30": 0.019162084548057665,
    "avgRet": -0.0008455771615727759
  },
  "ASML.AS": {
    "std30": 0.023286957592120912,
    "avgRet": 0.0009414245810288142
  },
  "LMT": {
    "std30": 0.01493459773573363,
    "avgRet": -0.0007569226159684954
  },
  "MCHI": {
    "std30": 0.009085902575755948,
    "avgRet": -0.0011206562794062046
  },
  "EEM": {
    "std30": 0.008147984411696934,
    "avgRet": -0.0006490606191998544
  }
}