{
  "SPY": {
    "std30": 0.006687897284497366,
    "avgRet": 0.00010683198638932725
  },
  "QQQ": {
    "std30": 0.0091093104241086,
    "avgRet": -0.00040442535117758834
  },
  "IWM": {
    "std30": 0.009445129282870864,
    "avgRet": 0.002292284347634372
  },
  "SOXX": {
    "std30": 0.01998843545087153,
    "avgRet": 0.003895600922434955
  },
  "XLE": {
    "std30": 0.015263146146032169,
    "avgRet": 0.0028519776926106354
  },
  "NVDA": {
    "std30": 0.019332663373808043,
    "avgRet": -0.00026205231197932283
  },
  "TSM": {
    "std30": 0.02268603861225341,
    "avgRet": 0.002916580828212441
  },
  "ASML.AS": {
    "std30": 0.030006862267041093,
    "avgRet": 0.007171575539145434
  },
  "LMT": {
    "std30": 0.018659453481896814,
    "avgRet": 0.008160200857421694
  },
  "MCHI": {
    "std30": 0.013146329936843872,
    "avgRet": 0.00023207618058779437
  },
  "EEM": {
    "std30": 0.009809150121252238,
    "avgRet": 0.0022615870810318954
  }
}