{
  "SPY": {
    "std30": 0.006685172797409851,
    "avgRet": 0.000393668678876396
  },
  "QQQ": {
    "std30": 0.008519819876320292,
    "avgRet": 0.00027823144708310083
  },
  "IWM": {
    "std30": 0.012925122616813391,
    "avgRet": 0.000998785498021961
  },
  "SOXX": {
    "std30": 0.014878219721222122,
    "avgRet": -0.00020784513314241816
  },
  "XLE": {
    "std30": 0.00945237294699598,
    "avgRet": 0.00071805477797217
  },
  "NVDA": {
    "std30": 0.015787674608638818,
    "avgRet": -3.821216349365264e-05
  },
  "TSM": {
    "std30": 0.017662433522641238,
    "avgRet": -0.0013448382068593473
  },
  "ASML.AS": {
    "std30": 0.01766124278408274,
    "avgRet": 0.0009335670462692653
  },
  "LMT": {
    "std30": 0.008610345173595033,
    "avgRet": 0.0024185288374687286
  },
  "MCHI": {
    "std30": 0.012499174968217881,
    "avgRet": 0.0012713153615609716
  },
  "EEM": {
    "std30": 0.007341789103200618,
    "avgRet": 2.937215129844381e-05
  }
}