{
  "SPY": {
    "std30": 0.007826693692716274,
    "avgRet": -4.211401671564151e-05
  },
  "QQQ": {
    "std30": 0.010575004203709756,
    "avgRet": -0.0005813672638689337
  },
  "IWM": {
    "std30": 0.012369066727034255,
    "avgRet": 0.001986860379162816
  },
  "SOXX": {
    "std30": 0.02222628828541419,
    "avgRet": 0.004480189731792569
  },
  "XLE": {
    "std30": 0.015677588940020533,
    "avgRet": 0.0061514676795102015
  },
  "NVDA": {
    "std30": 0.023566129476597378,
    "avgRet": -0.0008560203129830298
  },
  "TSM": {
    "std30": 0.02293699758798402,
    "avgRet": 0.004971384862050004
  },
  "ASML.AS": {
    "std30": 0.027427525258253052,
    "avgRet": 0.0069148357788429635
  },
  "LMT": {
    "std30": 0.022145752853221914,
    "avgRet": 0.009667678253375112
  },
  "MCHI": {
    "std30": 0.013048050966726737,
    "avgRet": -0.0009807504221336972
  },
  "EEM": {
    "std30": 0.010578353594493037,
    "avgRet": 0.002927379166030731
  }
}