{
  "SPY": {
    "std30": 0.007826644154619838,
    "avgRet": -4.262017078995777e-05
  },
  "QQQ": {
    "std30": 0.010574700982145047,
    "avgRet": -0.0005825154644090437
  },
  "IWM": {
    "std30": 0.01236596696473825,
    "avgRet": 0.001983538852748712
  },
  "SOXX": {
    "std30": 0.022224289343893765,
    "avgRet": 0.00447037955864301
  },
  "XLE": {
    "std30": 0.015677588940020533,
    "avgRet": 0.0061514676795102015
  },
  "NVDA": {
    "std30": 0.023571312605609063,
    "avgRet": -0.000861554081885462
  },
  "TSM": {
    "std30": 0.02293699758798402,
    "avgRet": 0.004971384862050004
  },
  "ASML.AS": {
    "std30": 0.027427525258253052,
    "avgRet": 0.0069148357788429635
  },
  "LMT": {
    "std30": 0.022145752853221914,
    "avgRet": 0.009667678253375112
  },
  "MCHI": {
    "std30": 0.013049359183123025,
    "avgRet": -0.0009864425249103022
  },
  "EEM": {
    "std30": 0.010578353594493037,
    "avgRet": 0.002927379166030731
  }
}