{
  "SPY": {
    "std30": 0.007248843959760608,
    "avgRet": 0.0005579756355525797
  },
  "QQQ": {
    "std30": 0.009733347714218462,
    "avgRet": 0.001288277624723201
  },
  "IWM": {
    "std30": 0.012771014713707365,
    "avgRet": 0.00044910666105824445
  },
  "SOXX": {
    "std30": 0.021609690562258296,
    "avgRet": 0.00393783791004751
  },
  "XLE": {
    "std30": 0.011320856888252968,
    "avgRet": -0.00044443602406303524
  },
  "NVDA": {
    "std30": 0.02086097360559106,
    "avgRet": 0.0008115086644994852
  },
  "TSM": {
    "std30": 0.02739883183538679,
    "avgRet": 0.004143595088992903
  },
  "ASML.AS": {
    "std30": 0.025528693758880668,
    "avgRet": 0.008254147003363492
  },
  "LMT": {
    "std30": 0.010940152215139066,
    "avgRet": 0.0012403015552569872
  },
  "MCHI": {
    "std30": 0.015603923887066861,
    "avgRet": -0.0005200323026948555
  },
  "EEM": {
    "std30": 0.01119512505066398,
    "avgRet": 0.0013432539152428416
  }
}