{
  "SPY": {
    "std30": 0.00823010870406381,
    "avgRet": -9.920493485055162e-05
  },
  "QQQ": {
    "std30": 0.01182848513634086,
    "avgRet": -0.001127217340675737
  },
  "IWM": {
    "std30": 0.013889872388114836,
    "avgRet": 0.0009935872560471344
  },
  "SOXX": {
    "std30": 0.024005997514550372,
    "avgRet": -0.0008986386930455668
  },
  "XLE": {
    "std30": 0.09404596695028555,
    "avgRet": -0.016248800305737637
  },
  "NVDA": {
    "std30": 0.023552146451155213,
    "avgRet": -0.005235181384101138
  },
  "TSM": {
    "std30": 0.01898646834312153,
    "avgRet": -0.0018165227167249596
  },
  "ASML.AS": {
    "std30": 0.023248838150681593,
    "avgRet": 0.0009351282069496122
  },
  "LMT": {
    "std30": 0.01499756121389847,
    "avgRet": -0.00014027311131843258
  },
  "MCHI": {
    "std30": 0.009245325144210073,
    "avgRet": -0.0014433977050074352
  },
  "EEM": {
    "std30": 0.008026297873527937,
    "avgRet": -0.0009552017156087115
  }
}