{
  "SPY": {
    "std30": 0.00739713643600948,
    "avgRet": 0.0002765303939349794
  },
  "QQQ": {
    "std30": 0.009986800795172971,
    "avgRet": -0.00030307459574214617
  },
  "IWM": {
    "std30": 0.011677303106531735,
    "avgRet": 0.002344909762764289
  },
  "SOXX": {
    "std30": 0.022828360317029735,
    "avgRet": 0.006015536312799416
  },
  "XLE": {
    "std30": 0.015379387902999956,
    "avgRet": 0.007075533981406211
  },
  "NVDA": {
    "std30": 0.02313537089156362,
    "avgRet": 0.000705122486143758
  },
  "TSM": {
    "std30": 0.024074699488568045,
    "avgRet": 0.007977825980186884
  },
  "ASML.AS": {
    "std30": 0.030777077542587232,
    "avgRet": 0.010565571965020611
  },
  "LMT": {
    "std30": 0.022497975359230857,
    "avgRet": 0.009018670582453108
  },
  "MCHI": {
    "std30": 0.014216838475541501,
    "avgRet": 0.0008627894185899135
  },
  "EEM": {
    "std30": 0.011277151647559158,
    "avgRet": 0.004038221040189123
  }
}