{
  "SPY": {
    "std30": 0.008042971217631707,
    "avgRet": 0.0003467576027554416
  },
  "QQQ": {
    "std30": 0.011511480479191621,
    "avgRet": -8.058217387899694e-05
  },
  "IWM": {
    "std30": 0.01306258349640447,
    "avgRet": 0.001262108375664072
  },
  "SOXX": {
    "std30": 0.02310075737792856,
    "avgRet": -0.00037892821465891765
  },
  "XLE": {
    "std30": 0.09415965193731743,
    "avgRet": -0.01709345065040168
  },
  "NVDA": {
    "std30": 0.023008927205318126,
    "avgRet": -0.002396925835169269
  },
  "TSM": {
    "std30": 0.019531243101638535,
    "avgRet": -0.00036332311976115664
  },
  "ASML.AS": {
    "std30": 0.024866592684938644,
    "avgRet": 0.0005392013519209509
  },
  "LMT": {
    "std30": 0.014558358637873773,
    "avgRet": 0.00019259900574067633
  },
  "MCHI": {
    "std30": 0.009292447858531394,
    "avgRet": -0.0021708916413764124
  },
  "EEM": {
    "std30": 0.008299454888580008,
    "avgRet": -0.0009313459865057555
  }
}