{
  "SPY": {
    "std30": 0.007635120800382637,
    "avgRet": -0.0011936847520392503
  },
  "QQQ": {
    "std30": 0.010881149643190298,
    "avgRet": -0.0014753689894808706
  },
  "IWM": {
    "std30": 0.013111928458154756,
    "avgRet": -0.0021014229634335993
  },
  "SOXX": {
    "std30": 0.024263743025977315,
    "avgRet": -0.001614163724343363
  },
  "XLE": {
    "std30": 0.012866175460530304,
    "avgRet": 0.004988337129094833
  },
  "NVDA": {
    "std30": 0.026051198536633777,
    "avgRet": -0.0010668533984505234
  },
  "TSM": {
    "std30": 0.02420517515059983,
    "avgRet": 0.0010640642281284324
  },
  "ASML.AS": {
    "std30": 0.025920976206530638,
    "avgRet": -0.002118119285990686
  },
  "LMT": {
    "std30": 0.018925133932158625,
    "avgRet": 0.005104496249711972
  },
  "MCHI": {
    "std30": 0.012448662707243745,
    "avgRet": -0.003147828067520744
  },
  "EEM": {
    "std30": 0.015735954771091895,
    "avgRet": -0.0010551659817447522
  }
}