{
  "SPY": {
    "std30": 0.00831594057646887,
    "avgRet": -0.00035874099173498637
  },
  "QQQ": {
    "std30": 0.011198363431299303,
    "avgRet": -0.0008088655027087593
  },
  "IWM": {
    "std30": 0.012541656461180297,
    "avgRet": -0.0005076818376598622
  },
  "SOXX": {
    "std30": 0.021827379064143164,
    "avgRet": 0.0017896937215129455
  },
  "XLE": {
    "std30": 0.01258181719704348,
    "avgRet": 0.005095369826226745
  },
  "NVDA": {
    "std30": 0.02562712368032942,
    "avgRet": -0.0006917589430469989
  },
  "TSM": {
    "std30": 0.022738435597612815,
    "avgRet": 0.003545405328816045
  },
  "ASML.AS": {
    "std30": 0.022618656873732945,
    "avgRet": 0.003177305235242255
  },
  "LMT": {
    "std30": 0.017801771343302106,
    "avgRet": 0.004249468701835463
  },
  "MCHI": {
    "std30": 0.011746295964494658,
    "avgRet": -0.002478068998262727
  },
  "EEM": {
    "std30": 0.011557015314977393,
    "avgRet": 0.002551935701784316
  }
}