{
  "SPY": {
    "std30": 0.005015119795969822,
    "avgRet": 0.0006208266969438968
  },
  "QQQ": {
    "std30": 0.007634283305516142,
    "avgRet": 0.00047803855918926826
  },
  "IWM": {
    "std30": 0.009481640425976965,
    "avgRet": 0.0018645768793188772
  },
  "SOXX": {
    "std30": 0.019231048469146604,
    "avgRet": 0.004032488915013683
  },
  "XLE": {
    "std30": 0.014819151776374884,
    "avgRet": 0.002004032375021275
  },
  "NVDA": {
    "std30": 0.01746017016697781,
    "avgRet": 0.0010389679104685242
  },
  "TSM": {
    "std30": 0.019405148141626246,
    "avgRet": 0.0036861923694374308
  },
  "ASML.AS": {
    "std30": 0.027805013095367058,
    "avgRet": 0.0066109198160919916
  },
  "LMT": {
    "std30": 0.019791704024585532,
    "avgRet": 0.006031278938153614
  },
  "MCHI": {
    "std30": 0.01085462249831082,
    "avgRet": 0.00019547668334522043
  },
  "EEM": {
    "std30": 0.008715349234271159,
    "avgRet": 0.0017343202657014894
  }
}