{
  "SPY": {
    "std30": 0.00848925999772616,
    "avgRet": -0.0018449971768962922
  },
  "QQQ": {
    "std30": 0.010782636954123844,
    "avgRet": -0.0015242250634333848
  },
  "IWM": {
    "std30": 0.012863414323320006,
    "avgRet": -0.0015674724365170073
  },
  "SOXX": {
    "std30": 0.021791738606102146,
    "avgRet": -0.002072406732976832
  },
  "XLE": {
    "std30": 0.010082423812476355,
    "avgRet": 0.004567529169735332
  },
  "NVDA": {
    "std30": 0.021997832732844464,
    "avgRet": -0.002783649811369647
  },
  "TSM": {
    "std30": 0.025073865712073307,
    "avgRet": -0.003853165858343775
  },
  "ASML.AS": {
    "std30": 0.027076190263979318,
    "avgRet": -0.001583885744799867
  },
  "LMT": {
    "std30": 0.01568560295555466,
    "avgRet": -0.0004324477609389657
  },
  "MCHI": {
    "std30": 0.013614399054857805,
    "avgRet": -0.003211540179742023
  },
  "EEM": {
    "std30": 0.01956483171099365,
    "avgRet": -0.0030060721072078436
  }
}