{
  "SPY": {
    "std30": 0.004343825308243531,
    "avgRet": 0.001167669786940449
  },
  "QQQ": {
    "std30": 0.005811884533511214,
    "avgRet": 0.00197198750527859
  },
  "IWM": {
    "std30": 0.008585995953484898,
    "avgRet": 0.0013143454984709162
  },
  "SOXX": {
    "std30": 0.014555462856341246,
    "avgRet": 0.004903756738134552
  },
  "XLE": {
    "std30": 0.010916130484504193,
    "avgRet": -0.0007727758816160077
  },
  "NVDA": {
    "std30": 0.019475985100891526,
    "avgRet": 0.002467914251357521
  },
  "TSM": {
    "std30": 0.020193893308027535,
    "avgRet": 0.008157397315334228
  },
  "ASML.AS": {
    "std30": 0.023865253848730592,
    "avgRet": 0.008937304595142402
  },
  "LMT": {
    "std30": 0.009099541958879053,
    "avgRet": 0.00374046744247797
  },
  "MCHI": {
    "std30": 0.01159241358968309,
    "avgRet": 0.0026340443742487144
  },
  "EEM": {
    "std30": 0.006055031402267847,
    "avgRet": 0.0025611010428150663
  }
}