{
  "SPY": {
    "std30": 0.005886338986253865,
    "avgRet": 0.0013070532593171947
  },
  "QQQ": {
    "std30": 0.007094661777919914,
    "avgRet": 0.001580887109450962
  },
  "IWM": {
    "std30": 0.012203888442229858,
    "avgRet": 0.0012691689529341747
  },
  "SOXX": {
    "std30": 0.012975037901990737,
    "avgRet": 0.0014775729150426832
  },
  "XLE": {
    "std30": 0.010327311041261266,
    "avgRet": 1.1331985175452194e-05
  },
  "NVDA": {
    "std30": 0.015223336437880175,
    "avgRet": 0.004595553484260891
  },
  "TSM": {
    "std30": 0.018212044076495244,
    "avgRet": 0.001497807107231012
  },
  "ASML.AS": {
    "std30": 0.022967057857859213,
    "avgRet": -0.0016125469294615902
  },
  "LMT": {
    "std30": 0.022601784443386338,
    "avgRet": -0.00205496696566114
  },
  "MCHI": {
    "std30": 0.011390082560960827,
    "avgRet": 0.0031076248888866256
  },
  "EEM": {
    "std30": 0.006419006149933671,
    "avgRet": 0.0013297534244680073
  }
}