{
  "SPY": {
    "std30": 0.005438129903931333,
    "avgRet": 0.0017311308486387706
  },
  "QQQ": {
    "std30": 0.0070604532766217094,
    "avgRet": 0.0018775444159426895
  },
  "IWM": {
    "std30": 0.011760007514786444,
    "avgRet": 0.0026886891307738334
  },
  "SOXX": {
    "std30": 0.013140975560557162,
    "avgRet": 0.0028412662145220068
  },
  "XLE": {
    "std30": 0.009732251194795922,
    "avgRet": 0.0017274915908734216
  },
  "NVDA": {
    "std30": 0.015327320255061708,
    "avgRet": -0.0005460148444960275
  },
  "TSM": {
    "std30": 0.01853139309905162,
    "avgRet": 0.0043047648454390955
  },
  "ASML.AS": {
    "std30": 0.01974285359972016,
    "avgRet": 0.008564186900216687
  },
  "LMT": {
    "std30": 0.009995973279289642,
    "avgRet": 0.0035782868351068547
  },
  "MCHI": {
    "std30": 0.013303421776282999,
    "avgRet": 0.004031061190613101
  },
  "EEM": {
    "std30": 0.007499117268860339,
    "avgRet": 0.0028692919379607203
  }
}