{
  "SPY": {
    "std30": 0.008175046861489534,
    "avgRet": -4.8796799252530436e-05
  },
  "QQQ": {
    "std30": 0.011792458755158242,
    "avgRet": -0.00014307348290157245
  },
  "IWM": {
    "std30": 0.013388467468645247,
    "avgRet": 0.00016499815142767167
  },
  "SOXX": {
    "std30": 0.022451136629121484,
    "avgRet": 0.0012158267087476087
  },
  "XLE": {
    "std30": 0.0940555288840704,
    "avgRet": -0.016122056349618854
  },
  "NVDA": {
    "std30": 0.026155387670666285,
    "avgRet": -0.0007527827473655122
  },
  "TSM": {
    "std30": 0.01689136310930838,
    "avgRet": 0.0005537407392652198
  },
  "ASML.AS": {
    "std30": 0.022459838051108058,
    "avgRet": 0.002136456553472231
  },
  "LMT": {
    "std30": 0.014601962718566952,
    "avgRet": -0.0014546429276276244
  },
  "MCHI": {
    "std30": 0.009481318591992844,
    "avgRet": -0.0017738020088696048
  },
  "EEM": {
    "std30": 0.007812758758196696,
    "avgRet": -0.0006516228235908882
  }
}