{
  "SPY": {
    "std30": 0.007633449255431807,
    "avgRet": -0.0006279964874507717
  },
  "QQQ": {
    "std30": 0.01089795629273066,
    "avgRet": -0.0009756233971777315
  },
  "IWM": {
    "std30": 0.013191130779304918,
    "avgRet": -0.0018988548606717194
  },
  "SOXX": {
    "std30": 0.023611721544807104,
    "avgRet": -0.0014787668791697707
  },
  "XLE": {
    "std30": 0.012883710846620933,
    "avgRet": 0.004943651677309315
  },
  "NVDA": {
    "std30": 0.02582220623797394,
    "avgRet": -0.0006995089604883651
  },
  "TSM": {
    "std30": 0.02403919079261421,
    "avgRet": 0.0020881472625782446
  },
  "ASML.AS": {
    "std30": 0.02458091550685795,
    "avgRet": -0.0009842872405401771
  },
  "LMT": {
    "std30": 0.019235906801849327,
    "avgRet": 0.0032881021026861025
  },
  "MCHI": {
    "std30": 0.012344284595050716,
    "avgRet": -0.003929698449583701
  },
  "EEM": {
    "std30": 0.016353591202831905,
    "avgRet": -0.00083391271794157
  }
}