{
  "SPY": {
    "std30": 0.008073215841286662,
    "avgRet": 0.0003775732941054821
  },
  "QQQ": {
    "std30": 0.011560057769485921,
    "avgRet": -4.468716190728945e-05
  },
  "IWM": {
    "std30": 0.013072601921174303,
    "avgRet": 0.0012872131182288804
  },
  "SOXX": {
    "std30": 0.02316308851293947,
    "avgRet": -0.00032331671178222965
  },
  "XLE": {
    "std30": 0.09415976340260768,
    "avgRet": -0.0170896004093766
  },
  "NVDA": {
    "std30": 0.0230634300306707,
    "avgRet": -0.0023415525039338636
  },
  "TSM": {
    "std30": 0.019617905307724996,
    "avgRet": -0.00030689769295982693
  },
  "ASML.AS": {
    "std30": 0.02493097724331395,
    "avgRet": 0.0006127220992041587
  },
  "LMT": {
    "std30": 0.014556815329360429,
    "avgRet": 0.00019477782744842435
  },
  "MCHI": {
    "std30": 0.009281979145878704,
    "avgRet": -0.0021795891591048547
  },
  "EEM": {
    "std30": 0.008309617630449864,
    "avgRet": -0.0009247903289733055
  }
}