{
  "SPY": {
    "std30": 0.005907569149541866,
    "avgRet": 0.0012708551165534871
  },
  "QQQ": {
    "std30": 0.0071102097554288654,
    "avgRet": 0.0015370768168781028
  },
  "IWM": {
    "std30": 0.012189673226846666,
    "avgRet": 0.0011052890378477783
  },
  "SOXX": {
    "std30": 0.012613602014413874,
    "avgRet": 0.0008770049787223477
  },
  "XLE": {
    "std30": 0.008878454938694238,
    "avgRet": -0.0013359952045582245
  },
  "NVDA": {
    "std30": 0.015140905550905161,
    "avgRet": 0.00456412142329264
  },
  "TSM": {
    "std30": 0.018169358042817135,
    "avgRet": 0.0021517027593610247
  },
  "ASML.AS": {
    "std30": 0.02293573958961185,
    "avgRet": -0.0018204045610642177
  },
  "LMT": {
    "std30": 0.022552304996313232,
    "avgRet": -0.0014455399720242881
  },
  "MCHI": {
    "std30": 0.011346199424993928,
    "avgRet": 0.0030081944625217055
  },
  "EEM": {
    "std30": 0.0064074002957730265,
    "avgRet": 0.0013217725844315385
  }
}