{
  "SPY": {
    "std30": 0.00739889672128151,
    "avgRet": 0.00086913813791327
  },
  "QQQ": {
    "std30": 0.009869861206267028,
    "avgRet": 0.001498990296503026
  },
  "IWM": {
    "std30": 0.012957512704937816,
    "avgRet": 0.0015045361062869225
  },
  "SOXX": {
    "std30": 0.022033888005706503,
    "avgRet": 0.004995386704513383
  },
  "XLE": {
    "std30": 0.01167772607292055,
    "avgRet": -2.3874463123425025e-05
  },
  "NVDA": {
    "std30": 0.02130417324982123,
    "avgRet": 0.0018342939106146606
  },
  "TSM": {
    "std30": 0.027456377106902765,
    "avgRet": 0.004537610745791923
  },
  "ASML.AS": {
    "std30": 0.023319705115806832,
    "avgRet": 0.006310809732303713
  },
  "LMT": {
    "std30": 0.010994884076263653,
    "avgRet": 0.0009337653032339037
  },
  "MCHI": {
    "std30": 0.015906351663800698,
    "avgRet": 0.00016677195830009487
  },
  "EEM": {
    "std30": 0.011263742968783592,
    "avgRet": 0.001637774568939562
  }
}