{
  "SPY": {
    "std30": 0.005092534992301331,
    "avgRet": 0.0016155271508050022
  },
  "QQQ": {
    "std30": 0.005943405866398427,
    "avgRet": 0.0022234100252576986
  },
  "IWM": {
    "std30": 0.01088665676630789,
    "avgRet": 0.002578235816498887
  },
  "SOXX": {
    "std30": 0.01193610016505779,
    "avgRet": 0.004406434766819276
  },
  "XLE": {
    "std30": 0.01129525790478368,
    "avgRet": 0.0014608276029727978
  },
  "NVDA": {
    "std30": 0.019044851741632195,
    "avgRet": 0.0024296097166757067
  },
  "TSM": {
    "std30": 0.01760528797050075,
    "avgRet": 0.008202055527863163
  },
  "ASML.AS": {
    "std30": 0.0222476135103042,
    "avgRet": 0.010341191401209726
  },
  "LMT": {
    "std30": 0.008286524504791129,
    "avgRet": 0.0039124428359729214
  },
  "MCHI": {
    "std30": 0.012580660445277642,
    "avgRet": 0.003545237243396424
  },
  "EEM": {
    "std30": 0.00657947640970394,
    "avgRet": 0.0027360052852281776
  }
}