{
  "SPY": {
    "std30": 0.0049688348502631985,
    "avgRet": 0.0006838146958060479
  },
  "QQQ": {
    "std30": 0.0076720281221871285,
    "avgRet": 0.000518480876866617
  },
  "IWM": {
    "std30": 0.009027581177124237,
    "avgRet": 0.0021734702640338016
  },
  "SOXX": {
    "std30": 0.019399319623785296,
    "avgRet": 0.004166435854624024
  },
  "XLE": {
    "std30": 0.014859807480712615,
    "avgRet": 0.0013974519074749206
  },
  "NVDA": {
    "std30": 0.016845018154991516,
    "avgRet": 0.0012438339148193188
  },
  "TSM": {
    "std30": 0.01970121279464961,
    "avgRet": 0.0050355333982526436
  },
  "ASML.AS": {
    "std30": 0.02898990766649198,
    "avgRet": 0.005753419112524774
  },
  "LMT": {
    "std30": 0.01837408906069658,
    "avgRet": 0.008457325092917545
  },
  "MCHI": {
    "std30": 0.012558370352077674,
    "avgRet": 0.000551009764979904
  },
  "EEM": {
    "std30": 0.009189767987142859,
    "avgRet": 0.0020298182639057758
  }
}