{
  "SPY": {
    "std30": 0.0063975642077742775,
    "avgRet": -0.0004884910367546309
  },
  "QQQ": {
    "std30": 0.008984297381797434,
    "avgRet": -0.0014013034115556739
  },
  "IWM": {
    "std30": 0.00929540952983456,
    "avgRet": 0.000970633519471028
  },
  "SOXX": {
    "std30": 0.020739273540322418,
    "avgRet": 0.0024729137028716842
  },
  "XLE": {
    "std30": 0.014886930998452112,
    "avgRet": 0.005618180235692681
  },
  "NVDA": {
    "std30": 0.016920419846750346,
    "avgRet": -0.003121579883058516
  },
  "TSM": {
    "std30": 0.02151573380476297,
    "avgRet": 0.0033282304234223403
  },
  "ASML.AS": {
    "std30": 0.02997977979544221,
    "avgRet": 0.008314906437694287
  },
  "LMT": {
    "std30": 0.021915638077489957,
    "avgRet": 0.008225891396920896
  },
  "MCHI": {
    "std30": 0.01377131233921334,
    "avgRet": -7.987307278993541e-05
  },
  "EEM": {
    "std30": 0.010235062853518946,
    "avgRet": 0.0025661501227553754
  }
}