{
  "SPY": {
    "std30": 0.006670683449549479,
    "avgRet": 0.0009086433448342992
  },
  "QQQ": {
    "std30": 0.008435160185268815,
    "avgRet": 0.00041310761092562304
  },
  "IWM": {
    "std30": 0.013119652544602062,
    "avgRet": 0.0021676645296439057
  },
  "SOXX": {
    "std30": 0.014849160297777029,
    "avgRet": -0.0001218005411504879
  },
  "XLE": {
    "std30": 0.008791924938522246,
    "avgRet": 0.0021273619233420716
  },
  "NVDA": {
    "std30": 0.01662339499212885,
    "avgRet": 0.0006791149797831777
  },
  "TSM": {
    "std30": 0.018417765574286038,
    "avgRet": -0.0010077251281474004
  },
  "ASML.AS": {
    "std30": 0.017673494647419217,
    "avgRet": 0.001236018763067287
  },
  "LMT": {
    "std30": 0.02258482447304981,
    "avgRet": -0.00010720140283231086
  },
  "MCHI": {
    "std30": 0.012753203085637993,
    "avgRet": 0.002101686534409732
  },
  "EEM": {
    "std30": 0.007565188680197721,
    "avgRet": 0.0003471838205946707
  }
}