{
  "SPY": {
    "std30": 0.008231354477706437,
    "avgRet": -2.0210979272800214e-05
  },
  "QQQ": {
    "std30": 0.011199493201956696,
    "avgRet": -0.0005177798129278187
  },
  "IWM": {
    "std30": 0.012159131482497372,
    "avgRet": 0.0004360510468823032
  },
  "SOXX": {
    "std30": 0.02183469022424167,
    "avgRet": 0.002728026818092971
  },
  "XLE": {
    "std30": 0.012834838948243795,
    "avgRet": 0.004772497554497441
  },
  "NVDA": {
    "std30": 0.02573375038752848,
    "avgRet": 0.0006459166044517561
  },
  "TSM": {
    "std30": 0.023930639206655814,
    "avgRet": 0.0051640423288890755
  },
  "ASML.AS": {
    "std30": 0.02432838904929747,
    "avgRet": 0.005366333396164765
  },
  "LMT": {
    "std30": 0.017728112238161436,
    "avgRet": 0.00407828651558665
  },
  "MCHI": {
    "std30": 0.011760100162312164,
    "avgRet": -0.0023575680398737974
  },
  "EEM": {
    "std30": 0.011492235787688411,
    "avgRet": 0.002908916511973386
  }
}