{
  "SPY": {
    "std30": 0.006860781861978065,
    "avgRet": 0.0004261748753401619
  },
  "QQQ": {
    "std30": 0.009289065370102058,
    "avgRet": -0.00012019117150516386
  },
  "IWM": {
    "std30": 0.009660241579048469,
    "avgRet": 0.0026741486360642194
  },
  "SOXX": {
    "std30": 0.019959581921441715,
    "avgRet": 0.0041502161576756616
  },
  "XLE": {
    "std30": 0.015256451788675159,
    "avgRet": 0.002618122293795674
  },
  "NVDA": {
    "std30": 0.019434450747484528,
    "avgRet": 0.00016816523909217115
  },
  "TSM": {
    "std30": 0.02284245012568665,
    "avgRet": 0.0033401913255129098
  },
  "ASML.AS": {
    "std30": 0.02989959053098276,
    "avgRet": 0.00793686180931391
  },
  "LMT": {
    "std30": 0.018648200184705675,
    "avgRet": 0.008463593771080347
  },
  "MCHI": {
    "std30": 0.012940690803950966,
    "avgRet": 0.0010094559066703384
  },
  "EEM": {
    "std30": 0.009926553735710855,
    "avgRet": 0.0027092410775495894
  }
}