{
  "SPY": {
    "std30": 0.005088357628875705,
    "avgRet": 0.0010910851771010648
  },
  "QQQ": {
    "std30": 0.00665002823207136,
    "avgRet": 0.0010843629830159058
  },
  "IWM": {
    "std30": 0.011506864038869465,
    "avgRet": 0.0025974907430197677
  },
  "SOXX": {
    "std30": 0.01329101886269291,
    "avgRet": 0.0025868808166054193
  },
  "XLE": {
    "std30": 0.010429802641960449,
    "avgRet": 0.001905769276498789
  },
  "NVDA": {
    "std30": 0.019513448644988614,
    "avgRet": -0.0007790735482209206
  },
  "TSM": {
    "std30": 0.018503843133817147,
    "avgRet": 0.005090943718072072
  },
  "ASML.AS": {
    "std30": 0.02193160627401796,
    "avgRet": 0.009214333684469365
  },
  "LMT": {
    "std30": 0.009223996189421366,
    "avgRet": 0.0038309788685148807
  },
  "MCHI": {
    "std30": 0.013878112992714029,
    "avgRet": 0.0029439395711204565
  },
  "EEM": {
    "std30": 0.007232673539483056,
    "avgRet": 0.002307167767410456
  }
}