{
  "SPY": {
    "std30": 0.007402198835856065,
    "avgRet": 0.00023940367790799803
  },
  "QQQ": {
    "std30": 0.009981396825298052,
    "avgRet": -0.0004901409076139084
  },
  "IWM": {
    "std30": 0.01174818671861448,
    "avgRet": 0.0022496048542842363
  },
  "SOXX": {
    "std30": 0.022565591627558328,
    "avgRet": 0.005110314426330942
  },
  "XLE": {
    "std30": 0.014938156374015441,
    "avgRet": 0.006437283937289151
  },
  "NVDA": {
    "std30": 0.023104031691306426,
    "avgRet": 0.00032294693038211635
  },
  "TSM": {
    "std30": 0.023645962759163773,
    "avgRet": 0.006652330774512947
  },
  "ASML.AS": {
    "std30": 0.030774040555734905,
    "avgRet": 0.010227699077513147
  },
  "LMT": {
    "std30": 0.0225049233077468,
    "avgRet": 0.009004409175825488
  },
  "MCHI": {
    "std30": 0.014220705112135123,
    "avgRet": 0.0010216814000731168
  },
  "EEM": {
    "std30": 0.01103409392464508,
    "avgRet": 0.0036364599030375986
  }
}