{
  "SPY": {
    "std30": 0.007320920940447048,
    "avgRet": 3.190049331170225e-05
  },
  "QQQ": {
    "std30": 0.01075961081705026,
    "avgRet": -0.00023280884337226673
  },
  "IWM": {
    "std30": 0.012322225284165943,
    "avgRet": -0.0007824381213547043
  },
  "SOXX": {
    "std30": 0.022921710514246255,
    "avgRet": -0.0004715514319428925
  },
  "XLE": {
    "std30": 0.01300452640453087,
    "avgRet": 0.004861200250922331
  },
  "NVDA": {
    "std30": 0.025572894880732125,
    "avgRet": 0.00019976334190942828
  },
  "TSM": {
    "std30": 0.0230090452228406,
    "avgRet": 0.003510259732972855
  },
  "ASML.AS": {
    "std30": 0.023740022601401057,
    "avgRet": 0.0011101047867892704
  },
  "LMT": {
    "std30": 0.018908852375821922,
    "avgRet": 0.004200608974502052
  },
  "MCHI": {
    "std30": 0.011907347628666763,
    "avgRet": -0.0030909590989563456
  },
  "EEM": {
    "std30": 0.015145638277940623,
    "avgRet": 0.0005414963854024471
  }
}