{
  "SPY": {
    "std30": 0.008603044325292969,
    "avgRet": 0.0007231184271922276
  },
  "QQQ": {
    "std30": 0.012475101670667526,
    "avgRet": 0.0008866242833018615
  },
  "IWM": {
    "std30": 0.013281655762784521,
    "avgRet": 0.0005372476419033038
  },
  "SOXX": {
    "std30": 0.023016011751918922,
    "avgRet": 0.0024801179465982924
  },
  "XLE": {
    "std30": 0.010478462140202868,
    "avgRet": 0.0013867362463120334
  },
  "NVDA": {
    "std30": 0.026565133833363848,
    "avgRet": 0.00027986275076632506
  },
  "TSM": {
    "std30": 0.016551186404514598,
    "avgRet": 0.00012267511492764906
  },
  "ASML.AS": {
    "std30": 0.0217123406951731,
    "avgRet": 0.00352811510689488
  },
  "LMT": {
    "std30": 0.012940227637862223,
    "avgRet": -0.0034138898798016545
  },
  "MCHI": {
    "std30": 0.010499073250012182,
    "avgRet": -0.0007015293946833181
  },
  "EEM": {
    "std30": 0.008265418365967767,
    "avgRet": -4.969355340945053e-05
  }
}