{
  "SPY": {
    "std30": 0.007636579895920999,
    "avgRet": 0.0001613129054014642
  },
  "QQQ": {
    "std30": 0.01104546679343838,
    "avgRet": -8.06520904424055e-05
  },
  "IWM": {
    "std30": 0.013116771012259566,
    "avgRet": 0.001380401746927769
  },
  "SOXX": {
    "std30": 0.02328493136813567,
    "avgRet": 0.0006229015655110857
  },
  "XLE": {
    "std30": 0.0939799203227608,
    "avgRet": -0.017760866256631674
  },
  "NVDA": {
    "std30": 0.021762470052618547,
    "avgRet": -0.002494685434257793
  },
  "TSM": {
    "std30": 0.019074351184047954,
    "avgRet": 2.6328268557372493e-05
  },
  "ASML.AS": {
    "std30": 0.024685703303358075,
    "avgRet": 0.0009619133052580967
  },
  "LMT": {
    "std30": 0.013780422015216965,
    "avgRet": 0.002134557009072402
  },
  "MCHI": {
    "std30": 0.008901599838303333,
    "avgRet": -0.0021173755193190703
  },
  "EEM": {
    "std30": 0.007851546061367362,
    "avgRet": -0.0009430322373162803
  }
}