{
  "SPY": {
    "std30": 0.005984698846358752,
    "avgRet": 0.0006881260305229401
  },
  "QQQ": {
    "std30": 0.007648801383294308,
    "avgRet": 0.000671178277134446
  },
  "IWM": {
    "std30": 0.012131006518071499,
    "avgRet": 0.00017032451304729187
  },
  "SOXX": {
    "std30": 0.012877514230896794,
    "avgRet": -0.0003150846538779613
  },
  "XLE": {
    "std30": 0.008885387323726927,
    "avgRet": -0.00111906142543797
  },
  "NVDA": {
    "std30": 0.016581228465783908,
    "avgRet": 0.002431201244573717
  },
  "TSM": {
    "std30": 0.019460930901566025,
    "avgRet": 7.078218332529659e-06
  },
  "ASML.AS": {
    "std30": 0.022936834013864385,
    "avgRet": -0.002075732009703319
  },
  "LMT": {
    "std30": 0.02266383127526972,
    "avgRet": -0.0011232949712648816
  },
  "MCHI": {
    "std30": 0.011226581664277079,
    "avgRet": 0.0030130535744326884
  },
  "EEM": {
    "std30": 0.006634081021118313,
    "avgRet": 0.0009560601030262063
  }
}