{
  "SPY": {
    "std30": 0.005992311979320598,
    "avgRet": 0.0012432398191029267
  },
  "QQQ": {
    "std30": 0.00739950931494544,
    "avgRet": 0.001653552152096321
  },
  "IWM": {
    "std30": 0.010973929111970602,
    "avgRet": 0.0008244594178695336
  },
  "SOXX": {
    "std30": 0.011661138142605996,
    "avgRet": 0.0006401461876561765
  },
  "XLE": {
    "std30": 0.0107023076243949,
    "avgRet": -9.475886890191341e-05
  },
  "NVDA": {
    "std30": 0.01675046331734064,
    "avgRet": 0.005217605986034777
  },
  "TSM": {
    "std30": 0.019990551808306112,
    "avgRet": 0.002137356738937124
  },
  "ASML.AS": {
    "std30": 0.022136162417928193,
    "avgRet": -0.0030985060555103463
  },
  "LMT": {
    "std30": 0.022121297285150096,
    "avgRet": -0.0023173523056598043
  },
  "MCHI": {
    "std30": 0.008759011178400016,
    "avgRet": 0.0018700985573993185
  },
  "EEM": {
    "std30": 0.0059112088252141195,
    "avgRet": 0.0009685261518502989
  }
}