{
  "SPY": {
    "std30": 0.008800690807585183,
    "avgRet": 0.0010102032025127907
  },
  "QQQ": {
    "std30": 0.01270878436400303,
    "avgRet": 0.0009422892370222279
  },
  "IWM": {
    "std30": 0.013826500136208154,
    "avgRet": 0.0008409314666312267
  },
  "SOXX": {
    "std30": 0.023516597017214116,
    "avgRet": 0.0012791777419354949
  },
  "XLE": {
    "std30": 0.010183367013810646,
    "avgRet": 0.0017992964182075605
  },
  "NVDA": {
    "std30": 0.02634061483281899,
    "avgRet": -0.0008570996398074245
  },
  "TSM": {
    "std30": 0.01657561789395808,
    "avgRet": -0.00028699492927062616
  },
  "ASML.AS": {
    "std30": 0.021579399623041846,
    "avgRet": 0.0012410390651124224
  },
  "LMT": {
    "std30": 0.01290061142394907,
    "avgRet": -0.0026155029539846244
  },
  "MCHI": {
    "std30": 0.010731757095379645,
    "avgRet": -0.0005542174415784717
  },
  "EEM": {
    "std30": 0.00888972751300822,
    "avgRet": 0.00012717345048565218
  }
}