{
  "SPY": {
    "std30": 0.008262161921668796,
    "avgRet": -0.00022190496368902778
  },
  "QQQ": {
    "std30": 0.011191349852338084,
    "avgRet": -0.000661535948834075
  },
  "IWM": {
    "std30": 0.012544766569153732,
    "avgRet": -0.0002619655881056198
  },
  "SOXX": {
    "std30": 0.02171331261874471,
    "avgRet": 0.0010919883634300366
  },
  "XLE": {
    "std30": 0.012764525177561827,
    "avgRet": 0.0060664528177818075
  },
  "NVDA": {
    "std30": 0.027257442959515304,
    "avgRet": -0.00028927986570650126
  },
  "TSM": {
    "std30": 0.022899740359224943,
    "avgRet": 0.0030339725734804352
  },
  "ASML.AS": {
    "std30": 0.022674231731511802,
    "avgRet": 0.0019003558180729035
  },
  "LMT": {
    "std30": 0.018346982248864295,
    "avgRet": 0.005038132820010586
  },
  "MCHI": {
    "std30": 0.011506394637212687,
    "avgRet": -0.0022308180366723052
  },
  "EEM": {
    "std30": 0.012036961265684858,
    "avgRet": 0.0021726659630606454
  }
}