{
  "SPY": {
    "std30": 0.005369546285896183,
    "avgRet": 0.0010731958689405325
  },
  "QQQ": {
    "std30": 0.007743402922234862,
    "avgRet": 0.0010878648112562534
  },
  "IWM": {
    "std30": 0.010037290580240839,
    "avgRet": 0.0022205705920120564
  },
  "SOXX": {
    "std30": 0.01911625793606773,
    "avgRet": 0.004985192053899908
  },
  "XLE": {
    "std30": 0.013799562609311177,
    "avgRet": 0.000804004959853306
  },
  "NVDA": {
    "std30": 0.017837644344476707,
    "avgRet": 0.0013719731341922928
  },
  "TSM": {
    "std30": 0.01955674269622085,
    "avgRet": 0.004087552227675601
  },
  "ASML.AS": {
    "std30": 0.026766742817706732,
    "avgRet": 0.007887388560127422
  },
  "LMT": {
    "std30": 0.01734622532620702,
    "avgRet": 0.003487885415225692
  },
  "MCHI": {
    "std30": 0.010842027091301708,
    "avgRet": 1.1812734860463603e-05
  },
  "EEM": {
    "std30": 0.008774844452723744,
    "avgRet": 0.002030355893500673
  }
}