{
  "SPY": {
    "std30": 0.006852030019604705,
    "avgRet": 0.0006428668940201554
  },
  "QQQ": {
    "std30": 0.008531422702265612,
    "avgRet": 0.00030261315396404786
  },
  "IWM": {
    "std30": 0.013140899179380414,
    "avgRet": 0.001687607992305618
  },
  "SOXX": {
    "std30": 0.014743897536356155,
    "avgRet": 4.353082954804946e-06
  },
  "XLE": {
    "std30": 0.008780198421241314,
    "avgRet": 0.002018652847049672
  },
  "NVDA": {
    "std30": 0.016299409262571778,
    "avgRet": 0.0008944641699644956
  },
  "TSM": {
    "std30": 0.01823386767882025,
    "avgRet": -0.0007645658763460863
  },
  "ASML.AS": {
    "std30": 0.017805794493077214,
    "avgRet": 0.0011352619353000983
  },
  "LMT": {
    "std30": 0.009080499581011106,
    "avgRet": 0.0033840039262112067
  },
  "MCHI": {
    "std30": 0.01254257161636035,
    "avgRet": 0.001782999627122901
  },
  "EEM": {
    "std30": 0.007567985340791671,
    "avgRet": 0.0002985792089048895
  }
}