{
  "SPY": {
    "std30": 0.005337918926519337,
    "avgRet": 0.0014322626648146613
  },
  "QQQ": {
    "std30": 0.006837180993827374,
    "avgRet": 0.001297235291744016
  },
  "IWM": {
    "std30": 0.011803372096129375,
    "avgRet": 0.003067537469180426
  },
  "SOXX": {
    "std30": 0.01301512683194882,
    "avgRet": 0.0030572557952574424
  },
  "XLE": {
    "std30": 0.009503209509290973,
    "avgRet": 0.0021574503357092933
  },
  "NVDA": {
    "std30": 0.01604100790282037,
    "avgRet": -0.0017119385046611797
  },
  "TSM": {
    "std30": 0.018535427872529136,
    "avgRet": 0.004296871649779375
  },
  "ASML.AS": {
    "std30": 0.01993538690735842,
    "avgRet": 0.008235850725923331
  },
  "LMT": {
    "std30": 0.009751432538468335,
    "avgRet": 0.0030416741860781584
  },
  "MCHI": {
    "std30": 0.013380605215525183,
    "avgRet": 0.004179661975349182
  },
  "EEM": {
    "std30": 0.0075059588410288204,
    "avgRet": 0.0028922251005610816
  }
}