{
  "SPY": {
    "std30": 0.00848925999772616,
    "avgRet": -0.0018449971768962922
  },
  "QQQ": {
    "std30": 0.010772528470985235,
    "avgRet": -0.0015195320950252805
  },
  "IWM": {
    "std30": 0.012859915041290103,
    "avgRet": -0.0015647337534401475
  },
  "SOXX": {
    "std30": 0.021770091539727292,
    "avgRet": -0.002062418967988939
  },
  "XLE": {
    "std30": 0.010082423812476355,
    "avgRet": 0.004567529169735332
  },
  "NVDA": {
    "std30": 0.021997832732844464,
    "avgRet": -0.002783649811369647
  },
  "TSM": {
    "std30": 0.02509056745827498,
    "avgRet": -0.0038601070318979016
  },
  "ASML.AS": {
    "std30": 0.027090079314073263,
    "avgRet": -0.0015920494523699227
  },
  "LMT": {
    "std30": 0.01568560295555466,
    "avgRet": -0.0004324477609389657
  },
  "MCHI": {
    "std30": 0.013614399054857805,
    "avgRet": -0.003211540179742023
  },
  "EEM": {
    "std30": 0.01956483171099365,
    "avgRet": -0.0030060721072078436
  }
}