{
  "SPY": {
    "std30": 0.008273170977080767,
    "avgRet": -0.00017291978206130778
  },
  "QQQ": {
    "std30": 0.011731293574742637,
    "avgRet": -0.0006209800979025069
  },
  "IWM": {
    "std30": 0.01364548160368291,
    "avgRet": -0.0011677991886475075
  },
  "SOXX": {
    "std30": 0.022233338963898862,
    "avgRet": -0.001503743529357173
  },
  "XLE": {
    "std30": 0.010156417113719044,
    "avgRet": 0.0012393904078417423
  },
  "NVDA": {
    "std30": 0.026660561772460643,
    "avgRet": -0.001429809454872255
  },
  "TSM": {
    "std30": 0.0166130662567895,
    "avgRet": -0.003184608031291629
  },
  "ASML.AS": {
    "std30": 0.020284726146366755,
    "avgRet": -0.0004390705319965629
  },
  "LMT": {
    "std30": 0.012488160243568117,
    "avgRet": -0.0029995758725240083
  },
  "MCHI": {
    "std30": 0.010503302278562145,
    "avgRet": -0.0012645924537089126
  },
  "EEM": {
    "std30": 0.00930928647054301,
    "avgRet": -0.00018468776424967068
  }
}