{
  "SPY": {
    "std30": 0.008115477244149245,
    "avgRet": 0.0010410246892626925
  },
  "QQQ": {
    "std30": 0.011347216021561095,
    "avgRet": 0.0017505666852311145
  },
  "IWM": {
    "std30": 0.012752863917797492,
    "avgRet": 0.000847055530426464
  },
  "SOXX": {
    "std30": 0.02386841758015592,
    "avgRet": 0.004768909643682592
  },
  "XLE": {
    "std30": 0.010408241524686581,
    "avgRet": -0.0013871569583971725
  },
  "NVDA": {
    "std30": 0.02296339337864822,
    "avgRet": 0.00350368786594634
  },
  "TSM": {
    "std30": 0.026945998858681375,
    "avgRet": 0.002404388975854423
  },
  "ASML.AS": {
    "std30": 0.02181753473527177,
    "avgRet": 0.0034969468967321624
  },
  "LMT": {
    "std30": 0.011585697894235726,
    "avgRet": -0.0007413004321379101
  },
  "MCHI": {
    "std30": 0.016101336404723814,
    "avgRet": -0.0006264096006793283
  },
  "EEM": {
    "std30": 0.012146306683821731,
    "avgRet": 0.0015489993178771893
  }
}