{
  "SPY": {
    "std30": 0.0060569469649080524,
    "avgRet": 0.001994730774582473
  },
  "QQQ": {
    "std30": 0.0077834130461244535,
    "avgRet": 0.0020344217539458435
  },
  "IWM": {
    "std30": 0.0121144121446437,
    "avgRet": 0.003750904172814865
  },
  "SOXX": {
    "std30": 0.013373272422893817,
    "avgRet": 0.0027072278501770663
  },
  "XLE": {
    "std30": 0.009227587739169226,
    "avgRet": 0.00130185564360928
  },
  "NVDA": {
    "std30": 0.01658368681985635,
    "avgRet": 0.0009375503050080261
  },
  "TSM": {
    "std30": 0.019566096656518383,
    "avgRet": 0.0036178859995378175
  },
  "ASML.AS": {
    "std30": 0.016830959646435106,
    "avgRet": 0.0057681758194075
  },
  "LMT": {
    "std30": 0.010076941763560318,
    "avgRet": 0.004025845419884324
  },
  "MCHI": {
    "std30": 0.013486624454918987,
    "avgRet": 0.004379868451634838
  },
  "EEM": {
    "std30": 0.0075292511243824,
    "avgRet": 0.0028396974743734997
  }
}