{
  "SPY": {
    "std30": 0.008668183083287009,
    "avgRet": 0.0004941344843629889
  },
  "QQQ": {
    "std30": 0.012530200436182904,
    "avgRet": 0.0003919547541533498
  },
  "IWM": {
    "std30": 0.013560439792453213,
    "avgRet": -0.00026587246942400385
  },
  "SOXX": {
    "std30": 0.023329906284481144,
    "avgRet": 0.0007233969850987198
  },
  "XLE": {
    "std30": 0.010164508746700671,
    "avgRet": 0.0017774478680474203
  },
  "NVDA": {
    "std30": 0.026531445996012055,
    "avgRet": -0.00017907314266652312
  },
  "TSM": {
    "std30": 0.016644884702736937,
    "avgRet": -0.0010462167877917936
  },
  "ASML.AS": {
    "std30": 0.02201839911408211,
    "avgRet": 0.0017451201738444813
  },
  "LMT": {
    "std30": 0.013874170629274348,
    "avgRet": -0.004770235690867365
  },
  "MCHI": {
    "std30": 0.010541467651179985,
    "avgRet": -0.0007348352772926781
  },
  "EEM": {
    "std30": 0.008500286524589253,
    "avgRet": -0.00035649430680374935
  }
}