{
  "SPY": {
    "std30": 0.008679762932544943,
    "avgRet": 0.0002285398539527924
  },
  "QQQ": {
    "std30": 0.012595059640515955,
    "avgRet": 9.44016056789655e-05
  },
  "IWM": {
    "std30": 0.013817493996145217,
    "avgRet": -0.0010270876848592855
  },
  "SOXX": {
    "std30": 0.02296791662273316,
    "avgRet": -0.0009849043569402044
  },
  "XLE": {
    "std30": 0.010290258895300393,
    "avgRet": 0.0009310594629773044
  },
  "NVDA": {
    "std30": 0.02762861052390896,
    "avgRet": -0.0010427458905792005
  },
  "TSM": {
    "std30": 0.017074548824076635,
    "avgRet": -0.0030622792233554615
  },
  "ASML.AS": {
    "std30": 0.020057901411087004,
    "avgRet": -0.000565218988825789
  },
  "LMT": {
    "std30": 0.012823228515855576,
    "avgRet": -0.003384623263116711
  },
  "MCHI": {
    "std30": 0.010673294319035482,
    "avgRet": -0.0005221435265455063
  },
  "EEM": {
    "std30": 0.008864802247786456,
    "avgRet": -0.00020302873435074087
  }
}