{
  "SPY": {
    "std30": 0.006354729856862204,
    "avgRet": 0.00032029443581749195
  },
  "QQQ": {
    "std30": 0.008430507475304595,
    "avgRet": -0.00016400289207029145
  },
  "IWM": {
    "std30": 0.009506314153186295,
    "avgRet": 0.0012561304856867235
  },
  "SOXX": {
    "std30": 0.01927320619609428,
    "avgRet": 0.004598665909146179
  },
  "XLE": {
    "std30": 0.013575109712281739,
    "avgRet": 0.00546257625565616
  },
  "NVDA": {
    "std30": 0.017625505019417374,
    "avgRet": -0.0002888507005191441
  },
  "TSM": {
    "std30": 0.021053264955233512,
    "avgRet": 0.005075809082879336
  },
  "ASML.AS": {
    "std30": 0.02874698456005243,
    "avgRet": 0.009837263961515063
  },
  "LMT": {
    "std30": 0.019943231455185968,
    "avgRet": 0.010016601774408593
  },
  "MCHI": {
    "std30": 0.013848334297484022,
    "avgRet": 8.357328161549108e-05
  },
  "EEM": {
    "std30": 0.009636608165413297,
    "avgRet": 0.003394035787591534
  }
}