{
  "SPY": {
    "std30": 0.005319446307355869,
    "avgRet": 0.00149104009428175
  },
  "QQQ": {
    "std30": 0.006787050408630579,
    "avgRet": 0.001370146161996496
  },
  "IWM": {
    "std30": 0.011931033406366292,
    "avgRet": 0.003231789320088944
  },
  "SOXX": {
    "std30": 0.01298851295273645,
    "avgRet": 0.003202611997966668
  },
  "XLE": {
    "std30": 0.009540552988241777,
    "avgRet": 0.0022803561360949117
  },
  "NVDA": {
    "std30": 0.015778024285789154,
    "avgRet": -0.0015374346083933915
  },
  "TSM": {
    "std30": 0.018449717876715874,
    "avgRet": 0.004625435521701314
  },
  "ASML.AS": {
    "std30": 0.019880693390144852,
    "avgRet": 0.008306706784881853
  },
  "LMT": {
    "std30": 0.0097397279866472,
    "avgRet": 0.003084566806221114
  },
  "MCHI": {
    "std30": 0.013407346235478098,
    "avgRet": 0.004216877410184949
  },
  "EEM": {
    "std30": 0.007557565621110409,
    "avgRet": 0.0029897626037310608
  }
}