{
  "SPY": {
    "std30": 0.00840803303974302,
    "avgRet": -0.0001973135121872521
  },
  "QQQ": {
    "std30": 0.011465531459056535,
    "avgRet": -0.0007201985490744348
  },
  "IWM": {
    "std30": 0.01218466573051897,
    "avgRet": 3.33177623793437e-05
  },
  "SOXX": {
    "std30": 0.02240151495786132,
    "avgRet": 0.0024066250189925197
  },
  "XLE": {
    "std30": 0.012845323861880914,
    "avgRet": 0.004935893166696805
  },
  "NVDA": {
    "std30": 0.025507661805408074,
    "avgRet": 0.0007499679230346418
  },
  "TSM": {
    "std30": 0.024505231002927327,
    "avgRet": 0.004812749169856439
  },
  "ASML.AS": {
    "std30": 0.02479267593313025,
    "avgRet": 0.005144167847930898
  },
  "LMT": {
    "std30": 0.01768481060093978,
    "avgRet": 0.0041384649205926435
  },
  "MCHI": {
    "std30": 0.01206761846832621,
    "avgRet": -0.0025081850010487184
  },
  "EEM": {
    "std30": 0.011686105572695497,
    "avgRet": 0.002759133561085852
  }
}