{
  "SPY": {
    "std30": 0.006788039894620249,
    "avgRet": 0.0011109586437933032
  },
  "QQQ": {
    "std30": 0.010227678145984813,
    "avgRet": 0.0009402564983165656
  },
  "IWM": {
    "std30": 0.011495548949449636,
    "avgRet": 0.00225701517550419
  },
  "SOXX": {
    "std30": 0.021248949190382456,
    "avgRet": 0.0027274545611670944
  },
  "XLE": {
    "std30": 0.011512526649335329,
    "avgRet": 0.00019619968188348488
  },
  "NVDA": {
    "std30": 0.020477522417175147,
    "avgRet": 0.00037611158822334443
  },
  "TSM": {
    "std30": 0.018107303461382188,
    "avgRet": 0.0022451949889862703
  },
  "ASML.AS": {
    "std30": 0.023939781212112175,
    "avgRet": 0.0020008726173389025
  },
  "LMT": {
    "std30": 0.013589567102648309,
    "avgRet": 0.001329342353377553
  },
  "MCHI": {
    "std30": 0.00910162031015842,
    "avgRet": -0.001189242431101002
  },
  "EEM": {
    "std30": 0.007521840568977951,
    "avgRet": 0.00038748931988314436
  }
}