{
  "SPY": {
    "std30": 0.005540850164859242,
    "avgRet": 0.0015807048778178718
  },
  "QQQ": {
    "std30": 0.007188393614125165,
    "avgRet": 0.0016302405672928883
  },
  "IWM": {
    "std30": 0.011688213115847772,
    "avgRet": 0.003035968023853538
  },
  "SOXX": {
    "std30": 0.013238620115566575,
    "avgRet": 0.002427250107047118
  },
  "XLE": {
    "std30": 0.009269640682875795,
    "avgRet": 0.001248427788930831
  },
  "NVDA": {
    "std30": 0.015138338218552901,
    "avgRet": -0.0003429416917857712
  },
  "TSM": {
    "std30": 0.019432007201260416,
    "avgRet": 0.003234337125023588
  },
  "ASML.AS": {
    "std30": 0.019692720012732222,
    "avgRet": 0.007482229890145732
  },
  "LMT": {
    "std30": 0.010081005052808846,
    "avgRet": 0.0038237167439085285
  },
  "MCHI": {
    "std30": 0.01331990489522928,
    "avgRet": 0.004083460815360213
  },
  "EEM": {
    "std30": 0.007456884567596807,
    "avgRet": 0.002726141269411141
  }
}