{
  "SPY": {
    "std30": 0.006484043951604445,
    "avgRet": -3.133721821407618e-05
  },
  "QQQ": {
    "std30": 0.008839111375540443,
    "avgRet": -0.0006187871371628634
  },
  "IWM": {
    "std30": 0.009110272087306796,
    "avgRet": 0.0020861074452256457
  },
  "SOXX": {
    "std30": 0.019646671355293865,
    "avgRet": 0.003626771353226674
  },
  "XLE": {
    "std30": 0.015273718330278985,
    "avgRet": 0.0028592219696317884
  },
  "NVDA": {
    "std30": 0.018680170275557472,
    "avgRet": -0.0008332922156979297
  },
  "TSM": {
    "std30": 0.02267160484500605,
    "avgRet": 0.003291805857829924
  },
  "ASML.AS": {
    "std30": 0.02980084840545597,
    "avgRet": 0.006676984703846004
  },
  "LMT": {
    "std30": 0.01866933119540728,
    "avgRet": 0.00817845805524711
  },
  "MCHI": {
    "std30": 0.013182932435490876,
    "avgRet": 0.00026563604299235694
  },
  "EEM": {
    "std30": 0.009766030267491697,
    "avgRet": 0.0022315026641581462
  }
}