{
  "SPY": {
    "std30": 0.008845488350167465,
    "avgRet": 0.0005448264641356496
  },
  "QQQ": {
    "std30": 0.012613943575780991,
    "avgRet": 0.0004568591831563417
  },
  "IWM": {
    "std30": 0.014305775690175755,
    "avgRet": -0.0006303706619618137
  },
  "SOXX": {
    "std30": 0.022728682712930427,
    "avgRet": -0.00023962789718635674
  },
  "XLE": {
    "std30": 0.010272590421086301,
    "avgRet": 0.0009542619471899494
  },
  "NVDA": {
    "std30": 0.02612771256590609,
    "avgRet": -5.954808931549683e-05
  },
  "TSM": {
    "std30": 0.01657099576941177,
    "avgRet": -0.002209417290072524
  },
  "ASML.AS": {
    "std30": 0.020281263392203104,
    "avgRet": -2.5542278214684096e-05
  },
  "LMT": {
    "std30": 0.012850590183744614,
    "avgRet": -0.0033223179195352275
  },
  "MCHI": {
    "std30": 0.010673294319035482,
    "avgRet": -0.0005221435265455063
  },
  "EEM": {
    "std30": 0.008865748440826368,
    "avgRet": 4.4378311287827025e-05
  }
}