{
  "SPY": {
    "std30": 0.004322987110666153,
    "avgRet": 0.0011902105511440728
  },
  "QQQ": {
    "std30": 0.005847183859110381,
    "avgRet": 0.001920610766590493
  },
  "IWM": {
    "std30": 0.008527047084441802,
    "avgRet": 0.0013870231674185472
  },
  "SOXX": {
    "std30": 0.01454641638225097,
    "avgRet": 0.004917358704387483
  },
  "XLE": {
    "std30": 0.010675468472240959,
    "avgRet": -0.000489844401419277
  },
  "NVDA": {
    "std30": 0.019788056376276144,
    "avgRet": 0.002768596758710482
  },
  "TSM": {
    "std30": 0.020232621265024956,
    "avgRet": 0.008125691114054206
  },
  "ASML.AS": {
    "std30": 0.023750758772969442,
    "avgRet": 0.00913104560843932
  },
  "LMT": {
    "std30": 0.008645191561027601,
    "avgRet": 0.004096350549132886
  },
  "MCHI": {
    "std30": 0.011424119296497517,
    "avgRet": 0.002748760946100395
  },
  "EEM": {
    "std30": 0.005837292837209507,
    "avgRet": 0.0026718458172437787
  }
}