{
  "SPY": {
    "std30": 0.008249102348749943,
    "avgRet": 3.2901007990723916e-05
  },
  "QQQ": {
    "std30": 0.011692265742104179,
    "avgRet": -0.00038361928592146253
  },
  "IWM": {
    "std30": 0.013446290376206397,
    "avgRet": 0.001176972364777716
  },
  "SOXX": {
    "std30": 0.02237965962046324,
    "avgRet": 0.0009891602208068886
  },
  "XLE": {
    "std30": 0.09416756715050302,
    "avgRet": -0.015460091796473134
  },
  "NVDA": {
    "std30": 0.023466011859852736,
    "avgRet": -0.0038535791871105855
  },
  "TSM": {
    "std30": 0.01716462435769123,
    "avgRet": 0.0007150012169671728
  },
  "ASML.AS": {
    "std30": 0.022293816147009215,
    "avgRet": 0.0017699351202566248
  },
  "LMT": {
    "std30": 0.014637956671641989,
    "avgRet": -0.0011672736357562746
  },
  "MCHI": {
    "std30": 0.009761654232086876,
    "avgRet": -0.0019434320720991157
  },
  "EEM": {
    "std30": 0.008022867551337824,
    "avgRet": -0.0005179475012054081
  }
}