{
  "SPY": {
    "std30": 0.005086137331091633,
    "avgRet": 0.000439505142638938
  },
  "QQQ": {
    "std30": 0.007827126133244903,
    "avgRet": -0.00011977492622354966
  },
  "IWM": {
    "std30": 0.009025713602818532,
    "avgRet": 0.0024708362776844493
  },
  "SOXX": {
    "std30": 0.019225568009037904,
    "avgRet": 0.0033258819522093705
  },
  "XLE": {
    "std30": 0.01506270324335572,
    "avgRet": 0.0025950323948965683
  },
  "NVDA": {
    "std30": 0.01704041245717649,
    "avgRet": 0.0004439257730182014
  },
  "TSM": {
    "std30": 0.019854177343913534,
    "avgRet": 0.004095650745886638
  },
  "ASML.AS": {
    "std30": 0.02895021776394513,
    "avgRet": 0.004892132058003835
  },
  "LMT": {
    "std30": 0.018634026445225247,
    "avgRet": 0.00913948705688077
  },
  "MCHI": {
    "std30": 0.012486116801061114,
    "avgRet": 0.0008093479480120333
  },
  "EEM": {
    "std30": 0.009185873478753789,
    "avgRet": 0.0021669672215196213
  }
}