{
  "SPY": {
    "std30": 0.009383675392079514,
    "avgRet": -0.00012660767494785703
  },
  "QQQ": {
    "std30": 0.01314294356744214,
    "avgRet": -7.141038739940155e-05
  },
  "IWM": {
    "std30": 0.014106439019290262,
    "avgRet": -0.001446860753567936
  },
  "SOXX": {
    "std30": 0.025535149507500462,
    "avgRet": 0.0003059371029606203
  },
  "XLE": {
    "std30": 0.010617692570959318,
    "avgRet": 0.0004041480948742892
  },
  "NVDA": {
    "std30": 0.027127877715483313,
    "avgRet": 0.000657049877994489
  },
  "TSM": {
    "std30": 0.02640564992044651,
    "avgRet": -0.0020725165403270678
  },
  "ASML.AS": {
    "std30": 0.021580502925425744,
    "avgRet": -0.001020565016757226
  },
  "LMT": {
    "std30": 0.011094682865124546,
    "avgRet": -0.0038900400421982037
  },
  "MCHI": {
    "std30": 0.015911734038196308,
    "avgRet": -0.0013120008147811037
  },
  "EEM": {
    "std30": 0.012666920844365472,
    "avgRet": 0.000367736440100429
  }
}