{
  "SPY": {
    "std30": 0.0070348377992030435,
    "avgRet": 0.0010010460476297044
  },
  "QQQ": {
    "std30": 0.009275987708513385,
    "avgRet": 0.001692672921384381
  },
  "IWM": {
    "std30": 0.011667677460317745,
    "avgRet": 0.002106201770955383
  },
  "SOXX": {
    "std30": 0.02027162674233678,
    "avgRet": 0.005167563602837073
  },
  "XLE": {
    "std30": 0.011687813946322591,
    "avgRet": -0.0007696462097649098
  },
  "NVDA": {
    "std30": 0.022610631369961776,
    "avgRet": 0.002100813792887746
  },
  "TSM": {
    "std30": 0.027202179549636822,
    "avgRet": 0.008875741566209887
  },
  "ASML.AS": {
    "std30": 0.02565311963499869,
    "avgRet": 0.010309929291619174
  },
  "LMT": {
    "std30": 0.008804019207375722,
    "avgRet": 0.004106129136503476
  },
  "MCHI": {
    "std30": 0.016971858443724838,
    "avgRet": 0.0008367811830856415
  },
  "EEM": {
    "std30": 0.010930049487332519,
    "avgRet": 0.0020428562820337883
  }
}