{
  "SPY": {
    "std30": 0.007699288203005519,
    "avgRet": 0.0002861094422404932
  },
  "QQQ": {
    "std30": 0.011031027591273598,
    "avgRet": 0.00012104324606322802
  },
  "IWM": {
    "std30": 0.013200951122110277,
    "avgRet": 0.0011940242575645334
  },
  "SOXX": {
    "std30": 0.022598169735394042,
    "avgRet": 0.0009246212300567696
  },
  "XLE": {
    "std30": 0.0939473269452699,
    "avgRet": -0.017600316706409123
  },
  "NVDA": {
    "std30": 0.02192344992951468,
    "avgRet": -0.0008594280771109739
  },
  "TSM": {
    "std30": 0.018938601652115757,
    "avgRet": 0.000939839392594317
  },
  "ASML.AS": {
    "std30": 0.024356662183187217,
    "avgRet": 0.0010615985426294652
  },
  "LMT": {
    "std30": 0.014151361512311259,
    "avgRet": 0.002440661329189642
  },
  "MCHI": {
    "std30": 0.008939936779113939,
    "avgRet": -0.0021098317515719127
  },
  "EEM": {
    "std30": 0.00796695471858718,
    "avgRet": -0.0007152946694214899
  }
}