{
  "SPY": {
    "std30": 0.006910577389926238,
    "avgRet": 0.0006609905032922807
  },
  "QQQ": {
    "std30": 0.008775136317703092,
    "avgRet": 0.0006831438776339646
  },
  "IWM": {
    "std30": 0.01271382855982161,
    "avgRet": 0.0021876139939628414
  },
  "SOXX": {
    "std30": 0.014705056299756655,
    "avgRet": 0.0005382900930477138
  },
  "XLE": {
    "std30": 0.009926519096818931,
    "avgRet": -0.0003181842141246233
  },
  "NVDA": {
    "std30": 0.015883943908071983,
    "avgRet": -0.0015594039689165785
  },
  "TSM": {
    "std30": 0.019063841442495934,
    "avgRet": 0.0008000947360276969
  },
  "ASML.AS": {
    "std30": 0.01857808956984695,
    "avgRet": 0.003166949013397612
  },
  "LMT": {
    "std30": 0.009688222803479769,
    "avgRet": 0.003009797969744053
  },
  "MCHI": {
    "std30": 0.013475887855873846,
    "avgRet": 0.002147625850813747
  },
  "EEM": {
    "std30": 0.007631506016220176,
    "avgRet": 0.0012208734156501251
  }
}