{
  "SPY": {
    "std30": 0.007703733621825942,
    "avgRet": -0.00024749719068948217
  },
  "QQQ": {
    "std30": 0.010406324890670853,
    "avgRet": -0.0009362780510016772
  },
  "IWM": {
    "std30": 0.011873506652974786,
    "avgRet": 0.0011173125181642171
  },
  "SOXX": {
    "std30": 0.021543269293033684,
    "avgRet": 0.0032017621003944904
  },
  "XLE": {
    "std30": 0.014425785427749164,
    "avgRet": 0.0064141632000482
  },
  "NVDA": {
    "std30": 0.023855354370626983,
    "avgRet": 0.00040714597078504196
  },
  "TSM": {
    "std30": 0.02297313735664542,
    "avgRet": 0.00374527703447849
  },
  "ASML.AS": {
    "std30": 0.026352748045572773,
    "avgRet": 0.006124789770703674
  },
  "LMT": {
    "std30": 0.02189691256005165,
    "avgRet": 0.007809733024832661
  },
  "MCHI": {
    "std30": 0.013056734527315024,
    "avgRet": -0.0008989975515898074
  },
  "EEM": {
    "std30": 0.010508879459079325,
    "avgRet": 0.0023327600489334655
  }
}