{
  "SPY": {
    "std30": 0.005951057789622628,
    "avgRet": 0.0010091360321798609
  },
  "QQQ": {
    "std30": 0.007940630283814925,
    "avgRet": 0.0010759827998703044
  },
  "IWM": {
    "std30": 0.009482208230861345,
    "avgRet": 0.001968381094251639
  },
  "SOXX": {
    "std30": 0.018393760552551607,
    "avgRet": 0.006919414928207728
  },
  "XLE": {
    "std30": 0.012942240401342455,
    "avgRet": 0.004914581577498356
  },
  "NVDA": {
    "std30": 0.016667099684470315,
    "avgRet": 0.0031370666698765956
  },
  "TSM": {
    "std30": 0.0205022487247312,
    "avgRet": 0.006638033620749501
  },
  "ASML.AS": {
    "std30": 0.027305918908824046,
    "avgRet": 0.011918150721830587
  },
  "LMT": {
    "std30": 0.01956513965589026,
    "avgRet": 0.010664940693875209
  },
  "MCHI": {
    "std30": 0.013547304385879784,
    "avgRet": 0.001082948520669097
  },
  "EEM": {
    "std30": 0.009658160587934611,
    "avgRet": 0.003806659743028732
  }
}