{
  "SPY": {
    "std30": 0.0051099264043625,
    "avgRet": 0.0005123183447449319
  },
  "QQQ": {
    "std30": 0.00798587850505844,
    "avgRet": 0.00012642285720593035
  },
  "IWM": {
    "std30": 0.00854034869790741,
    "avgRet": 0.002050673730474517
  },
  "SOXX": {
    "std30": 0.019656586740411583,
    "avgRet": 0.003698723591437261
  },
  "XLE": {
    "std30": 0.014831107131587648,
    "avgRet": 0.0018055627133636057
  },
  "NVDA": {
    "std30": 0.017596856910021143,
    "avgRet": 0.0017518069102360047
  },
  "TSM": {
    "std30": 0.022889787078737164,
    "avgRet": 0.005971677862810517
  },
  "ASML.AS": {
    "std30": 0.030604139579965217,
    "avgRet": 0.006095588257312578
  },
  "LMT": {
    "std30": 0.018985139224359505,
    "avgRet": 0.008413109137393796
  },
  "MCHI": {
    "std30": 0.012449949041801836,
    "avgRet": 0.0008731385837085445
  },
  "EEM": {
    "std30": 0.009208206009329624,
    "avgRet": 0.0023475664533667063
  }
}