{
  "SPY": {
    "std30": 0.006758536188054948,
    "avgRet": 0.0003207745553659206
  },
  "QQQ": {
    "std30": 0.00921639863401022,
    "avgRet": -0.00019628734811991602
  },
  "IWM": {
    "std30": 0.009501106327996818,
    "avgRet": 0.0024822844501542697
  },
  "SOXX": {
    "std30": 0.01996356258626119,
    "avgRet": 0.004012043444755969
  },
  "XLE": {
    "std30": 0.015244908288027064,
    "avgRet": 0.0027489799418947023
  },
  "NVDA": {
    "std30": 0.019430307997926964,
    "avgRet": 0.00015876016637215087
  },
  "TSM": {
    "std30": 0.02268289786203606,
    "avgRet": 0.002872836385296271
  },
  "ASML.AS": {
    "std30": 0.030052422423585832,
    "avgRet": 0.00829460943301325
  },
  "LMT": {
    "std30": 0.01865648263164381,
    "avgRet": 0.008500062922002047
  },
  "MCHI": {
    "std30": 0.01287931091600497,
    "avgRet": 0.000874261861830062
  },
  "EEM": {
    "std30": 0.009844466082430541,
    "avgRet": 0.0025908656617559408
  }
}