{
  "SPY": {
    "std30": 0.006920243681639029,
    "avgRet": 0.0010521851831831396
  },
  "QQQ": {
    "std30": 0.008800070363574119,
    "avgRet": 0.0009454564523722256
  },
  "IWM": {
    "std30": 0.012630103897556692,
    "avgRet": 0.002395995976068375
  },
  "SOXX": {
    "std30": 0.015000656445146213,
    "avgRet": 0.000868310559066512
  },
  "XLE": {
    "std30": 0.009462557716561498,
    "avgRet": 0.00016509508744117133
  },
  "NVDA": {
    "std30": 0.018089216132174398,
    "avgRet": 0.00010454723009591248
  },
  "TSM": {
    "std30": 0.0210066239652774,
    "avgRet": 0.0029358612619114688
  },
  "ASML.AS": {
    "std30": 0.018468492009042096,
    "avgRet": 0.003590775429887444
  },
  "LMT": {
    "std30": 0.009653028053939519,
    "avgRet": 0.003236289843313279
  },
  "MCHI": {
    "std30": 0.013338123090151748,
    "avgRet": 0.00283080904575524
  },
  "EEM": {
    "std30": 0.007623115944427478,
    "avgRet": 0.001975656840929087
  }
}