{
  "SPY": {
    "std30": 0.005243419595240734,
    "avgRet": 0.0013072751718888847
  },
  "QQQ": {
    "std30": 0.006768742823471258,
    "avgRet": 0.0013533767924043185
  },
  "IWM": {
    "std30": 0.01248070227186879,
    "avgRet": 0.0035275432021843025
  },
  "SOXX": {
    "std30": 0.014325233734094002,
    "avgRet": 0.0030553082986846994
  },
  "XLE": {
    "std30": 0.009805093054293917,
    "avgRet": 0.0015160458881776256
  },
  "NVDA": {
    "std30": 0.017200598934728292,
    "avgRet": -0.0009240970957770866
  },
  "TSM": {
    "std30": 0.017245126396961272,
    "avgRet": 0.0031215681844759574
  },
  "ASML.AS": {
    "std30": 0.02202562148946754,
    "avgRet": 0.00906498986665034
  },
  "LMT": {
    "std30": 0.009154964213984058,
    "avgRet": 0.0035995431146148447
  },
  "MCHI": {
    "std30": 0.013875509906078614,
    "avgRet": 0.0037990095994607787
  },
  "EEM": {
    "std30": 0.0075069092645457264,
    "avgRet": 0.002437414399665601
  }
}