{
  "SPY": {
    "std30": 0.008233396925341682,
    "avgRet": 1.7604145485002005e-05
  },
  "QQQ": {
    "std30": 0.01185335171681714,
    "avgRet": -0.000789140298454924
  },
  "IWM": {
    "std30": 0.013809193672025129,
    "avgRet": 0.0011504523648625225
  },
  "SOXX": {
    "std30": 0.024026083794896694,
    "avgRet": -0.0005235293671066837
  },
  "XLE": {
    "std30": 0.09408194619037583,
    "avgRet": -0.015979916446451744
  },
  "NVDA": {
    "std30": 0.023973885277266602,
    "avgRet": -0.0047378100253805825
  },
  "TSM": {
    "std30": 0.019059455055362138,
    "avgRet": -0.0008003316196725727
  },
  "ASML.AS": {
    "std30": 0.023255290843465785,
    "avgRet": 0.0009598507638976191
  },
  "LMT": {
    "std30": 0.014967138820995615,
    "avgRet": -0.0007158959173905609
  },
  "MCHI": {
    "std30": 0.009078553519265859,
    "avgRet": -0.0010899130191672998
  },
  "EEM": {
    "std30": 0.008128245495828813,
    "avgRet": -0.0006352373559043895
  }
}