{
  "SPY": {
    "std30": 0.007655438719033805,
    "avgRet": 0.00014731209581035295
  },
  "QQQ": {
    "std30": 0.010996909076302401,
    "avgRet": -6.984623234008762e-05
  },
  "IWM": {
    "std30": 0.013195952714369703,
    "avgRet": 0.0011933282708588672
  },
  "SOXX": {
    "std30": 0.022782406166110568,
    "avgRet": 0.001076179136959079
  },
  "XLE": {
    "std30": 0.09386286858278467,
    "avgRet": -0.018183986375214855
  },
  "NVDA": {
    "std30": 0.02110502055108232,
    "avgRet": -0.001444901948997157
  },
  "TSM": {
    "std30": 0.018814723650786937,
    "avgRet": 0.00038351853616411344
  },
  "ASML.AS": {
    "std30": 0.024474476548575305,
    "avgRet": 0.0014804636796026814
  },
  "LMT": {
    "std30": 0.0139953778798134,
    "avgRet": 0.0019550012216475437
  },
  "MCHI": {
    "std30": 0.009061771597357065,
    "avgRet": -0.002303985439957016
  },
  "EEM": {
    "std30": 0.007864802800547951,
    "avgRet": -0.0009769568261378766
  }
}