{
  "SPY": {
    "std30": 0.007722299779133979,
    "avgRet": 0.0003803410635657164
  },
  "QQQ": {
    "std30": 0.011043320361005157,
    "avgRet": 0.00021692938217730302
  },
  "IWM": {
    "std30": 0.01318929589941463,
    "avgRet": 0.0013424445729542857
  },
  "SOXX": {
    "std30": 0.022603846675630708,
    "avgRet": 0.0009856806793457676
  },
  "XLE": {
    "std30": 0.09393306426223448,
    "avgRet": -0.01768168051888491
  },
  "NVDA": {
    "std30": 0.02188920077034207,
    "avgRet": -0.0007036077789201246
  },
  "TSM": {
    "std30": 0.018963886995233582,
    "avgRet": 0.0011320231458094826
  },
  "ASML.AS": {
    "std30": 0.02435734581370016,
    "avgRet": 0.001214878340611889
  },
  "LMT": {
    "std30": 0.01401194904255719,
    "avgRet": 0.002198413786501556
  },
  "MCHI": {
    "std30": 0.008932764714523122,
    "avgRet": -0.002146775534501607
  },
  "EEM": {
    "std30": 0.00797303151788515,
    "avgRet": -0.0006962469294358405
  }
}