{
  "SPY": {
    "std30": 0.008431962595161753,
    "avgRet": -0.0009987412241476547
  },
  "QQQ": {
    "std30": 0.010700608749933723,
    "avgRet": -0.0003373004646874917
  },
  "IWM": {
    "std30": 0.013331965523623873,
    "avgRet": -0.0013892604783807502
  },
  "SOXX": {
    "std30": 0.022679570467697235,
    "avgRet": 0.0007189955413896094
  },
  "XLE": {
    "std30": 0.011390191292722335,
    "avgRet": 0.004512432274901696
  },
  "NVDA": {
    "std30": 0.02497531538929919,
    "avgRet": 0.0015408273901646318
  },
  "TSM": {
    "std30": 0.02508025187347029,
    "avgRet": 0.0005981041675539838
  },
  "ASML.AS": {
    "std30": 0.025497425543798635,
    "avgRet": 0.0001376050912303015
  },
  "LMT": {
    "std30": 0.01638092569835485,
    "avgRet": 0.0012237229717463021
  },
  "MCHI": {
    "std30": 0.013021182404053868,
    "avgRet": -0.0021432365543508874
  },
  "EEM": {
    "std30": 0.017459127554465357,
    "avgRet": -0.0008158648873728758
  }
}