{
  "SPY": {
    "std30": 0.007301021616217581,
    "avgRet": 0.0010849353146176954
  },
  "QQQ": {
    "std30": 0.009532683087467327,
    "avgRet": 0.0018324689170385227
  },
  "IWM": {
    "std30": 0.012809446110750508,
    "avgRet": 0.0017495895431424119
  },
  "SOXX": {
    "std30": 0.020900754638443257,
    "avgRet": 0.005022078194562061
  },
  "XLE": {
    "std30": 0.011013633039582556,
    "avgRet": -0.0008306271740760118
  },
  "NVDA": {
    "std30": 0.02082024184325338,
    "avgRet": 0.0009837899484825218
  },
  "TSM": {
    "std30": 0.02699595864380382,
    "avgRet": 0.004841137313991376
  },
  "ASML.AS": {
    "std30": 0.025038775361702726,
    "avgRet": 0.009367549454348697
  },
  "LMT": {
    "std30": 0.010055016217763694,
    "avgRet": 0.0023070678095364816
  },
  "MCHI": {
    "std30": 0.01631462418920172,
    "avgRet": 0.000677391332770036
  },
  "EEM": {
    "std30": 0.0113393333823513,
    "avgRet": 0.0019771755891798922
  }
}