{
  "SPY": {
    "std30": 0.008173460746098711,
    "avgRet": -0.00028361293297067596
  },
  "QQQ": {
    "std30": 0.011656163959289298,
    "avgRet": -0.0012225601276163302
  },
  "IWM": {
    "std30": 0.013492928501304981,
    "avgRet": 0.0004440992453810895
  },
  "SOXX": {
    "std30": 0.02312544598708364,
    "avgRet": -0.0021240271533199905
  },
  "XLE": {
    "std30": 0.09429083952047951,
    "avgRet": -0.016257637404218855
  },
  "NVDA": {
    "std30": 0.023480268187024235,
    "avgRet": -0.004301918487526828
  },
  "TSM": {
    "std30": 0.01893053987277642,
    "avgRet": -0.0018411988368509504
  },
  "ASML.AS": {
    "std30": 0.024667095882728772,
    "avgRet": -0.0006367720049548985
  },
  "LMT": {
    "std30": 0.014537822188564262,
    "avgRet": 0.0002227599571612751
  },
  "MCHI": {
    "std30": 0.009330884555901567,
    "avgRet": -0.0021404219598982525
  },
  "EEM": {
    "std30": 0.008032367913334663,
    "avgRet": -0.0015811791074383185
  }
}