{
  "SPY": {
    "std30": 0.009638815024233542,
    "avgRet": -0.00024537555816548295
  },
  "QQQ": {
    "std30": 0.013387629697285307,
    "avgRet": -0.00030877613326144314
  },
  "IWM": {
    "std30": 0.01432319723817288,
    "avgRet": -0.0013841521161377034
  },
  "SOXX": {
    "std30": 0.02526414804682156,
    "avgRet": -0.0005478774779645217
  },
  "XLE": {
    "std30": 0.011957662676154104,
    "avgRet": 0.0006500695570033154
  },
  "NVDA": {
    "std30": 0.028261253042735177,
    "avgRet": -0.0005435139495471146
  },
  "TSM": {
    "std30": 0.02528643170251698,
    "avgRet": -0.0018002631910074601
  },
  "ASML.AS": {
    "std30": 0.02094422449962028,
    "avgRet": 0.0019540242871718063
  },
  "LMT": {
    "std30": 0.012184685209580739,
    "avgRet": -0.0024693404907675243
  },
  "MCHI": {
    "std30": 0.015801398021714187,
    "avgRet": -0.0014612328558828167
  },
  "EEM": {
    "std30": 0.01258184203067925,
    "avgRet": 0.0001597431248993069
  }
}