{
  "SPY": {
    "std30": 0.008228637321150091,
    "avgRet": -9.010070968080938e-05
  },
  "QQQ": {
    "std30": 0.011810025434389533,
    "avgRet": -0.0010536010736161493
  },
  "IWM": {
    "std30": 0.013852656703497543,
    "avgRet": 0.001058790029881801
  },
  "SOXX": {
    "std30": 0.023993755264852836,
    "avgRet": -0.0007397425834671262
  },
  "XLE": {
    "std30": 0.09403165198748586,
    "avgRet": -0.016453378306783253
  },
  "NVDA": {
    "std30": 0.023678655387832988,
    "avgRet": -0.005044858307723652
  },
  "TSM": {
    "std30": 0.01883865888297211,
    "avgRet": -0.001495947830903937
  },
  "ASML.AS": {
    "std30": 0.023295292412797746,
    "avgRet": 0.001074864972234918
  },
  "LMT": {
    "std30": 0.014958069569451496,
    "avgRet": -0.00021351082874290292
  },
  "MCHI": {
    "std30": 0.009223174810101757,
    "avgRet": -0.0014209771857482114
  },
  "EEM": {
    "std30": 0.008017509600456859,
    "avgRet": -0.0008693762655019023
  }
}