{
  "SPY": {
    "std30": 0.005120547999787503,
    "avgRet": 0.0008690334110218582
  },
  "QQQ": {
    "std30": 0.006704103056655547,
    "avgRet": 0.0009460645501593618
  },
  "IWM": {
    "std30": 0.011245516986578928,
    "avgRet": 0.0015756826444012907
  },
  "SOXX": {
    "std30": 0.01307339702347869,
    "avgRet": 0.0020919345467497186
  },
  "XLE": {
    "std30": 0.010385865250505262,
    "avgRet": 0.001896139089564549
  },
  "NVDA": {
    "std30": 0.019418835080190867,
    "avgRet": -0.000706492415022125
  },
  "TSM": {
    "std30": 0.018586929374827272,
    "avgRet": 0.005376405428289015
  },
  "ASML.AS": {
    "std30": 0.022377297518005754,
    "avgRet": 0.008052383812754362
  },
  "LMT": {
    "std30": 0.008471207654567702,
    "avgRet": 0.0032854209890456295
  },
  "MCHI": {
    "std30": 0.013053743750818643,
    "avgRet": 0.002300909962857011
  },
  "EEM": {
    "std30": 0.007058067551527093,
    "avgRet": 0.0017696201221916595
  }
}