{
  "SPY": {
    "std30": 0.005919670526261956,
    "avgRet": 0.0009696435885668475
  },
  "QQQ": {
    "std30": 0.007850920145631875,
    "avgRet": 0.0009811631153037832
  },
  "IWM": {
    "std30": 0.009373654898454403,
    "avgRet": 0.001862801301825494
  },
  "SOXX": {
    "std30": 0.018196575235776506,
    "avgRet": 0.006687405608005002
  },
  "XLE": {
    "std30": 0.013261136773761926,
    "avgRet": 0.00472882724604508
  },
  "NVDA": {
    "std30": 0.017626842664325057,
    "avgRet": 0.002352242475475604
  },
  "TSM": {
    "std30": 0.020271747162240356,
    "avgRet": 0.00647842985535243
  },
  "ASML.AS": {
    "std30": 0.02729203285066183,
    "avgRet": 0.011791899722242543
  },
  "LMT": {
    "std30": 0.01956781980526798,
    "avgRet": 0.010658416252775148
  },
  "MCHI": {
    "std30": 0.013619115501722737,
    "avgRet": 0.0010083463986531843
  },
  "EEM": {
    "std30": 0.009659188522558853,
    "avgRet": 0.003783379504975173
  }
}