{
  "SPY": {
    "std30": 0.006095444565555203,
    "avgRet": 0.0010827036789315347
  },
  "QQQ": {
    "std30": 0.007221141986947516,
    "avgRet": 0.0014590892412682482
  },
  "IWM": {
    "std30": 0.012558314544454982,
    "avgRet": 0.0008571943392795353
  },
  "SOXX": {
    "std30": 0.012800357323754424,
    "avgRet": 0.0015776557506854655
  },
  "XLE": {
    "std30": 0.010407564268279216,
    "avgRet": -0.000539119582431484
  },
  "NVDA": {
    "std30": 0.015121184855287602,
    "avgRet": 0.004708922827005356
  },
  "TSM": {
    "std30": 0.018672835366627005,
    "avgRet": 0.0010658908543117807
  },
  "ASML.AS": {
    "std30": 0.02289877910885077,
    "avgRet": -0.0014876514155051665
  },
  "LMT": {
    "std30": 0.02278603553492165,
    "avgRet": -0.0016643689196410647
  },
  "MCHI": {
    "std30": 0.011411950711216036,
    "avgRet": 0.0028381767973352234
  },
  "EEM": {
    "std30": 0.007033921498302811,
    "avgRet": 0.0008072932741736685
  }
}