{
  "SPY": {
    "std30": 0.008387269681594626,
    "avgRet": -0.0008845633222454594
  },
  "QQQ": {
    "std30": 0.010619857291172763,
    "avgRet": -0.00017789378376169334
  },
  "IWM": {
    "std30": 0.013404082194378511,
    "avgRet": -0.0010360511794451478
  },
  "SOXX": {
    "std30": 0.02262423917137836,
    "avgRet": 0.001211329704793586
  },
  "XLE": {
    "std30": 0.011374584307614559,
    "avgRet": 0.004497678399058515
  },
  "NVDA": {
    "std30": 0.024936639680191993,
    "avgRet": 0.0016134629127581013
  },
  "TSM": {
    "std30": 0.024841289350973437,
    "avgRet": 0.0011286940718244
  },
  "ASML.AS": {
    "std30": 0.02548081197057082,
    "avgRet": 0.0007266646646188537
  },
  "LMT": {
    "std30": 0.01591262173205853,
    "avgRet": 0.0016902720973827707
  },
  "MCHI": {
    "std30": 0.012806702896165423,
    "avgRet": -0.0018600477276564244
  },
  "EEM": {
    "std30": 0.017346596307956954,
    "avgRet": -0.00039351699252252766
  }
}