{
  "SPY": {
    "std30": 0.007808156076606875,
    "avgRet": -0.00043078913581578814
  },
  "QQQ": {
    "std30": 0.010399582047490752,
    "avgRet": -0.0011906263868391614
  },
  "IWM": {
    "std30": 0.012143294992438741,
    "avgRet": 2.1829080590390712e-05
  },
  "SOXX": {
    "std30": 0.020652849349941438,
    "avgRet": 0.0031631260822787706
  },
  "XLE": {
    "std30": 0.013375035310667997,
    "avgRet": 0.0059004144922872835
  },
  "NVDA": {
    "std30": 0.02351870691271415,
    "avgRet": 0.0014649537821938392
  },
  "TSM": {
    "std30": 0.022556208200403095,
    "avgRet": 0.0050700781936981595
  },
  "ASML.AS": {
    "std30": 0.02279780392069456,
    "avgRet": 0.005653379303262263
  },
  "LMT": {
    "std30": 0.017134920826533867,
    "avgRet": 0.0068180256234136
  },
  "MCHI": {
    "std30": 0.012851566892796835,
    "avgRet": -0.0004648920552656027
  },
  "EEM": {
    "std30": 0.01104370403223978,
    "avgRet": 0.0028886392961583423
  }
}