{
  "SPY": {
    "std30": 0.007367734494860169,
    "avgRet": 3.971389560101733e-05
  },
  "QQQ": {
    "std30": 0.009853421147842581,
    "avgRet": -0.0007522423965468822
  },
  "IWM": {
    "std30": 0.011853815716271273,
    "avgRet": 0.0017088629288825653
  },
  "SOXX": {
    "std30": 0.02253048236862814,
    "avgRet": 0.00472503077013153
  },
  "XLE": {
    "std30": 0.01499694493369331,
    "avgRet": 0.006408944906472913
  },
  "NVDA": {
    "std30": 0.022768462579277688,
    "avgRet": -0.00034335945148756473
  },
  "TSM": {
    "std30": 0.023571866012867208,
    "avgRet": 0.005620861373668979
  },
  "ASML.AS": {
    "std30": 0.030674641411420636,
    "avgRet": 0.01022570417556115
  },
  "LMT": {
    "std30": 0.02210075826269026,
    "avgRet": 0.008886420596987413
  },
  "MCHI": {
    "std30": 0.014604161590854772,
    "avgRet": 0.000689176463790286
  },
  "EEM": {
    "std30": 0.011085950002186965,
    "avgRet": 0.0034710351566043423
  }
}