{
  "SPY": {
    "std30": 0.007499779365331641,
    "avgRet": 0.00016681159121005644
  },
  "QQQ": {
    "std30": 0.010649192717218951,
    "avgRet": -0.00030939926404753234
  },
  "IWM": {
    "std30": 0.012818024264105667,
    "avgRet": -0.00036228037254895174
  },
  "SOXX": {
    "std30": 0.023458774407379635,
    "avgRet": 3.0576901201275074e-06
  },
  "XLE": {
    "std30": 0.013175641273011187,
    "avgRet": 0.0060237452161959444
  },
  "NVDA": {
    "std30": 0.026013798968063336,
    "avgRet": 0.0007060165703387292
  },
  "TSM": {
    "std30": 0.022935892432494085,
    "avgRet": 0.0028899396472164304
  },
  "ASML.AS": {
    "std30": 0.02380174870562685,
    "avgRet": 0.0011700172631438843
  },
  "LMT": {
    "std30": 0.018747106529330503,
    "avgRet": 0.005279258535929143
  },
  "MCHI": {
    "std30": 0.012270858050713618,
    "avgRet": -0.0026999318308601203
  },
  "EEM": {
    "std30": 0.01534545521969744,
    "avgRet": 0.0007766543557504303
  }
}