{
  "SPY": {
    "std30": 0.008161018534936204,
    "avgRet": -0.00010759165218443174
  },
  "QQQ": {
    "std30": 0.011703970575569359,
    "avgRet": -0.000340858316335308
  },
  "IWM": {
    "std30": 0.013375570042823142,
    "avgRet": 0.0005262309286944041
  },
  "SOXX": {
    "std30": 0.02245491610006146,
    "avgRet": 0.001137757720781488
  },
  "XLE": {
    "std30": 0.09416346239184172,
    "avgRet": -0.015470324422521393
  },
  "NVDA": {
    "std30": 0.024275805612062773,
    "avgRet": -0.002577533382227709
  },
  "TSM": {
    "std30": 0.016826294010738697,
    "avgRet": 0.0004326780190832604
  },
  "ASML.AS": {
    "std30": 0.022448827030200732,
    "avgRet": 0.0021634801781299736
  },
  "LMT": {
    "std30": 0.014687174695467882,
    "avgRet": -0.0011279101637186651
  },
  "MCHI": {
    "std30": 0.009847391403038723,
    "avgRet": -0.002111396361637141
  },
  "EEM": {
    "std30": 0.007823873904603595,
    "avgRet": -0.0007401916894554939
  }
}