{
  "SPY": {
    "std30": 0.008670460313084839,
    "avgRet": 0.0005534483380068872
  },
  "QQQ": {
    "std30": 0.012606679412405475,
    "avgRet": 0.0006738238307774972
  },
  "IWM": {
    "std30": 0.013536490252167169,
    "avgRet": -0.00016791942146551488
  },
  "SOXX": {
    "std30": 0.02356342970389474,
    "avgRet": 0.0016062684436622342
  },
  "XLE": {
    "std30": 0.010492952462505721,
    "avgRet": 0.0013998096437427745
  },
  "NVDA": {
    "std30": 0.026525421651332284,
    "avgRet": 0.0003667554298227887
  },
  "TSM": {
    "std30": 0.01680639813566757,
    "avgRet": -0.0001481127118534316
  },
  "ASML.AS": {
    "std30": 0.021931232717839515,
    "avgRet": 0.0029457887797229424
  },
  "LMT": {
    "std30": 0.012942602908141244,
    "avgRet": -0.003445898778934814
  },
  "MCHI": {
    "std30": 0.010430900119380106,
    "avgRet": -0.0006058179332688213
  },
  "EEM": {
    "std30": 0.008246161695330666,
    "avgRet": 2.6517284469287055e-05
  }
}