{
  "SPY": {
    "std30": 0.006896242560484167,
    "avgRet": 0.0013269731087652147
  },
  "QQQ": {
    "std30": 0.00872366735611841,
    "avgRet": 0.0011501074548727428
  },
  "IWM": {
    "std30": 0.012586796196420117,
    "avgRet": 0.003115984452823228
  },
  "SOXX": {
    "std30": 0.013650048871960248,
    "avgRet": 0.0022418152366219515
  },
  "XLE": {
    "std30": 0.009909790158187024,
    "avgRet": 0.0007328673816888233
  },
  "NVDA": {
    "std30": 0.017175010311166524,
    "avgRet": 0.00010370887599351648
  },
  "TSM": {
    "std30": 0.020288128556509955,
    "avgRet": 0.0028381034434561987
  },
  "ASML.AS": {
    "std30": 0.01698765234788171,
    "avgRet": 0.005211998689424507
  },
  "LMT": {
    "std30": 0.009901270159145275,
    "avgRet": 0.0036271722140211247
  },
  "MCHI": {
    "std30": 0.013493174488980573,
    "avgRet": 0.003629142469642188
  },
  "EEM": {
    "std30": 0.007630079354163531,
    "avgRet": 0.0025004281709856747
  }
}