{
  "SPY": {
    "std30": 0.007363619771262779,
    "avgRet": 3.818725418161433e-05
  },
  "QQQ": {
    "std30": 0.009856076586350133,
    "avgRet": -0.0007510872533004543
  },
  "IWM": {
    "std30": 0.011853815716271273,
    "avgRet": 0.0017088629288825653
  },
  "SOXX": {
    "std30": 0.02252814728265328,
    "avgRet": 0.004723988459620976
  },
  "XLE": {
    "std30": 0.015006084300492786,
    "avgRet": 0.006418851847275642
  },
  "NVDA": {
    "std30": 0.022768462579277688,
    "avgRet": -0.00034335945148756473
  },
  "TSM": {
    "std30": 0.023571866012867208,
    "avgRet": 0.005620861373668979
  },
  "ASML.AS": {
    "std30": 0.03067401479621532,
    "avgRet": 0.01022519338041657
  },
  "LMT": {
    "std30": 0.02210075826269026,
    "avgRet": 0.008886420596987413
  },
  "MCHI": {
    "std30": 0.014624705364692177,
    "avgRet": 0.0007006515914510859
  },
  "EEM": {
    "std30": 0.011085950002186965,
    "avgRet": 0.0034710351566043423
  }
}