{
  "SPY": {
    "std30": 0.006882572212832729,
    "avgRet": 0.0008024313671770894
  },
  "QQQ": {
    "std30": 0.008765493837207497,
    "avgRet": 0.0007886747524465253
  },
  "IWM": {
    "std30": 0.01271584243782627,
    "avgRet": 0.002184741990855273
  },
  "SOXX": {
    "std30": 0.014702746583041123,
    "avgRet": 0.00047376940605335123
  },
  "XLE": {
    "std30": 0.010081367160298553,
    "avgRet": -0.00019194813989565945
  },
  "NVDA": {
    "std30": 0.0158467818980448,
    "avgRet": -0.0013658296710662547
  },
  "TSM": {
    "std30": 0.019587049139529245,
    "avgRet": 0.001905759985792022
  },
  "ASML.AS": {
    "std30": 0.018261697382587937,
    "avgRet": 0.004076550538517934
  },
  "LMT": {
    "std30": 0.009789461246828847,
    "avgRet": 0.002885011370516126
  },
  "MCHI": {
    "std30": 0.013509114112428609,
    "avgRet": 0.0025535765794563754
  },
  "EEM": {
    "std30": 0.007694163140721915,
    "avgRet": 0.0014342292782449763
  }
}