{
  "SPY": {
    "std30": 0.007062606272714527,
    "avgRet": 0.0005018085959464953
  },
  "QQQ": {
    "std30": 0.008770121031215205,
    "avgRet": 0.00012427490373432195
  },
  "IWM": {
    "std30": 0.01321899325976875,
    "avgRet": 0.0015732373169467804
  },
  "SOXX": {
    "std30": 0.015229060962237155,
    "avgRet": -0.00042857899168943493
  },
  "XLE": {
    "std30": 0.008840414928642942,
    "avgRet": 0.001846982956803951
  },
  "NVDA": {
    "std30": 0.01675490123215199,
    "avgRet": 0.0005984960672091215
  },
  "TSM": {
    "std30": 0.018308127819018725,
    "avgRet": -0.0008778554870091994
  },
  "ASML.AS": {
    "std30": 0.01818481720266463,
    "avgRet": 0.0008924125270075578
  },
  "LMT": {
    "std30": 0.009080942353452248,
    "avgRet": 0.003383625518746591
  },
  "MCHI": {
    "std30": 0.01252351951183412,
    "avgRet": 0.0016620765623137634
  },
  "EEM": {
    "std30": 0.007590501288996766,
    "avgRet": 0.00022250412971764735
  }
}