{
  "SPY": {
    "std30": 0.008115570306055506,
    "avgRet": 0.0005263886156050902
  },
  "QQQ": {
    "std30": 0.01175164478433749,
    "avgRet": 0.00048168093820480276
  },
  "IWM": {
    "std30": 0.013113988642587292,
    "avgRet": 0.0013780409204286336
  },
  "SOXX": {
    "std30": 0.023718768072839402,
    "avgRet": 0.001044204519110355
  },
  "XLE": {
    "std30": 0.09404605657369962,
    "avgRet": -0.017491903545554008
  },
  "NVDA": {
    "std30": 0.024069315129587442,
    "avgRet": -0.001180071338830679
  },
  "TSM": {
    "std30": 0.01983091866672479,
    "avgRet": 0.0006779915875247457
  },
  "ASML.AS": {
    "std30": 0.025059300132221372,
    "avgRet": 0.0017104511119640795
  },
  "LMT": {
    "std30": 0.013916157745040004,
    "avgRet": 0.0011737814424657616
  },
  "MCHI": {
    "std30": 0.009736025010818801,
    "avgRet": -0.0014939960662874979
  },
  "EEM": {
    "std30": 0.008628938697938203,
    "avgRet": -0.00041586505034944485
  }
}