{
  "SPY": {
    "std30": 0.007004333102815145,
    "avgRet": 0.0009325685685041532
  },
  "QQQ": {
    "std30": 0.010306329812816647,
    "avgRet": 0.0009328134994256175
  },
  "IWM": {
    "std30": 0.012020771608064468,
    "avgRet": 0.002095666586994265
  },
  "SOXX": {
    "std30": 0.021558919451409083,
    "avgRet": 0.002231692238393598
  },
  "XLE": {
    "std30": 0.09388031343989137,
    "avgRet": -0.017979470964648206
  },
  "NVDA": {
    "std30": 0.020964066232791487,
    "avgRet": 0.001002914073476612
  },
  "TSM": {
    "std30": 0.01817242654821724,
    "avgRet": 0.0025846261312187043
  },
  "ASML.AS": {
    "std30": 0.024140550341854822,
    "avgRet": 0.002090596352824871
  },
  "LMT": {
    "std30": 0.014098469149333558,
    "avgRet": 0.002033347503510168
  },
  "MCHI": {
    "std30": 0.00922780414941228,
    "avgRet": -0.0017271207016653748
  },
  "EEM": {
    "std30": 0.0077492202941234585,
    "avgRet": -0.00012189294633276778
  }
}