{
  "SPY": {
    "std30": 0.007724447848823445,
    "avgRet": -0.0002318105440352277
  },
  "QQQ": {
    "std30": 0.010447470719554723,
    "avgRet": -0.0009010934860573192
  },
  "IWM": {
    "std30": 0.012081145780499528,
    "avgRet": 0.0014328043412236337
  },
  "SOXX": {
    "std30": 0.022169076140336242,
    "avgRet": 0.003980366583059179
  },
  "XLE": {
    "std30": 0.01559770679225866,
    "avgRet": 0.0047104120536157375
  },
  "NVDA": {
    "std30": 0.023699530655032008,
    "avgRet": -0.0002700242308239605
  },
  "TSM": {
    "std30": 0.023077440190416867,
    "avgRet": 0.0043674793263021264
  },
  "ASML.AS": {
    "std30": 0.025805714133224033,
    "avgRet": 0.0053064309618747404
  },
  "LMT": {
    "std30": 0.02192505775813619,
    "avgRet": 0.008584107939541778
  },
  "MCHI": {
    "std30": 0.012989407583977364,
    "avgRet": -0.0010989931331697725
  },
  "EEM": {
    "std30": 0.01055373159107884,
    "avgRet": 0.002381929847259945
  }
}