{
  "SPY": {
    "std30": 0.004106042952916804,
    "avgRet": 0.0014869101600967407
  },
  "QQQ": {
    "std30": 0.005343558636861852,
    "avgRet": 0.0021483779465825826
  },
  "IWM": {
    "std30": 0.008167603435823024,
    "avgRet": 0.002249410848091673
  },
  "SOXX": {
    "std30": 0.01282059682264522,
    "avgRet": 0.005423028079161932
  },
  "XLE": {
    "std30": 0.010914998127585106,
    "avgRet": 0.0005074474648013888
  },
  "NVDA": {
    "std30": 0.01915777651056692,
    "avgRet": 0.0010755239024678894
  },
  "TSM": {
    "std30": 0.018009226300526395,
    "avgRet": 0.00883295318194011
  },
  "ASML.AS": {
    "std30": 0.021499673013471644,
    "avgRet": 0.011588484328475524
  },
  "LMT": {
    "std30": 0.008709029006514582,
    "avgRet": 0.004796150626372696
  },
  "MCHI": {
    "std30": 0.012021630124909283,
    "avgRet": 0.0028811910060956903
  },
  "EEM": {
    "std30": 0.005445769009109741,
    "avgRet": 0.0027686647587396988
  }
}