{
  "SPY": {
    "std30": 0.006084708612975614,
    "avgRet": 0.0005711732067050971
  },
  "QQQ": {
    "std30": 0.007856031570082522,
    "avgRet": 0.0004991521485461226
  },
  "IWM": {
    "std30": 0.01217253277694995,
    "avgRet": 7.124050657787275e-05
  },
  "SOXX": {
    "std30": 0.013247507429192269,
    "avgRet": -0.0007300311679755958
  },
  "XLE": {
    "std30": 0.008933206125149723,
    "avgRet": -0.001078531619818914
  },
  "NVDA": {
    "std30": 0.016899586120967574,
    "avgRet": 0.0019455880388786837
  },
  "TSM": {
    "std30": 0.01980745756653482,
    "avgRet": -0.0002937382836012912
  },
  "ASML.AS": {
    "std30": 0.022856684060592665,
    "avgRet": -0.0024086790634286416
  },
  "LMT": {
    "std30": 0.022620452542874363,
    "avgRet": -0.0012092868880247123
  },
  "MCHI": {
    "std30": 0.011218246479408372,
    "avgRet": 0.002963866890714637
  },
  "EEM": {
    "std30": 0.006669968651653938,
    "avgRet": 0.000886845412900371
  }
}