{
  "SPY": {
    "std30": 0.008775343855849948,
    "avgRet": 0.0007801612418056383
  },
  "QQQ": {
    "std30": 0.012596903622612853,
    "avgRet": 0.0011091807213585714
  },
  "IWM": {
    "std30": 0.013272342549289133,
    "avgRet": 0.00033319440805195646
  },
  "SOXX": {
    "std30": 0.025319870256464472,
    "avgRet": 0.0025846372100313186
  },
  "XLE": {
    "std30": 0.010496017680464159,
    "avgRet": 0.000888864406946236
  },
  "NVDA": {
    "std30": 0.02639692290301627,
    "avgRet": 0.0014101634539087791
  },
  "TSM": {
    "std30": 0.026869048892700836,
    "avgRet": 0.0006672569698328186
  },
  "ASML.AS": {
    "std30": 0.021722330660991256,
    "avgRet": 0.0008801265840121301
  },
  "LMT": {
    "std30": 0.012059829106011642,
    "avgRet": -0.002951386745539175
  },
  "MCHI": {
    "std30": 0.016054470257792226,
    "avgRet": -0.0007804612039419902
  },
  "EEM": {
    "std30": 0.012494194975406103,
    "avgRet": 0.0011797049241204774
  }
}