{
  "SPY": {
    "std30": 0.006744875935625335,
    "avgRet": 0.001142038039299541
  },
  "QQQ": {
    "std30": 0.01007320336305337,
    "avgRet": 0.001075086307450767
  },
  "IWM": {
    "std30": 0.01163561147739928,
    "avgRet": 0.0018932412049566048
  },
  "SOXX": {
    "std30": 0.02086838465729146,
    "avgRet": 0.003101284447783574
  },
  "XLE": {
    "std30": 0.01146031824654979,
    "avgRet": -0.0002703215234445239
  },
  "NVDA": {
    "std30": 0.019774559017070828,
    "avgRet": 0.0011532141410954936
  },
  "TSM": {
    "std30": 0.017945711911020755,
    "avgRet": 0.0032426191179861633
  },
  "ASML.AS": {
    "std30": 0.02371494430664168,
    "avgRet": 0.002466419618538486
  },
  "LMT": {
    "std30": 0.013647625105947421,
    "avgRet": 0.0007347892355961079
  },
  "MCHI": {
    "std30": 0.00916293694279845,
    "avgRet": -0.0012818048351251926
  },
  "EEM": {
    "std30": 0.007482105563701444,
    "avgRet": 0.0004521028542890401
  }
}