{
  "SPY": {
    "std30": 0.0062082530744852794,
    "avgRet": 0.0012933191031808868
  },
  "QQQ": {
    "std30": 0.007367031250646426,
    "avgRet": 0.001847436675627961
  },
  "IWM": {
    "std30": 0.011906187854736872,
    "avgRet": 0.0011621461813108801
  },
  "SOXX": {
    "std30": 0.012643275086794784,
    "avgRet": 0.0015078459841883936
  },
  "XLE": {
    "std30": 0.010153584959262711,
    "avgRet": -0.0009356921563046507
  },
  "NVDA": {
    "std30": 0.015197520477694902,
    "avgRet": 0.00508463550477802
  },
  "TSM": {
    "std30": 0.018527240872424192,
    "avgRet": 0.0016284512115666244
  },
  "ASML.AS": {
    "std30": 0.022697541549575165,
    "avgRet": -0.0019891700890858994
  },
  "LMT": {
    "std30": 0.022229534257656655,
    "avgRet": -0.0017881057806892542
  },
  "MCHI": {
    "std30": 0.010506199082299071,
    "avgRet": 0.0033477772907486818
  },
  "EEM": {
    "std30": 0.006613675115964038,
    "avgRet": 0.0013972992529100812
  }
}