{
  "SPY": {
    "std30": 0.006237058615446318,
    "avgRet": 0.0013900844835043938
  },
  "QQQ": {
    "std30": 0.007425703443605895,
    "avgRet": 0.0020522511163222038
  },
  "IWM": {
    "std30": 0.01210895749835715,
    "avgRet": 0.0014360960717729589
  },
  "SOXX": {
    "std30": 0.01298932719131837,
    "avgRet": 0.001856386432344575
  },
  "XLE": {
    "std30": 0.01069263907309659,
    "avgRet": -0.00026923762571869785
  },
  "NVDA": {
    "std30": 0.015430467584728087,
    "avgRet": 0.006269653093173017
  },
  "TSM": {
    "std30": 0.019806534359154394,
    "avgRet": 0.003077158274689179
  },
  "ASML.AS": {
    "std30": 0.022729778682593186,
    "avgRet": -0.0019334633929850116
  },
  "LMT": {
    "std30": 0.022131090731475175,
    "avgRet": -0.0023881633393311977
  },
  "MCHI": {
    "std30": 0.009245931844085255,
    "avgRet": 0.0021371509417989353
  },
  "EEM": {
    "std30": 0.006301435939403007,
    "avgRet": 0.0011221433202051772
  }
}