{
  "SPY": {
    "std30": 0.007413441007770789,
    "avgRet": 0.00040798136307360544
  },
  "QQQ": {
    "std30": 0.010048811926784676,
    "avgRet": 0.0010722598198927462
  },
  "IWM": {
    "std30": 0.013227082899519417,
    "avgRet": 0.00014890447837893176
  },
  "SOXX": {
    "std30": 0.022407450852329636,
    "avgRet": 0.003458466844885002
  },
  "XLE": {
    "std30": 0.01104413126195535,
    "avgRet": -0.0007805524277368454
  },
  "NVDA": {
    "std30": 0.021146768272988805,
    "avgRet": 0.0003394550026574107
  },
  "TSM": {
    "std30": 0.027790818882241355,
    "avgRet": 0.0037759475997091252
  },
  "ASML.AS": {
    "std30": 0.025834448970633417,
    "avgRet": 0.007957264654894597
  },
  "LMT": {
    "std30": 0.011036378803601279,
    "avgRet": 0.0011106830141700246
  },
  "MCHI": {
    "std30": 0.015692701611152955,
    "avgRet": -0.0006830970502706289
  },
  "EEM": {
    "std30": 0.011227989931863717,
    "avgRet": 0.001241665968652705
  }
}