{
  "SPY": {
    "std30": 0.00835991085641864,
    "avgRet": -0.0009552313677418053
  },
  "QQQ": {
    "std30": 0.010664078259561649,
    "avgRet": -0.00025495704446932107
  },
  "IWM": {
    "std30": 0.013491336219979904,
    "avgRet": -0.0016590834472308882
  },
  "SOXX": {
    "std30": 0.02258239592556471,
    "avgRet": 0.001445678420540147
  },
  "XLE": {
    "std30": 0.011509392814803211,
    "avgRet": 0.0036443421501934146
  },
  "NVDA": {
    "std30": 0.024922300103642457,
    "avgRet": 0.0018860122696782511
  },
  "TSM": {
    "std30": 0.024746486437330798,
    "avgRet": 0.002083979486799771
  },
  "ASML.AS": {
    "std30": 0.025114564870415513,
    "avgRet": 0.0012109728376062218
  },
  "LMT": {
    "std30": 0.015855181650123406,
    "avgRet": 0.0021949639038375966
  },
  "MCHI": {
    "std30": 0.012495340742853394,
    "avgRet": -0.001520535751891303
  },
  "EEM": {
    "std30": 0.017033916068432315,
    "avgRet": -0.00020922402284772774
  }
}