{
  "SPY": {
    "std30": 0.00950433470592827,
    "avgRet": -0.0006242834342531061
  },
  "QQQ": {
    "std30": 0.013159791435467947,
    "avgRet": -0.0007778710712710684
  },
  "IWM": {
    "std30": 0.01428622969160323,
    "avgRet": -0.0018028147337949016
  },
  "SOXX": {
    "std30": 0.024906612017303997,
    "avgRet": -0.0014723752472943698
  },
  "XLE": {
    "std30": 0.011622617160601464,
    "avgRet": 0.0008626978782906303
  },
  "NVDA": {
    "std30": 0.027739894513135785,
    "avgRet": -0.0010705274301141964
  },
  "TSM": {
    "std30": 0.02519113723474846,
    "avgRet": -0.002844329915269808
  },
  "ASML.AS": {
    "std30": 0.02043574378845991,
    "avgRet": 0.0007640419819678239
  },
  "LMT": {
    "std30": 0.012297016261350872,
    "avgRet": -0.002665563918438181
  },
  "MCHI": {
    "std30": 0.016005168326155946,
    "avgRet": -0.0018635891772401582
  },
  "EEM": {
    "std30": 0.012732465232471218,
    "avgRet": -0.0002137513387282098
  }
}