{
  "SPY": {
    "std30": 0.00677493743173361,
    "avgRet": 0.0011657971836714297
  },
  "QQQ": {
    "std30": 0.010208632927998564,
    "avgRet": 0.001045225998845026
  },
  "IWM": {
    "std30": 0.011366129338057926,
    "avgRet": 0.0024716009352895767
  },
  "SOXX": {
    "std30": 0.021234780136097864,
    "avgRet": 0.0028776644031869992
  },
  "XLE": {
    "std30": 0.011477996043530338,
    "avgRet": 0.00013823897151701752
  },
  "NVDA": {
    "std30": 0.020477155173044485,
    "avgRet": 0.0003779436336287599
  },
  "TSM": {
    "std30": 0.018062882551274598,
    "avgRet": 0.002441718752891905
  },
  "ASML.AS": {
    "std30": 0.023997257675206964,
    "avgRet": 0.002202723858473337
  },
  "LMT": {
    "std30": 0.013576835242882786,
    "avgRet": 0.001420333329753052
  },
  "MCHI": {
    "std30": 0.009129177004679054,
    "avgRet": -0.0011435472068231272
  },
  "EEM": {
    "std30": 0.007525076238082827,
    "avgRet": 0.0003937979109224221
  }
}