{
  "SPY": {
    "std30": 0.008927821694154502,
    "avgRet": -0.002457288580504945
  },
  "QQQ": {
    "std30": 0.011251080446158673,
    "avgRet": -0.0022666984579181133
  },
  "IWM": {
    "std30": 0.012867325126510525,
    "avgRet": -0.0026239325517500743
  },
  "SOXX": {
    "std30": 0.021818670648556693,
    "avgRet": -0.0029355112523265408
  },
  "XLE": {
    "std30": 0.010333457203561523,
    "avgRet": 0.004914104376854329
  },
  "NVDA": {
    "std30": 0.021986376314023413,
    "avgRet": -0.0027709341643962254
  },
  "TSM": {
    "std30": 0.02511281019146796,
    "avgRet": -0.0036304918647680597
  },
  "ASML.AS": {
    "std30": 0.027310122288832755,
    "avgRet": -0.0022867440756859686
  },
  "LMT": {
    "std30": 0.01530894046247936,
    "avgRet": -0.001883586885986681
  },
  "MCHI": {
    "std30": 0.013614757618133222,
    "avgRet": -0.0032184526097854176
  },
  "EEM": {
    "std30": 0.01951695838278257,
    "avgRet": -0.0033212305846273722
  }
}