{
  "SPY": {
    "std30": 0.006016795324409325,
    "avgRet": 0.001830301731228744
  },
  "QQQ": {
    "std30": 0.008947536571545619,
    "avgRet": 0.0018925895443194824
  },
  "IWM": {
    "std30": 0.011296326947215099,
    "avgRet": 0.0034504341439460526
  },
  "SOXX": {
    "std30": 0.01958699499810734,
    "avgRet": 0.006095404094575108
  },
  "XLE": {
    "std30": 0.01256215293093753,
    "avgRet": 0.0022294892465372965
  },
  "NVDA": {
    "std30": 0.01821233101255349,
    "avgRet": 0.0015603901981348816
  },
  "TSM": {
    "std30": 0.01953072635538709,
    "avgRet": 0.005352544110358907
  },
  "ASML.AS": {
    "std30": 0.026991808605125962,
    "avgRet": 0.008124679081187598
  },
  "LMT": {
    "std30": 0.015169998917687878,
    "avgRet": 0.0031664920279686655
  },
  "MCHI": {
    "std30": 0.0109792697501438,
    "avgRet": 0.001057532189903837
  },
  "EEM": {
    "std30": 0.008680738556078373,
    "avgRet": 0.0023916755711811057
  }
}