{
  "SPY": {
    "std30": 0.006347058890288168,
    "avgRet": -0.0003916574760568618
  },
  "QQQ": {
    "std30": 0.008706217991335207,
    "avgRet": -0.000935623169109629
  },
  "IWM": {
    "std30": 0.008820689229117584,
    "avgRet": 0.0016335677336837772
  },
  "SOXX": {
    "std30": 0.019298412663602837,
    "avgRet": 0.003170178221702184
  },
  "XLE": {
    "std30": 0.01489322146613695,
    "avgRet": 0.0016398534680299572
  },
  "NVDA": {
    "std30": 0.018763962634048625,
    "avgRet": -0.0006302300997313265
  },
  "TSM": {
    "std30": 0.022992868297176002,
    "avgRet": 0.003862759710900803
  },
  "ASML.AS": {
    "std30": 0.029866492750954998,
    "avgRet": 0.0069049678808496915
  },
  "LMT": {
    "std30": 0.018987431993804833,
    "avgRet": 0.008556476181608279
  },
  "MCHI": {
    "std30": 0.012958716682542566,
    "avgRet": -0.0004854161150041279
  },
  "EEM": {
    "std30": 0.009441120043047877,
    "avgRet": 0.0016443004477824977
  }
}