{
  "SPY": {
    "std30": 0.008760551552390835,
    "avgRet": 0.0009395571105647881
  },
  "QQQ": {
    "std30": 0.012623095261710356,
    "avgRet": 0.0007787389982363088
  },
  "IWM": {
    "std30": 0.013779926616612911,
    "avgRet": 0.00022243517257628634
  },
  "SOXX": {
    "std30": 0.022911299504534334,
    "avgRet": 0.0001493536126446032
  },
  "XLE": {
    "std30": 0.009991183583129254,
    "avgRet": 0.0015565098297928217
  },
  "NVDA": {
    "std30": 0.02610026923954315,
    "avgRet": -0.00012797627484853756
  },
  "TSM": {
    "std30": 0.01670633337841495,
    "avgRet": -0.0010872411094810653
  },
  "ASML.AS": {
    "std30": 0.02191618693173932,
    "avgRet": 0.0012085468542862088
  },
  "LMT": {
    "std30": 0.012782637574537228,
    "avgRet": -0.0027918046358421347
  },
  "MCHI": {
    "std30": 0.010674031851085423,
    "avgRet": -0.000731429412687499
  },
  "EEM": {
    "std30": 0.008806784593620881,
    "avgRet": -5.491731028513582e-05
  }
}