{
  "SPY": {
    "std30": 0.006070490602248341,
    "avgRet": 0.0019443303555228026
  },
  "QQQ": {
    "std30": 0.0077760056251215655,
    "avgRet": 0.002013758547677449
  },
  "IWM": {
    "std30": 0.01222668667561427,
    "avgRet": 0.0036442195583114853
  },
  "SOXX": {
    "std30": 0.013374295918909358,
    "avgRet": 0.00266533884523011
  },
  "XLE": {
    "std30": 0.009274830056160335,
    "avgRet": 0.0012341513604428838
  },
  "NVDA": {
    "std30": 0.01658368681985635,
    "avgRet": 0.0009375503050080261
  },
  "TSM": {
    "std30": 0.019569593382729282,
    "avgRet": 0.0035559552793701108
  },
  "ASML.AS": {
    "std30": 0.016857774258971538,
    "avgRet": 0.005855437575517109
  },
  "LMT": {
    "std30": 0.010089933985185725,
    "avgRet": 0.0039481963978591
  },
  "MCHI": {
    "std30": 0.013501586724666233,
    "avgRet": 0.004355702057958919
  },
  "EEM": {
    "std30": 0.007537728059332822,
    "avgRet": 0.0028199139066048882
  }
}