{
  "SPY": {
    "std30": 0.007833341257353842,
    "avgRet": -3.2004606814892624e-06
  },
  "QQQ": {
    "std30": 0.01056471575290609,
    "avgRet": -0.0007216497783675357
  },
  "IWM": {
    "std30": 0.012295933851157502,
    "avgRet": 0.001899492252364827
  },
  "SOXX": {
    "std30": 0.023265549065552005,
    "avgRet": 0.005606063382642314
  },
  "XLE": {
    "std30": 0.015919233555145917,
    "avgRet": 0.006640087983595607
  },
  "NVDA": {
    "std30": 0.0233289590640271,
    "avgRet": 0.0003402964539539783
  },
  "TSM": {
    "std30": 0.024431607282855216,
    "avgRet": 0.006918151086171006
  },
  "ASML.AS": {
    "std30": 0.03121732789246745,
    "avgRet": 0.009948352831186044
  },
  "LMT": {
    "std30": 0.022247124334793426,
    "avgRet": 0.0098034549585509
  },
  "MCHI": {
    "std30": 0.014736934449657882,
    "avgRet": 0.0003958410931665437
  },
  "EEM": {
    "std30": 0.011555752797693936,
    "avgRet": 0.0037443976865014885
  }
}