{
  "SPY": {
    "std30": 0.00853025451668225,
    "avgRet": 2.5917955198661368e-05
  },
  "QQQ": {
    "std30": 0.012291451056574273,
    "avgRet": -0.00013166878589995098
  },
  "IWM": {
    "std30": 0.013573768625974186,
    "avgRet": -0.0011788335072139508
  },
  "SOXX": {
    "std30": 0.023930931604981803,
    "avgRet": -0.00021570753378832757
  },
  "XLE": {
    "std30": 0.010376746799033146,
    "avgRet": 0.0014953323601890995
  },
  "NVDA": {
    "std30": 0.027079569485406782,
    "avgRet": -5.0286900359096624e-05
  },
  "TSM": {
    "std30": 0.022485129996235073,
    "avgRet": -8.482779318059588e-05
  },
  "ASML.AS": {
    "std30": 0.022236500800522394,
    "avgRet": 0.0018682745013128181
  },
  "LMT": {
    "std30": 0.012236075059893076,
    "avgRet": -0.0025287416613585666
  },
  "MCHI": {
    "std30": 0.012102826001487054,
    "avgRet": -0.00021723383138508588
  },
  "EEM": {
    "std30": 0.010769688618505973,
    "avgRet": 0.0008306913957581947
  }
}