{
  "SPY": {
    "std30": 0.007727463460811598,
    "avgRet": -0.00021765326623847536
  },
  "QQQ": {
    "std30": 0.010447180778833937,
    "avgRet": -0.0008907816563262553
  },
  "IWM": {
    "std30": 0.012078995782017803,
    "avgRet": 0.0014511629745020615
  },
  "SOXX": {
    "std30": 0.022177306984475304,
    "avgRet": 0.003945364628783404
  },
  "XLE": {
    "std30": 0.01544568170637256,
    "avgRet": 0.004840475816582458
  },
  "NVDA": {
    "std30": 0.023682410165464483,
    "avgRet": -0.00030020442544848996
  },
  "TSM": {
    "std30": 0.023015006900517377,
    "avgRet": 0.004483250133987047
  },
  "ASML.AS": {
    "std30": 0.02580911281036308,
    "avgRet": 0.005329229723093017
  },
  "LMT": {
    "std30": 0.02197071908396011,
    "avgRet": 0.008503261728058658
  },
  "MCHI": {
    "std30": 0.013003228300844409,
    "avgRet": -0.0010647103574076967
  },
  "EEM": {
    "std30": 0.01054108926953754,
    "avgRet": 0.0024005478288450692
  }
}