{
  "SPY": {
    "std30": 0.005997848100099462,
    "avgRet": 0.0006710067313533293
  },
  "QQQ": {
    "std30": 0.007693888695240439,
    "avgRet": 0.0005891311851189139
  },
  "IWM": {
    "std30": 0.011837175322770574,
    "avgRet": 0.0007254131535448535
  },
  "SOXX": {
    "std30": 0.012914206592636398,
    "avgRet": -0.00045717090284158216
  },
  "XLE": {
    "std30": 0.008945202766056879,
    "avgRet": -0.001041417845042031
  },
  "NVDA": {
    "std30": 0.01659718186777602,
    "avgRet": 0.002176322628253475
  },
  "TSM": {
    "std30": 0.019480029499449696,
    "avgRet": -0.0002805449153188374
  },
  "ASML.AS": {
    "std30": 0.023141634354742216,
    "avgRet": -0.002717110334923711
  },
  "LMT": {
    "std30": 0.02262415888961172,
    "avgRet": -0.0012681695999136198
  },
  "MCHI": {
    "std30": 0.011203927065404816,
    "avgRet": 0.0030967026870018033
  },
  "EEM": {
    "std30": 0.0066120738523035355,
    "avgRet": 0.000993762323195694
  }
}