{
  "SPY": {
    "std30": 0.005219649464922598,
    "avgRet": 0.0007067381682872767
  },
  "QQQ": {
    "std30": 0.006768376623470798,
    "avgRet": 0.0008241352523969498
  },
  "IWM": {
    "std30": 0.011108833926005797,
    "avgRet": 0.0016904033404583582
  },
  "SOXX": {
    "std30": 0.013109143600568612,
    "avgRet": 0.0019464192413966555
  },
  "XLE": {
    "std30": 0.010452012660401659,
    "avgRet": 0.0022375277407681114
  },
  "NVDA": {
    "std30": 0.019431014181404478,
    "avgRet": -0.0006478539881433612
  },
  "TSM": {
    "std30": 0.018905943116659274,
    "avgRet": 0.004941739833579281
  },
  "ASML.AS": {
    "std30": 0.02234131658443121,
    "avgRet": 0.008163856499488881
  },
  "LMT": {
    "std30": 0.008083758975563229,
    "avgRet": 0.00355902477027512
  },
  "MCHI": {
    "std30": 0.012274142407854708,
    "avgRet": 0.0031144635162781106
  },
  "EEM": {
    "std30": 0.006692093664734823,
    "avgRet": 0.001991736823890912
  }
}