{
  "SPY": {
    "std30": 0.008086381245480325,
    "avgRet": 0.00048102125981339214
  },
  "QQQ": {
    "std30": 0.011720395254117905,
    "avgRet": 0.00045280896615287414
  },
  "IWM": {
    "std30": 0.01310666120207045,
    "avgRet": 0.0013648695076629025
  },
  "SOXX": {
    "std30": 0.02364993819687942,
    "avgRet": 0.0009898898054905866
  },
  "XLE": {
    "std30": 0.09407749307054102,
    "avgRet": -0.017362895989508787
  },
  "NVDA": {
    "std30": 0.02401375606660336,
    "avgRet": -0.0012155560657448107
  },
  "TSM": {
    "std30": 0.019752863736460433,
    "avgRet": 0.0005992582971515343
  },
  "ASML.AS": {
    "std30": 0.024987888824173608,
    "avgRet": 0.001620110683274627
  },
  "LMT": {
    "std30": 0.013886591351909526,
    "avgRet": 0.0010219557940528922
  },
  "MCHI": {
    "std30": 0.00962055451465369,
    "avgRet": -0.0015686636833041247
  },
  "EEM": {
    "std30": 0.00856030749312776,
    "avgRet": -0.0004642835102924043
  }
}