{
  "SPY": {
    "std30": 0.007619214101543786,
    "avgRet": 0.001361487178272554
  },
  "QQQ": {
    "std30": 0.01025620361813558,
    "avgRet": 0.0023042366160245203
  },
  "IWM": {
    "std30": 0.012175470029708636,
    "avgRet": 0.000727557995546832
  },
  "SOXX": {
    "std30": 0.02194636372585887,
    "avgRet": 0.00545536299379741
  },
  "XLE": {
    "std30": 0.011524578312500157,
    "avgRet": -0.0005247241159827496
  },
  "NVDA": {
    "std30": 0.022630519032533377,
    "avgRet": 0.006122275242161928
  },
  "TSM": {
    "std30": 0.027332609680194117,
    "avgRet": 0.00474031903592432
  },
  "ASML.AS": {
    "std30": 0.020988779098433948,
    "avgRet": 0.0051142676640424725
  },
  "LMT": {
    "std30": 0.011006594737540275,
    "avgRet": 0.0008823768133593959
  },
  "MCHI": {
    "std30": 0.015772670114062217,
    "avgRet": 0.0006032902609447138
  },
  "EEM": {
    "std30": 0.011403097960293386,
    "avgRet": 0.00200206734146874
  }
}