{
  "SPY": {
    "std30": 0.007048813652958427,
    "avgRet": 0.0008318120861423316
  },
  "QQQ": {
    "std30": 0.010362841299960145,
    "avgRet": 0.0007257314953124171
  },
  "IWM": {
    "std30": 0.012087900937923165,
    "avgRet": 0.0018269529610524928
  },
  "SOXX": {
    "std30": 0.021559098978759416,
    "avgRet": 0.0021798310539523327
  },
  "XLE": {
    "std30": 0.011912459329337488,
    "avgRet": -0.000696103919679765
  },
  "NVDA": {
    "std30": 0.02077434004971964,
    "avgRet": -0.00014664301656728963
  },
  "TSM": {
    "std30": 0.01820644131333912,
    "avgRet": 0.002058544318708325
  },
  "ASML.AS": {
    "std30": 0.024016863209668456,
    "avgRet": 0.002247947892048863
  },
  "LMT": {
    "std30": 0.013686178912085067,
    "avgRet": 0.0017616180815706345
  },
  "MCHI": {
    "std30": 0.00924499095069627,
    "avgRet": -0.001700178004387843
  },
  "EEM": {
    "std30": 0.007818201207699941,
    "avgRet": -0.00015911979039450147
  }
}