{
  "SPY": {
    "std30": 0.006904572686732925,
    "avgRet": 0.000566027080240626
  },
  "QQQ": {
    "std30": 0.00875091311584888,
    "avgRet": 0.0006221039508761291
  },
  "IWM": {
    "std30": 0.012729018730037485,
    "avgRet": 0.0020780448155325927
  },
  "SOXX": {
    "std30": 0.014999410654540463,
    "avgRet": 0.0009008047094407727
  },
  "XLE": {
    "std30": 0.01015102382333606,
    "avgRet": 0.0001526993370471444
  },
  "NVDA": {
    "std30": 0.01623887634738171,
    "avgRet": -0.0011839344371451625
  },
  "TSM": {
    "std30": 0.018980789565806247,
    "avgRet": -0.00013554623959090057
  },
  "ASML.AS": {
    "std30": 0.018861127476595553,
    "avgRet": 0.0034336628119814075
  },
  "LMT": {
    "std30": 0.009360095613022538,
    "avgRet": 0.003379768268766503
  },
  "MCHI": {
    "std30": 0.013263750615240393,
    "avgRet": 0.001473458352648269
  },
  "EEM": {
    "std30": 0.00761097685164652,
    "avgRet": 0.0006766231159822399
  }
}