{
  "SPY": {
    "std30": 0.00784168149118069,
    "avgRet": 0.0010619816159322336
  },
  "QQQ": {
    "std30": 0.01062304539211528,
    "avgRet": 0.0019569183694526076
  },
  "IWM": {
    "std30": 0.012307414459913488,
    "avgRet": 0.0002987668098358556
  },
  "SOXX": {
    "std30": 0.021891824481801877,
    "avgRet": 0.0048855755140091665
  },
  "XLE": {
    "std30": 0.010710492213330343,
    "avgRet": -0.00034874596633908625
  },
  "NVDA": {
    "std30": 0.021155059174177173,
    "avgRet": 0.005356435157689806
  },
  "TSM": {
    "std30": 0.02621845961385265,
    "avgRet": 0.0029337383376855405
  },
  "ASML.AS": {
    "std30": 0.020896017389662045,
    "avgRet": 0.003728346471912091
  },
  "LMT": {
    "std30": 0.010618525857713999,
    "avgRet": 0.00014451574536362163
  },
  "MCHI": {
    "std30": 0.0160574881702941,
    "avgRet": 6.666625746960761e-05
  },
  "EEM": {
    "std30": 0.01158744368879286,
    "avgRet": 0.0015540495312202534
  }
}