{
  "SPY": {
    "std30": 0.004223605359744144,
    "avgRet": 0.0013175121784960108
  },
  "QQQ": {
    "std30": 0.005597703456622638,
    "avgRet": 0.002026755919127813
  },
  "IWM": {
    "std30": 0.00832286619335159,
    "avgRet": 0.0014115628021804125
  },
  "SOXX": {
    "std30": 0.013531365342853256,
    "avgRet": 0.0046337485134773475
  },
  "XLE": {
    "std30": 0.010763926291303324,
    "avgRet": -8.723217558698395e-05
  },
  "NVDA": {
    "std30": 0.019234070397107454,
    "avgRet": 0.0014811923758372033
  },
  "TSM": {
    "std30": 0.01972097927301833,
    "avgRet": 0.008448456941637695
  },
  "ASML.AS": {
    "std30": 0.02387248962838199,
    "avgRet": 0.008919538584925243
  },
  "LMT": {
    "std30": 0.00856863897123147,
    "avgRet": 0.004284426798506142
  },
  "MCHI": {
    "std30": 0.011100765189698394,
    "avgRet": 0.0032610289693109275
  },
  "EEM": {
    "std30": 0.005461395060097988,
    "avgRet": 0.0029383187432680323
  }
}