{
  "SPY": {
    "std30": 0.008775343855849948,
    "avgRet": 0.0007801612418056383
  },
  "QQQ": {
    "std30": 0.012597946025322791,
    "avgRet": 0.001105860975009321
  },
  "IWM": {
    "std30": 0.013272398356526084,
    "avgRet": 0.0003346074042255632
  },
  "SOXX": {
    "std30": 0.025310475404836243,
    "avgRet": 0.0025937717156262054
  },
  "XLE": {
    "std30": 0.010496017680464159,
    "avgRet": 0.000888864406946236
  },
  "NVDA": {
    "std30": 0.02639692290301627,
    "avgRet": 0.0014101634539087791
  },
  "TSM": {
    "std30": 0.026869048892700836,
    "avgRet": 0.0006672569698328186
  },
  "ASML.AS": {
    "std30": 0.021724442054543328,
    "avgRet": 0.000877470974418608
  },
  "LMT": {
    "std30": 0.012059829106011642,
    "avgRet": -0.002951386745539175
  },
  "MCHI": {
    "std30": 0.01605386083263261,
    "avgRet": -0.0007751315658244158
  },
  "EEM": {
    "std30": 0.012494194975406103,
    "avgRet": 0.0011797049241204774
  }
}