{
  "SPY": {
    "std30": 0.007671937109956113,
    "avgRet": -0.0008247209016379683
  },
  "QQQ": {
    "std30": 0.010932676239815524,
    "avgRet": -0.001232812746606245
  },
  "IWM": {
    "std30": 0.012961852500391176,
    "avgRet": -0.001779310405204404
  },
  "SOXX": {
    "std30": 0.024247813352423406,
    "avgRet": -0.0019082869612526354
  },
  "XLE": {
    "std30": 0.012886087327993788,
    "avgRet": 0.004911655151209684
  },
  "NVDA": {
    "std30": 0.026011315013312032,
    "avgRet": -0.0015580587052819248
  },
  "TSM": {
    "std30": 0.0242362598872591,
    "avgRet": 0.0006941008219970262
  },
  "ASML.AS": {
    "std30": 0.025898010208904775,
    "avgRet": -0.0021467746694799126
  },
  "LMT": {
    "std30": 0.019276726014464972,
    "avgRet": 0.004616591226816201
  },
  "MCHI": {
    "std30": 0.012320781859308854,
    "avgRet": -0.0034107353072232987
  },
  "EEM": {
    "std30": 0.015741964361909073,
    "avgRet": -0.000915576133320579
  }
}