{
  "SPY": {
    "std30": 0.005925216496312525,
    "avgRet": 0.001173428935695283
  },
  "QQQ": {
    "std30": 0.007318729611547008,
    "avgRet": 0.001564201317710979
  },
  "IWM": {
    "std30": 0.010981916989046063,
    "avgRet": 0.0008675942369228877
  },
  "SOXX": {
    "std30": 0.011630368603859331,
    "avgRet": 0.0005914659936226476
  },
  "XLE": {
    "std30": 0.010651417165819238,
    "avgRet": -0.0001989549045492193
  },
  "NVDA": {
    "std30": 0.016732112386868052,
    "avgRet": 0.0051556106518989946
  },
  "TSM": {
    "std30": 0.020086233068203074,
    "avgRet": 0.0019184817563476287
  },
  "ASML.AS": {
    "std30": 0.02198804309736992,
    "avgRet": -0.003351885087331652
  },
  "LMT": {
    "std30": 0.02205262536808282,
    "avgRet": -0.0020859996128825753
  },
  "MCHI": {
    "std30": 0.008830801121519937,
    "avgRet": 0.0017219767420183496
  },
  "EEM": {
    "std30": 0.005943656329219647,
    "avgRet": 0.0009023203703433159
  }
}