{
  "SPY": {
    "std30": 0.008202160555774102,
    "avgRet": -0.0013927039470114204
  },
  "QQQ": {
    "std30": 0.011373980038371043,
    "avgRet": -0.0017460451237893205
  },
  "IWM": {
    "std30": 0.013643548329621023,
    "avgRet": -0.002063529995732637
  },
  "SOXX": {
    "std30": 0.025367880755202955,
    "avgRet": -0.0027738023314741083
  },
  "XLE": {
    "std30": 0.013887060977734785,
    "avgRet": 0.004578015541110362
  },
  "NVDA": {
    "std30": 0.026534452032004687,
    "avgRet": -0.0013777457817795349
  },
  "TSM": {
    "std30": 0.026563483031907007,
    "avgRet": 6.225784729812481e-05
  },
  "ASML.AS": {
    "std30": 0.026825280333887237,
    "avgRet": -0.0021920217049115447
  },
  "LMT": {
    "std30": 0.01783601529662728,
    "avgRet": 0.0017949211559993065
  },
  "MCHI": {
    "std30": 0.01305192181861157,
    "avgRet": -0.003619573001596639
  },
  "EEM": {
    "std30": 0.016714740555188574,
    "avgRet": -0.0019124645021941623
  }
}