{
  "SPY": {
    "std30": 0.008560547931484957,
    "avgRet": 0.0006496877843824003
  },
  "QQQ": {
    "std30": 0.012384869711911262,
    "avgRet": 0.0007172454643995441
  },
  "IWM": {
    "std30": 0.013593516685111447,
    "avgRet": 0.0008965954745533488
  },
  "SOXX": {
    "std30": 0.022997920626544047,
    "avgRet": 0.002097895695917539
  },
  "XLE": {
    "std30": 0.010558865660986136,
    "avgRet": 0.001304869819998674
  },
  "NVDA": {
    "std30": 0.026790461784231424,
    "avgRet": 0.0005488876923010152
  },
  "TSM": {
    "std30": 0.016660154539653825,
    "avgRet": 0.00028075337150635965
  },
  "ASML.AS": {
    "std30": 0.02254187520926644,
    "avgRet": 0.0026712349114678697
  },
  "LMT": {
    "std30": 0.013196802831883762,
    "avgRet": -0.002993206674798054
  },
  "MCHI": {
    "std30": 0.009845044557766343,
    "avgRet": -0.0012122724740791255
  },
  "EEM": {
    "std30": 0.00807179802015919,
    "avgRet": -0.00024993533092554365
  }
}