{
  "SPY": {
    "std30": 0.004123318521630922,
    "avgRet": 0.0015389529959881592
  },
  "QQQ": {
    "std30": 0.005394220636731335,
    "avgRet": 0.0022066895845564904
  },
  "IWM": {
    "std30": 0.008102676789561088,
    "avgRet": 0.002114049573759962
  },
  "SOXX": {
    "std30": 0.01234594433589978,
    "avgRet": 0.005214870263513389
  },
  "XLE": {
    "std30": 0.01087857960349194,
    "avgRet": 0.00043763645870844274
  },
  "NVDA": {
    "std30": 0.019015731166674793,
    "avgRet": 0.0012506394147469243
  },
  "TSM": {
    "std30": 0.017959516197796815,
    "avgRet": 0.008800499098567336
  },
  "ASML.AS": {
    "std30": 0.02149309113003682,
    "avgRet": 0.011451618290161055
  },
  "LMT": {
    "std30": 0.008757033622349862,
    "avgRet": 0.004824858348271422
  },
  "MCHI": {
    "std30": 0.012024823245264037,
    "avgRet": 0.002819013229469352
  },
  "EEM": {
    "std30": 0.005435005794467252,
    "avgRet": 0.0027432303065024217
  }
}