{
  "SPY": {
    "std30": 0.008174144638271551,
    "avgRet": -4.131450955305603e-05
  },
  "QQQ": {
    "std30": 0.011061130307019657,
    "avgRet": -0.0005393387571719404
  },
  "IWM": {
    "std30": 0.012185302206932948,
    "avgRet": 0.00048785459592955876
  },
  "SOXX": {
    "std30": 0.02094584797927823,
    "avgRet": 0.003646946867282129
  },
  "XLE": {
    "std30": 0.013336130594866054,
    "avgRet": 0.005333813244091446
  },
  "NVDA": {
    "std30": 0.023764012425363343,
    "avgRet": 0.0022081237127181417
  },
  "TSM": {
    "std30": 0.023320323033419552,
    "avgRet": 0.005803110222854716
  },
  "ASML.AS": {
    "std30": 0.022843810640076085,
    "avgRet": 0.006762896364667851
  },
  "LMT": {
    "std30": 0.018100477031420027,
    "avgRet": 0.005216718796017158
  },
  "MCHI": {
    "std30": 0.011009745474601448,
    "avgRet": -0.0015542194936389174
  },
  "EEM": {
    "std30": 0.01125769663774264,
    "avgRet": 0.003398892026932623
  }
}