{
  "SPY": {
    "std30": 0.008587068408102458,
    "avgRet": 0.0006912621810827072
  },
  "QQQ": {
    "std30": 0.012456866559583241,
    "avgRet": 0.0012821779787957487
  },
  "IWM": {
    "std30": 0.013261921450251249,
    "avgRet": 0.00036048615653256363
  },
  "SOXX": {
    "std30": 0.025036036913093914,
    "avgRet": 0.004047091075242895
  },
  "XLE": {
    "std30": 0.010229811947683383,
    "avgRet": -0.00017381655244431347
  },
  "NVDA": {
    "std30": 0.024423045521679308,
    "avgRet": 0.001869814429179179
  },
  "TSM": {
    "std30": 0.02741022780234963,
    "avgRet": 0.0023228036087728095
  },
  "ASML.AS": {
    "std30": 0.02222986868055268,
    "avgRet": 0.0023622926082519867
  },
  "LMT": {
    "std30": 0.01177746305695608,
    "avgRet": -0.0033517297138950836
  },
  "MCHI": {
    "std30": 0.015931842363406414,
    "avgRet": -0.0006511552877652474
  },
  "EEM": {
    "std30": 0.012391230988564896,
    "avgRet": 0.001274576819372505
  }
}