{
  "SPY": {
    "std30": 0.004339791458146433,
    "avgRet": 0.001171768107704742
  },
  "QQQ": {
    "std30": 0.005812552366572503,
    "avgRet": 0.0019708031896776604
  },
  "IWM": {
    "std30": 0.008587300437991208,
    "avgRet": 0.001312947850991158
  },
  "SOXX": {
    "std30": 0.014555462856341246,
    "avgRet": 0.004903756738134552
  },
  "XLE": {
    "std30": 0.010916130484504193,
    "avgRet": -0.0007727758816160077
  },
  "NVDA": {
    "std30": 0.019486446406848823,
    "avgRet": 0.002480495872344396
  },
  "TSM": {
    "std30": 0.020193893308027535,
    "avgRet": 0.008157397315334228
  },
  "ASML.AS": {
    "std30": 0.023865253848730592,
    "avgRet": 0.008937304595142402
  },
  "LMT": {
    "std30": 0.009099541958879053,
    "avgRet": 0.00374046744247797
  },
  "MCHI": {
    "std30": 0.01159241358968309,
    "avgRet": 0.0026340443742487144
  },
  "EEM": {
    "std30": 0.006055031402267847,
    "avgRet": 0.0025611010428150663
  }
}