{
  "SPY": {
    "std30": 0.007696413369981227,
    "avgRet": -0.00022728824738848692
  },
  "QQQ": {
    "std30": 0.010413143646663563,
    "avgRet": -0.0011015243612155089
  },
  "IWM": {
    "std30": 0.011856505093585495,
    "avgRet": 0.0012777853248474504
  },
  "SOXX": {
    "std30": 0.021453310076708667,
    "avgRet": 0.0033647338822238985
  },
  "XLE": {
    "std30": 0.014023641661085131,
    "avgRet": 0.0070512784906154565
  },
  "NVDA": {
    "std30": 0.023784268225771128,
    "avgRet": 4.808530129943599e-05
  },
  "TSM": {
    "std30": 0.022290611820042213,
    "avgRet": 0.004488767751053048
  },
  "ASML.AS": {
    "std30": 0.026263240001001085,
    "avgRet": 0.006275801534596163
  },
  "LMT": {
    "std30": 0.019289357535645767,
    "avgRet": 0.010358509443426863
  },
  "MCHI": {
    "std30": 0.012854097360305052,
    "avgRet": -0.0005727236302738265
  },
  "EEM": {
    "std30": 0.010380974076687496,
    "avgRet": 0.0025070911625756976
  }
}