{
  "SPY": {
    "std30": 0.00765204897004766,
    "avgRet": -0.0008125739170509719
  },
  "QQQ": {
    "std30": 0.010932676239815524,
    "avgRet": -0.001232812746606245
  },
  "IWM": {
    "std30": 0.01294722387961878,
    "avgRet": -0.0017705809328942873
  },
  "SOXX": {
    "std30": 0.024247813352423406,
    "avgRet": -0.0019082869612526354
  },
  "XLE": {
    "std30": 0.012888623847209275,
    "avgRet": 0.004902497194777135
  },
  "NVDA": {
    "std30": 0.026011315013312032,
    "avgRet": -0.0015580587052819248
  },
  "TSM": {
    "std30": 0.0242362598872591,
    "avgRet": 0.0006941008219970262
  },
  "ASML.AS": {
    "std30": 0.025898010208904775,
    "avgRet": -0.0021467746694799126
  },
  "LMT": {
    "std30": 0.019276726014464972,
    "avgRet": 0.004616591226816201
  },
  "MCHI": {
    "std30": 0.012320781859308854,
    "avgRet": -0.0034107353072232987
  },
  "EEM": {
    "std30": 0.015737776961445703,
    "avgRet": -0.0009006174492061015
  }
}