{
  "SPY": {
    "std30": 0.005152607909386528,
    "avgRet": 0.0006763469733637671
  },
  "QQQ": {
    "std30": 0.007902571136742505,
    "avgRet": 0.0005620059687309781
  },
  "IWM": {
    "std30": 0.009311794733585505,
    "avgRet": 0.0015916455003832117
  },
  "SOXX": {
    "std30": 0.019855411737080414,
    "avgRet": 0.0040531704211881885
  },
  "XLE": {
    "std30": 0.013831561442240048,
    "avgRet": 0.0013643700138385585
  },
  "NVDA": {
    "std30": 0.01758850827635126,
    "avgRet": 0.0015431878903603233
  },
  "TSM": {
    "std30": 0.019576292313202806,
    "avgRet": 0.004013455242884411
  },
  "ASML.AS": {
    "std30": 0.027788363681619466,
    "avgRet": 0.006198949484766346
  },
  "LMT": {
    "std30": 0.022261084998399468,
    "avgRet": 0.006096483720842448
  },
  "MCHI": {
    "std30": 0.010817692959071519,
    "avgRet": -0.00015519020891268263
  },
  "EEM": {
    "std30": 0.008829184538485699,
    "avgRet": 0.0017869475339644938
  }
}