{
  "SPY": {
    "std30": 0.007931750146290346,
    "avgRet": 0.000809053551223255
  },
  "QQQ": {
    "std30": 0.010725495034897082,
    "avgRet": 0.0015617796699262914
  },
  "IWM": {
    "std30": 0.012297699486238772,
    "avgRet": 0.0003289805510714756
  },
  "SOXX": {
    "std30": 0.021919714036575045,
    "avgRet": 0.004642767914557525
  },
  "XLE": {
    "std30": 0.01119452499452154,
    "avgRet": 0.0002373199713033464
  },
  "NVDA": {
    "std30": 0.0217780022139901,
    "avgRet": 0.0036055466780332175
  },
  "TSM": {
    "std30": 0.026892339756689983,
    "avgRet": 0.0037002092238377473
  },
  "ASML.AS": {
    "std30": 0.020912709838935846,
    "avgRet": 0.0036637531496519072
  },
  "LMT": {
    "std30": 0.01076104129692058,
    "avgRet": 0.0008715086941670397
  },
  "MCHI": {
    "std30": 0.016207834705525597,
    "avgRet": -0.00032923074153760174
  },
  "EEM": {
    "std30": 0.011554109739385908,
    "avgRet": 0.0013490028800962751
  }
}