{
  "SPY": {
    "std30": 0.008339057220119746,
    "avgRet": 0.0004800328681488172
  },
  "QQQ": {
    "std30": 0.01194423315262471,
    "avgRet": 0.0009686962379935069
  },
  "IWM": {
    "std30": 0.013112532864179842,
    "avgRet": -5.858564311042687e-05
  },
  "SOXX": {
    "std30": 0.024593453999389028,
    "avgRet": 0.0037561245703228393
  },
  "XLE": {
    "std30": 0.010438113346293621,
    "avgRet": -0.0013597923891704579
  },
  "NVDA": {
    "std30": 0.02421183469805057,
    "avgRet": 0.0021030213261898833
  },
  "TSM": {
    "std30": 0.027054965426079387,
    "avgRet": 0.002234410420191614
  },
  "ASML.AS": {
    "std30": 0.02207637078169986,
    "avgRet": 0.0029197696553047887
  },
  "LMT": {
    "std30": 0.011574101612641784,
    "avgRet": -0.0012325755100231158
  },
  "MCHI": {
    "std30": 0.016172174067308462,
    "avgRet": -4.9254452468708584e-05
  },
  "EEM": {
    "std30": 0.012243350858818483,
    "avgRet": 0.0013609295087825652
  }
}