{
  "SPY": {
    "std30": 0.007943206413805345,
    "avgRet": 0.0008651016460614078
  },
  "QQQ": {
    "std30": 0.010726695504973687,
    "avgRet": 0.0015588752149945527
  },
  "IWM": {
    "std30": 0.012301556959686216,
    "avgRet": 0.00033755040177701844
  },
  "SOXX": {
    "std30": 0.02200162050599073,
    "avgRet": 0.005028974263640799
  },
  "XLE": {
    "std30": 0.01125393119960243,
    "avgRet": -0.00033818172699950525
  },
  "NVDA": {
    "std30": 0.022741124870112987,
    "avgRet": 0.005019679167086972
  },
  "TSM": {
    "std30": 0.027177601968021645,
    "avgRet": 0.005036790220493748
  },
  "ASML.AS": {
    "std30": 0.02102061026808801,
    "avgRet": 0.005156414296265317
  },
  "LMT": {
    "std30": 0.01109159668468913,
    "avgRet": 0.00125763322284907
  },
  "MCHI": {
    "std30": 0.01604005050670568,
    "avgRet": 9.390843800357481e-05
  },
  "EEM": {
    "std30": 0.011557511748605356,
    "avgRet": 0.0015959902503104536
  }
}