{
  "SPY": {
    "std30": 0.007388385608637812,
    "avgRet": 0.0001555243163528642
  },
  "QQQ": {
    "std30": 0.009882332875634565,
    "avgRet": -0.0006397070938146102
  },
  "IWM": {
    "std30": 0.011784371460344199,
    "avgRet": 0.00200328943038325
  },
  "SOXX": {
    "std30": 0.022523655334142117,
    "avgRet": 0.005064238932141834
  },
  "XLE": {
    "std30": 0.014903927491649925,
    "avgRet": 0.006615661294260098
  },
  "NVDA": {
    "std30": 0.02344143514845728,
    "avgRet": 0.0003824458290894785
  },
  "TSM": {
    "std30": 0.023684351256644292,
    "avgRet": 0.0058514600875960564
  },
  "ASML.AS": {
    "std30": 0.030669261152820662,
    "avgRet": 0.01041901133759447
  },
  "LMT": {
    "std30": 0.021925729160332724,
    "avgRet": 0.009447794866950472
  },
  "MCHI": {
    "std30": 0.014530931330551113,
    "avgRet": 0.0005320441258372369
  },
  "EEM": {
    "std30": 0.011093187079475885,
    "avgRet": 0.0034914410008187236
  }
}