{
  "SPY": {
    "std30": 0.005435113248079917,
    "avgRet": 0.0017363483152561148
  },
  "QQQ": {
    "std30": 0.0070609215683532294,
    "avgRet": 0.001876378827833555
  },
  "IWM": {
    "std30": 0.011778176303042131,
    "avgRet": 0.002661316145029398
  },
  "SOXX": {
    "std30": 0.013148051265669,
    "avgRet": 0.0027543236501176333
  },
  "XLE": {
    "std30": 0.009879585534625448,
    "avgRet": 0.0018134055987618905
  },
  "NVDA": {
    "std30": 0.0153324542012242,
    "avgRet": -0.0005508647402232711
  },
  "TSM": {
    "std30": 0.01853088787774378,
    "avgRet": 0.004420859525928067
  },
  "ASML.AS": {
    "std30": 0.019727171505138173,
    "avgRet": 0.008454253973217725
  },
  "LMT": {
    "std30": 0.010008930734054884,
    "avgRet": 0.003730936342365903
  },
  "MCHI": {
    "std30": 0.013307657715731213,
    "avgRet": 0.004049793094256184
  },
  "EEM": {
    "std30": 0.007503306084200486,
    "avgRet": 0.0028758426139904886
  }
}