{
  "SPY": {
    "std30": 0.006795980447957277,
    "avgRet": 0.0010782395889558363
  },
  "QQQ": {
    "std30": 0.008767904644957499,
    "avgRet": 0.0019541186764220992
  },
  "IWM": {
    "std30": 0.010769399549426587,
    "avgRet": 0.0012463738043030819
  },
  "SOXX": {
    "std30": 0.01908023923356364,
    "avgRet": 0.005362532222240843
  },
  "XLE": {
    "std30": 0.01217500131926459,
    "avgRet": -0.001708909527968462
  },
  "NVDA": {
    "std30": 0.020430331807928248,
    "avgRet": 0.003179812754318602
  },
  "TSM": {
    "std30": 0.02594087668441206,
    "avgRet": 0.009901219382318284
  },
  "ASML.AS": {
    "std30": 0.02482599924725809,
    "avgRet": 0.01034347618062548
  },
  "LMT": {
    "std30": 0.009003351733921004,
    "avgRet": 0.003876533221290924
  },
  "MCHI": {
    "std30": 0.017066289027722555,
    "avgRet": 0.0011679213676438645
  },
  "EEM": {
    "std30": 0.010725516720505722,
    "avgRet": 0.0024840316233557687
  }
}