{
  "SPY": {
    "std30": 0.006951505879491977,
    "avgRet": 0.0013885674016971042
  },
  "QQQ": {
    "std30": 0.008756033643260022,
    "avgRet": 0.0012097916647740006
  },
  "IWM": {
    "std30": 0.012729569403535208,
    "avgRet": 0.0032589151445640238
  },
  "SOXX": {
    "std30": 0.013677571233953089,
    "avgRet": 0.002297597170078189
  },
  "XLE": {
    "std30": 0.009903064777263902,
    "avgRet": 0.0007657596999781175
  },
  "NVDA": {
    "std30": 0.017173830714834384,
    "avgRet": -1.3917135903259216e-05
  },
  "TSM": {
    "std30": 0.02035677043977666,
    "avgRet": 0.002573299583675137
  },
  "ASML.AS": {
    "std30": 0.017063969911112597,
    "avgRet": 0.005328515058670104
  },
  "LMT": {
    "std30": 0.010205681790157775,
    "avgRet": 0.003991424088989066
  },
  "MCHI": {
    "std30": 0.013902307895206257,
    "avgRet": 0.003929639806519001
  },
  "EEM": {
    "std30": 0.007720376150413582,
    "avgRet": 0.002564054681362617
  }
}