{
  "SPY": {
    "std30": 0.007001209790489719,
    "avgRet": 0.0009490512452109335
  },
  "QQQ": {
    "std30": 0.010307442261145073,
    "avgRet": 0.0009187204065333408
  },
  "IWM": {
    "std30": 0.011991683183565572,
    "avgRet": 0.0021386489342124847
  },
  "SOXX": {
    "std30": 0.02156405453187846,
    "avgRet": 0.002158478045202742
  },
  "XLE": {
    "std30": 0.09389145379964312,
    "avgRet": -0.017901676866430242
  },
  "NVDA": {
    "std30": 0.020898467302627993,
    "avgRet": 0.0008822490997760894
  },
  "TSM": {
    "std30": 0.018180192511564906,
    "avgRet": 0.0025973090467890283
  },
  "ASML.AS": {
    "std30": 0.024125863466392623,
    "avgRet": 0.002029593274515688
  },
  "LMT": {
    "std30": 0.014059581112752849,
    "avgRet": 0.002095107668203939
  },
  "MCHI": {
    "std30": 0.009255292678708645,
    "avgRet": -0.0017072082028743497
  },
  "EEM": {
    "std30": 0.007805461412355728,
    "avgRet": -5.219240520311315e-05
  }
}