{
  "SPY": {
    "std30": 0.00877473365509146,
    "avgRet": 0.0007766190471832912
  },
  "QQQ": {
    "std30": 0.01259588650708497,
    "avgRet": 0.0011125004677078178
  },
  "IWM": {
    "std30": 0.013273048835061845,
    "avgRet": 0.00034661787170122386
  },
  "SOXX": {
    "std30": 0.02533773361597835,
    "avgRet": 0.002567510012040911
  },
  "XLE": {
    "std30": 0.010480208753494412,
    "avgRet": 0.0008755063930920695
  },
  "NVDA": {
    "std30": 0.026385380847896447,
    "avgRet": 0.001419691470608796
  },
  "TSM": {
    "std30": 0.026859702823988463,
    "avgRet": 0.0006841906237766627
  },
  "ASML.AS": {
    "std30": 0.021738390436036464,
    "avgRet": 0.0008602095120607144
  },
  "LMT": {
    "std30": 0.012106969768688256,
    "avgRet": -0.0029133954558489147
  },
  "MCHI": {
    "std30": 0.01605386083263261,
    "avgRet": -0.0007751315658244158
  },
  "EEM": {
    "std30": 0.012494272337839129,
    "avgRet": 0.0011921289048881598
  }
}