{
  "SPY": {
    "std30": 0.00514123467237281,
    "avgRet": 0.0014077044777629538
  },
  "QQQ": {
    "std30": 0.0061089322784308965,
    "avgRet": 0.0018503798093923345
  },
  "IWM": {
    "std30": 0.010945355312657118,
    "avgRet": 0.002385035139230951
  },
  "SOXX": {
    "std30": 0.011726593891929761,
    "avgRet": 0.003544191740462782
  },
  "XLE": {
    "std30": 0.011371500515809933,
    "avgRet": 0.0017409518455434438
  },
  "NVDA": {
    "std30": 0.019055208235380476,
    "avgRet": 0.002259565469950488
  },
  "TSM": {
    "std30": 0.017575218383572642,
    "avgRet": 0.006461079214451098
  },
  "ASML.AS": {
    "std30": 0.021680230823319404,
    "avgRet": 0.00936076982445431
  },
  "LMT": {
    "std30": 0.008347554904731712,
    "avgRet": 0.004310003415494333
  },
  "MCHI": {
    "std30": 0.01257720203049246,
    "avgRet": 0.0035267348426517037
  },
  "EEM": {
    "std30": 0.006545012234120015,
    "avgRet": 0.0024098593537444655
  }
}