{
  "SPY": {
    "std30": 0.007631873259257552,
    "avgRet": -0.0007999208081061873
  },
  "QQQ": {
    "std30": 0.010768950303019534,
    "avgRet": -0.0010855787912849599
  },
  "IWM": {
    "std30": 0.012765528057487258,
    "avgRet": -0.0016530688056427545
  },
  "SOXX": {
    "std30": 0.02313178080799328,
    "avgRet": -0.0009626585523694484
  },
  "XLE": {
    "std30": 0.012936992829651647,
    "avgRet": 0.004786496413298187
  },
  "NVDA": {
    "std30": 0.02542092063345441,
    "avgRet": -0.0007172910675004221
  },
  "TSM": {
    "std30": 0.023157613720996076,
    "avgRet": 0.0014580889178151697
  },
  "ASML.AS": {
    "std30": 0.024422047393420156,
    "avgRet": -0.0012670404595875758
  },
  "LMT": {
    "std30": 0.018919221018673514,
    "avgRet": 0.004168578591912285
  },
  "MCHI": {
    "std30": 0.012301981666976951,
    "avgRet": -0.0034291441115407812
  },
  "EEM": {
    "std30": 0.015758124064921025,
    "avgRet": -0.0009634439224868979
  }
}