{
  "SPY": {
    "std30": 0.006525937297808868,
    "avgRet": 0.0012313413063575072
  },
  "QQQ": {
    "std30": 0.008159407654704876,
    "avgRet": 0.0009740781390579557
  },
  "IWM": {
    "std30": 0.013224158230800824,
    "avgRet": 0.002388693195221518
  },
  "SOXX": {
    "std30": 0.013693587771434085,
    "avgRet": 0.0005184103115218273
  },
  "XLE": {
    "std30": 0.00916149467501382,
    "avgRet": 0.0005410296938965277
  },
  "NVDA": {
    "std30": 0.015209189464953478,
    "avgRet": 0.0018870075582421192
  },
  "TSM": {
    "std30": 0.018903281350933217,
    "avgRet": -2.5399427559505702e-05
  },
  "ASML.AS": {
    "std30": 0.02336073589320149,
    "avgRet": -0.0026031461627908964
  },
  "LMT": {
    "std30": 0.02243396073828693,
    "avgRet": -0.0015642275283470504
  },
  "MCHI": {
    "std30": 0.011481374005929221,
    "avgRet": 0.0030834510061633854
  },
  "EEM": {
    "std30": 0.007419859929007014,
    "avgRet": 0.0013715199613036106
  }
}