{
  "SPY": {
    "std30": 0.008171214995439935,
    "avgRet": -3.801480819494775e-05
  },
  "QQQ": {
    "std30": 0.011791951749353763,
    "avgRet": -0.0001397656784677863
  },
  "IWM": {
    "std30": 0.01339529611629522,
    "avgRet": 0.00023650205732853323
  },
  "SOXX": {
    "std30": 0.022454522607067064,
    "avgRet": 0.0012233496118080373
  },
  "XLE": {
    "std30": 0.09405751794636939,
    "avgRet": -0.016091343265394412
  },
  "NVDA": {
    "std30": 0.02620900600966431,
    "avgRet": -0.0006817982845505973
  },
  "TSM": {
    "std30": 0.01668750324805177,
    "avgRet": 0.0004004684340497469
  },
  "ASML.AS": {
    "std30": 0.022442331843327577,
    "avgRet": 0.0021126206174742305
  },
  "LMT": {
    "std30": 0.014170781694716328,
    "avgRet": -0.0016719712382622222
  },
  "MCHI": {
    "std30": 0.0094982362176354,
    "avgRet": -0.0018013177754038288
  },
  "EEM": {
    "std30": 0.00780750632759892,
    "avgRet": -0.0006106769099930614
  }
}