{
  "SPY": {
    "std30": 0.006380472104380017,
    "avgRet": 0.0007562325672441619
  },
  "QQQ": {
    "std30": 0.008526202933025962,
    "avgRet": 0.0012937399493618714
  },
  "IWM": {
    "std30": 0.009274255718616295,
    "avgRet": 0.0015648069987676482
  },
  "SOXX": {
    "std30": 0.01812562321759459,
    "avgRet": 0.00673984215061511
  },
  "XLE": {
    "std30": 0.014851467944143501,
    "avgRet": 0.0039286783124857245
  },
  "NVDA": {
    "std30": 0.01847196045230119,
    "avgRet": 0.003026790976061725
  },
  "TSM": {
    "std30": 0.02048744395423068,
    "avgRet": 0.006207516448320749
  },
  "ASML.AS": {
    "std30": 0.02969670081179948,
    "avgRet": 0.009720412411823217
  },
  "LMT": {
    "std30": 0.019472069900564395,
    "avgRet": 0.007430070499916354
  },
  "MCHI": {
    "std30": 0.012812789423133115,
    "avgRet": 0.0017605736860618385
  },
  "EEM": {
    "std30": 0.009667867107210832,
    "avgRet": 0.004063449598669433
  }
}