{
  "SPY": {
    "std30": 0.00815956707572763,
    "avgRet": -0.0001701431331983087
  },
  "QQQ": {
    "std30": 0.01169979995468617,
    "avgRet": -0.0003651621764511289
  },
  "IWM": {
    "std30": 0.013350110965836614,
    "avgRet": 0.0004210796138906074
  },
  "SOXX": {
    "std30": 0.02245824916926243,
    "avgRet": 0.0011096431810440678
  },
  "XLE": {
    "std30": 0.09414142592036569,
    "avgRet": -0.015557632155708956
  },
  "NVDA": {
    "std30": 0.024275916444418164,
    "avgRet": -0.0025831271900125814
  },
  "TSM": {
    "std30": 0.01679638572688324,
    "avgRet": 0.0003504320648417126
  },
  "ASML.AS": {
    "std30": 0.022464188068936856,
    "avgRet": 0.002126370152910556
  },
  "LMT": {
    "std30": 0.014626671043861072,
    "avgRet": -0.0012620237764726459
  },
  "MCHI": {
    "std30": 0.009701715178732875,
    "avgRet": -0.0020088680693705406
  },
  "EEM": {
    "std30": 0.007814699863734322,
    "avgRet": -0.0006960623443880001
  }
}