{
  "SPY": {
    "std30": 0.004247765987325233,
    "avgRet": 0.0012599218527721164
  },
  "QQQ": {
    "std30": 0.0054213914291512556,
    "avgRet": 0.0018100986942897802
  },
  "IWM": {
    "std30": 0.008430431398923976,
    "avgRet": 0.0016223647292877496
  },
  "SOXX": {
    "std30": 0.011483398360927263,
    "avgRet": 0.004070568111651691
  },
  "XLE": {
    "std30": 0.010979664193342406,
    "avgRet": 0.0005363235846229856
  },
  "NVDA": {
    "std30": 0.019065549953269704,
    "avgRet": 0.001777864399226597
  },
  "TSM": {
    "std30": 0.01722941529574093,
    "avgRet": 0.007906763213199252
  },
  "ASML.AS": {
    "std30": 0.021663240380609246,
    "avgRet": 0.010960965728371625
  },
  "LMT": {
    "std30": 0.008344106968987674,
    "avgRet": 0.004325614942077903
  },
  "MCHI": {
    "std30": 0.012086865939126829,
    "avgRet": 0.002698956227722905
  },
  "EEM": {
    "std30": 0.0056462950917084975,
    "avgRet": 0.002326168047585334
  }
}