{
  "SPY": {
    "std30": 0.008775142622899586,
    "avgRet": 0.0007742663351621572
  },
  "QQQ": {
    "std30": 0.01259596610221324,
    "avgRet": 0.0008986285372077102
  },
  "IWM": {
    "std30": 0.013303713541482605,
    "avgRet": 0.0003923445807988079
  },
  "SOXX": {
    "std30": 0.025185905884167435,
    "avgRet": 0.0023399731268082527
  },
  "XLE": {
    "std30": 0.010406919582095702,
    "avgRet": 0.0009819417798949412
  },
  "NVDA": {
    "std30": 0.026368416453299275,
    "avgRet": 0.0010115715522338662
  },
  "TSM": {
    "std30": 0.02689146992111549,
    "avgRet": 0.0009506995731184103
  },
  "ASML.AS": {
    "std30": 0.021167319995214012,
    "avgRet": 0.00014611903333676832
  },
  "LMT": {
    "std30": 0.012058893961423981,
    "avgRet": -0.0029543855995440046
  },
  "MCHI": {
    "std30": 0.015891077852089496,
    "avgRet": -0.0012537978100264626
  },
  "EEM": {
    "std30": 0.012488476845248387,
    "avgRet": 0.0009540008116644013
  }
}