{
  "SPY": {
    "std30": 0.008161973697497936,
    "avgRet": -0.0001498519584635094
  },
  "QQQ": {
    "std30": 0.011664998999324674,
    "avgRet": -0.0005858100072154781
  },
  "IWM": {
    "std30": 0.013251993465412936,
    "avgRet": 0.0008491399406421205
  },
  "SOXX": {
    "std30": 0.022251554640975082,
    "avgRet": 0.0005451193160238374
  },
  "XLE": {
    "std30": 0.09413118498223468,
    "avgRet": -0.015599154650166645
  },
  "NVDA": {
    "std30": 0.02349405277207449,
    "avgRet": -0.003983124891633032
  },
  "TSM": {
    "std30": 0.01681354183976036,
    "avgRet": 0.00037404911960034194
  },
  "ASML.AS": {
    "std30": 0.02229098687464402,
    "avgRet": 0.0014004238059504934
  },
  "LMT": {
    "std30": 0.014626886498614197,
    "avgRet": -0.0012552733935076777
  },
  "MCHI": {
    "std30": 0.009666379663851234,
    "avgRet": -0.0020558453031364094
  },
  "EEM": {
    "std30": 0.007774756960303424,
    "avgRet": -0.0007487600245237964
  }
}