{
  "SPY": {
    "std30": 0.006676285409283535,
    "avgRet": 0.0009033294758487978
  },
  "QQQ": {
    "std30": 0.008435160185268815,
    "avgRet": 0.00041310761092562304
  },
  "IWM": {
    "std30": 0.013123399145560473,
    "avgRet": 0.002160365664471458
  },
  "SOXX": {
    "std30": 0.014849160297777029,
    "avgRet": -0.0001218005411504879
  },
  "XLE": {
    "std30": 0.008793400391286248,
    "avgRet": 0.002131197602832696
  },
  "NVDA": {
    "std30": 0.01659529470909255,
    "avgRet": 0.0006923208983313701
  },
  "TSM": {
    "std30": 0.018417765574286038,
    "avgRet": -0.0010077251281474004
  },
  "ASML.AS": {
    "std30": 0.017677567176019343,
    "avgRet": 0.0012335797761321278
  },
  "LMT": {
    "std30": 0.02258482447304981,
    "avgRet": -0.00010720140283231086
  },
  "MCHI": {
    "std30": 0.012758779250996428,
    "avgRet": 0.002107390878267585
  },
  "EEM": {
    "std30": 0.007565188680197721,
    "avgRet": 0.0003471838205946707
  }
}