{
  "SPY": {
    "std30": 0.006367365006043281,
    "avgRet": 0.0007820238965651626
  },
  "QQQ": {
    "std30": 0.00863095276166283,
    "avgRet": 0.0010190112008238085
  },
  "IWM": {
    "std30": 0.00908817899494579,
    "avgRet": 0.001855935652773257
  },
  "SOXX": {
    "std30": 0.017984656837082415,
    "avgRet": 0.00701337172820224
  },
  "XLE": {
    "std30": 0.013311161774270976,
    "avgRet": 0.005298601308242162
  },
  "NVDA": {
    "std30": 0.01845110203604155,
    "avgRet": 0.002925326793071819
  },
  "TSM": {
    "std30": 0.02058894400442872,
    "avgRet": 0.006034746604761354
  },
  "ASML.AS": {
    "std30": 0.0295198831890346,
    "avgRet": 0.010874806837534412
  },
  "LMT": {
    "std30": 0.02000350878710151,
    "avgRet": 0.009411186777746924
  },
  "MCHI": {
    "std30": 0.012169562640129802,
    "avgRet": 0.002596033424962197
  },
  "EEM": {
    "std30": 0.008655241857774729,
    "avgRet": 0.004588875668598891
  }
}