{
  "SPY": {
    "std30": 0.007982814727168493,
    "avgRet": 0.0004834218298428565
  },
  "QQQ": {
    "std30": 0.011354911767603977,
    "avgRet": 3.480293346618028e-05
  },
  "IWM": {
    "std30": 0.013456113131258288,
    "avgRet": 0.0018488636022636657
  },
  "SOXX": {
    "std30": 0.022244887028091877,
    "avgRet": 0.0012475709952213178
  },
  "XLE": {
    "std30": 0.0941738087843067,
    "avgRet": -0.015416287793002434
  },
  "NVDA": {
    "std30": 0.023363852357539655,
    "avgRet": -0.003673799907958215
  },
  "TSM": {
    "std30": 0.017427970401635476,
    "avgRet": 0.00033248456586025207
  },
  "ASML.AS": {
    "std30": 0.022289471186665865,
    "avgRet": 0.00172067954611337
  },
  "LMT": {
    "std30": 0.014834005483107137,
    "avgRet": -0.0009441587758472959
  },
  "MCHI": {
    "std30": 0.009323007840243255,
    "avgRet": -0.0014287348471039908
  },
  "EEM": {
    "std30": 0.007852879134223124,
    "avgRet": -0.00030772481285990736
  }
}