{
  "SPY": {
    "std30": 0.005038318365781064,
    "avgRet": 0.0006057530686527943
  },
  "QQQ": {
    "std30": 0.007694529743099317,
    "avgRet": 0.0004799164279248371
  },
  "IWM": {
    "std30": 0.009423401371281007,
    "avgRet": 0.001770577858833025
  },
  "SOXX": {
    "std30": 0.01939121554156171,
    "avgRet": 0.003903502192499858
  },
  "XLE": {
    "std30": 0.014754798290513323,
    "avgRet": 0.0012158208270922621
  },
  "NVDA": {
    "std30": 0.01707237081249728,
    "avgRet": 0.0016682060063860752
  },
  "TSM": {
    "std30": 0.019951286004654154,
    "avgRet": 0.004667827104962282
  },
  "ASML.AS": {
    "std30": 0.029100062457451607,
    "avgRet": 0.006961232835961307
  },
  "LMT": {
    "std30": 0.020484424082840447,
    "avgRet": 0.006592861950232362
  },
  "MCHI": {
    "std30": 0.012449158830082711,
    "avgRet": 0.0012143807327323936
  },
  "EEM": {
    "std30": 0.009015891260160313,
    "avgRet": 0.0022632727957456094
  }
}