{
  "SPY": {
    "std30": 0.00704118509454657,
    "avgRet": 0.0005977275204631802
  },
  "QQQ": {
    "std30": 0.009279494355662584,
    "avgRet": 0.001201804014205049
  },
  "IWM": {
    "std30": 0.01249291974879049,
    "avgRet": 0.0007179158658352158
  },
  "SOXX": {
    "std30": 0.021002812181706694,
    "avgRet": 0.00500073483400488
  },
  "XLE": {
    "std30": 0.011278370855230199,
    "avgRet": -0.0005992422703905431
  },
  "NVDA": {
    "std30": 0.021966871178484414,
    "avgRet": 0.0028234210025027072
  },
  "TSM": {
    "std30": 0.02743110210549271,
    "avgRet": 0.006861896265835359
  },
  "ASML.AS": {
    "std30": 0.02516575757360667,
    "avgRet": 0.009026748682400039
  },
  "LMT": {
    "std30": 0.008709100503368853,
    "avgRet": 0.0024567591562283885
  },
  "MCHI": {
    "std30": 0.016291559458979293,
    "avgRet": 0.0004713809288074047
  },
  "EEM": {
    "std30": 0.01107232706114601,
    "avgRet": 0.002071076619331691
  }
}