{
  "SPY": {
    "std30": 0.008455795618447108,
    "avgRet": 0.0005145203507252927
  },
  "QQQ": {
    "std30": 0.012278142399107203,
    "avgRet": 0.0006180056003355896
  },
  "IWM": {
    "std30": 0.013386208346310997,
    "avgRet": 0.00033040331167881514
  },
  "SOXX": {
    "std30": 0.023061756202220625,
    "avgRet": 0.002052441245187534
  },
  "XLE": {
    "std30": 0.09336326691444997,
    "avgRet": -0.015531657671910632
  },
  "NVDA": {
    "std30": 0.026517952401514864,
    "avgRet": -0.0004793718608565857
  },
  "TSM": {
    "std30": 0.016798638580472945,
    "avgRet": 0.0005938566234188663
  },
  "ASML.AS": {
    "std30": 0.022682859429669525,
    "avgRet": 0.003220187097220066
  },
  "LMT": {
    "std30": 0.013278081845829575,
    "avgRet": -0.002552715794208429
  },
  "MCHI": {
    "std30": 0.010009421526034453,
    "avgRet": -0.0009654941008139202
  },
  "EEM": {
    "std30": 0.008321349990365693,
    "avgRet": -2.29127664101685e-05
  }
}