{
  "SPY": {
    "std30": 0.008829882459690984,
    "avgRet": 0.0010514158651968395
  },
  "QQQ": {
    "std30": 0.012700641464668459,
    "avgRet": 0.0009180541228185652
  },
  "IWM": {
    "std30": 0.013869056417770458,
    "avgRet": 0.0004192343375513797
  },
  "SOXX": {
    "std30": 0.023387185972387897,
    "avgRet": 0.0006235857821230131
  },
  "XLE": {
    "std30": 0.010058898180498203,
    "avgRet": 0.001675201189450989
  },
  "NVDA": {
    "std30": 0.026172502231503896,
    "avgRet": 3.2007280781136453e-05
  },
  "TSM": {
    "std30": 0.01692226451484693,
    "avgRet": -0.0009127560252001113
  },
  "ASML.AS": {
    "std30": 0.021527987942134126,
    "avgRet": 0.0010124541349115625
  },
  "LMT": {
    "std30": 0.012855884715388498,
    "avgRet": -0.002671376796889213
  },
  "MCHI": {
    "std30": 0.010679193346277809,
    "avgRet": -0.0007480609682923358
  },
  "EEM": {
    "std30": 0.008888775339604551,
    "avgRet": 7.315235961528553e-05
  }
}