{
  "SPY": {
    "std30": 0.007660550312914692,
    "avgRet": 0.00019399246183095386
  },
  "QQQ": {
    "std30": 0.011006510612594157,
    "avgRet": -0.00016699170970983443
  },
  "IWM": {
    "std30": 0.013140296333476258,
    "avgRet": 0.001412025952369609
  },
  "SOXX": {
    "std30": 0.02318276270309569,
    "avgRet": 0.0004710812747292141
  },
  "XLE": {
    "std30": 0.09396205363815929,
    "avgRet": -0.017839005297240532
  },
  "NVDA": {
    "std30": 0.02172645112601073,
    "avgRet": -0.0025366004952918383
  },
  "TSM": {
    "std30": 0.018999671415777394,
    "avgRet": -5.825861259973599e-05
  },
  "ASML.AS": {
    "std30": 0.024683137625569167,
    "avgRet": 0.0008962797520795747
  },
  "LMT": {
    "std30": 0.014066452291541543,
    "avgRet": 0.0024192890445900892
  },
  "MCHI": {
    "std30": 0.008942785746683451,
    "avgRet": -0.0020519703198900903
  },
  "EEM": {
    "std30": 0.007874025777326875,
    "avgRet": -0.000914146828940796
  }
}