{
  "SPY": {
    "std30": 0.006423425496083153,
    "avgRet": -0.0005020592100413091
  },
  "QQQ": {
    "std30": 0.008950123752321648,
    "avgRet": -0.0013791023783537447
  },
  "IWM": {
    "std30": 0.009866805171692262,
    "avgRet": 0.0005563427376394695
  },
  "SOXX": {
    "std30": 0.020487888470899548,
    "avgRet": 0.0030146096809616964
  },
  "XLE": {
    "std30": 0.014870983602070625,
    "avgRet": 0.005631234469507066
  },
  "NVDA": {
    "std30": 0.016946755465163645,
    "avgRet": -0.0031671108233120257
  },
  "TSM": {
    "std30": 0.021596451830776624,
    "avgRet": 0.003946451428963043
  },
  "ASML.AS": {
    "std30": 0.029885049257374896,
    "avgRet": 0.008739525921728828
  },
  "LMT": {
    "std30": 0.02192023759471871,
    "avgRet": 0.008299975895583369
  },
  "MCHI": {
    "std30": 0.013783921256145306,
    "avgRet": -0.00023424788339491246
  },
  "EEM": {
    "std30": 0.010179156597693185,
    "avgRet": 0.0026335908921665914
  }
}