{
  "SPY": {
    "std30": 0.008173460746098711,
    "avgRet": -0.00028361293297067596
  },
  "QQQ": {
    "std30": 0.011656163959289298,
    "avgRet": -0.0012225601276163302
  },
  "IWM": {
    "std30": 0.013490595500510115,
    "avgRet": 0.00044685930129982095
  },
  "SOXX": {
    "std30": 0.023090505557607444,
    "avgRet": -0.002101907895595715
  },
  "XLE": {
    "std30": 0.09429083952047951,
    "avgRet": -0.016257637404218855
  },
  "NVDA": {
    "std30": 0.023480268187024235,
    "avgRet": -0.004301918487526828
  },
  "TSM": {
    "std30": 0.01893053987277642,
    "avgRet": -0.0018411988368509504
  },
  "ASML.AS": {
    "std30": 0.024699181439146938,
    "avgRet": -0.0006505516492157609
  },
  "LMT": {
    "std30": 0.014537822188564262,
    "avgRet": 0.0002227599571612751
  },
  "MCHI": {
    "std30": 0.009330884555901567,
    "avgRet": -0.0021404219598982525
  },
  "EEM": {
    "std30": 0.008032367913334663,
    "avgRet": -0.0015811791074383185
  }
}