{
  "SPY": {
    "std30": 0.005749192580971527,
    "avgRet": -0.00018799950976486826
  },
  "QQQ": {
    "std30": 0.008237288300255802,
    "avgRet": -0.0007119398203645335
  },
  "IWM": {
    "std30": 0.008843407176030969,
    "avgRet": 0.0016192950686917701
  },
  "SOXX": {
    "std30": 0.01905360275787704,
    "avgRet": 0.0035125188042651667
  },
  "XLE": {
    "std30": 0.01488647843609506,
    "avgRet": 0.0018603869421190775
  },
  "NVDA": {
    "std30": 0.017856596156591575,
    "avgRet": -0.00018676660353548317
  },
  "TSM": {
    "std30": 0.02156199407540178,
    "avgRet": 0.0047036797882453055
  },
  "ASML.AS": {
    "std30": 0.02973764548878969,
    "avgRet": 0.00703263761878154
  },
  "LMT": {
    "std30": 0.0187056898697578,
    "avgRet": 0.00890844980934037
  },
  "MCHI": {
    "std30": 0.012802844658770227,
    "avgRet": -0.00031167860755823465
  },
  "EEM": {
    "std30": 0.009349750621417192,
    "avgRet": 0.0017307010007460346
  }
}