{
  "SPY": {
    "std30": 0.005125580505364073,
    "avgRet": 0.0007591059940970244
  },
  "QQQ": {
    "std30": 0.007766399808219116,
    "avgRet": 0.0006940751221290223
  },
  "IWM": {
    "std30": 0.009472467750613304,
    "avgRet": 0.0018514674447421716
  },
  "SOXX": {
    "std30": 0.019524960776632655,
    "avgRet": 0.004311082648244351
  },
  "XLE": {
    "std30": 0.01483993754086037,
    "avgRet": 0.0021017035407378632
  },
  "NVDA": {
    "std30": 0.0175967479945579,
    "avgRet": 0.00153698825103346
  },
  "TSM": {
    "std30": 0.01957698522920187,
    "avgRet": 0.0040112911435609055
  },
  "ASML.AS": {
    "std30": 0.02753437836498068,
    "avgRet": 0.006382244488952936
  },
  "LMT": {
    "std30": 0.018887617160491223,
    "avgRet": 0.004893435396955606
  },
  "MCHI": {
    "std30": 0.010890719385632294,
    "avgRet": 0.00010950452839868661
  },
  "EEM": {
    "std30": 0.00877640536414821,
    "avgRet": 0.001914324478737494
  }
}