{
  "SPY": {
    "std30": 0.007991413818678312,
    "avgRet": 0.000922164993383995
  },
  "QQQ": {
    "std30": 0.010861330258664594,
    "avgRet": 0.0017843023834916484
  },
  "IWM": {
    "std30": 0.012302158286000616,
    "avgRet": 0.0003388528867027176
  },
  "SOXX": {
    "std30": 0.0220389983420734,
    "avgRet": 0.00510173263016311
  },
  "XLE": {
    "std30": 0.011214910037442828,
    "avgRet": 0.0002671953068096656
  },
  "NVDA": {
    "std30": 0.021840441757103958,
    "avgRet": 0.004178134847943528
  },
  "TSM": {
    "std30": 0.026802671285871674,
    "avgRet": 0.003945848557063423
  },
  "ASML.AS": {
    "std30": 0.020695764228644914,
    "avgRet": 0.003944950595468495
  },
  "LMT": {
    "std30": 0.01074214926510673,
    "avgRet": 0.000789477301140203
  },
  "MCHI": {
    "std30": 0.01631627823396137,
    "avgRet": -0.0004524217089616248
  },
  "EEM": {
    "std30": 0.011570195245323451,
    "avgRet": 0.0013085666666677225
  }
}