{
  "SPY": {
    "std30": 0.006531537660511367,
    "avgRet": 0.0005931030856238231
  },
  "QQQ": {
    "std30": 0.008982935396590811,
    "avgRet": 0.0007434627996035551
  },
  "IWM": {
    "std30": 0.009173636259075453,
    "avgRet": 0.0016738960231387787
  },
  "SOXX": {
    "std30": 0.0183473388061189,
    "avgRet": 0.006498703689087471
  },
  "XLE": {
    "std30": 0.013553548992839282,
    "avgRet": 0.005653418904439064
  },
  "NVDA": {
    "std30": 0.018641939950388466,
    "avgRet": 0.0023446725713105235
  },
  "TSM": {
    "std30": 0.020753495263971033,
    "avgRet": 0.005839314084387012
  },
  "ASML.AS": {
    "std30": 0.02946584729449681,
    "avgRet": 0.01019480641101953
  },
  "LMT": {
    "std30": 0.022193661134985086,
    "avgRet": 0.01037418912809619
  },
  "MCHI": {
    "std30": 0.012167979893658122,
    "avgRet": 0.0025879401472386748
  },
  "EEM": {
    "std30": 0.008794380874607557,
    "avgRet": 0.004483866444815722
  }
}