{
  "SPY": {
    "std30": 0.00595567517889126,
    "avgRet": 0.0005672338498768722
  },
  "QQQ": {
    "std30": 0.00789575557441753,
    "avgRet": 9.27425972606146e-05
  },
  "IWM": {
    "std30": 0.009335600914836532,
    "avgRet": 0.0018019518613670285
  },
  "SOXX": {
    "std30": 0.01840740812700606,
    "avgRet": 0.005097296630078208
  },
  "XLE": {
    "std30": 0.013394882205495,
    "avgRet": 0.005286889873073223
  },
  "NVDA": {
    "std30": 0.01716780855913181,
    "avgRet": -6.12693239211962e-05
  },
  "TSM": {
    "std30": 0.020571494842147826,
    "avgRet": 0.005456638705565063
  },
  "ASML.AS": {
    "std30": 0.028359949030107693,
    "avgRet": 0.010079128196493228
  },
  "LMT": {
    "std30": 0.019570326922274377,
    "avgRet": 0.01063902641114683
  },
  "MCHI": {
    "std30": 0.013543131874118979,
    "avgRet": 0.00044457602971392784
  },
  "EEM": {
    "std30": 0.009609334223582207,
    "avgRet": 0.003681915633093885
  }
}