{
  "SPY": {
    "std30": 0.007949738362737347,
    "avgRet": 0.0009269463353151773
  },
  "QQQ": {
    "std30": 0.010779137517728606,
    "avgRet": 0.0017599162964948068
  },
  "IWM": {
    "std30": 0.012260233095449982,
    "avgRet": 0.00036405394549786986
  },
  "SOXX": {
    "std30": 0.022128724593781342,
    "avgRet": 0.004476803205198602
  },
  "XLE": {
    "std30": 0.010812305702017758,
    "avgRet": -0.0013762931691461374
  },
  "NVDA": {
    "std30": 0.021330434225986024,
    "avgRet": 0.005092170609605811
  },
  "TSM": {
    "std30": 0.026371697982752903,
    "avgRet": 0.0026542655300501347
  },
  "ASML.AS": {
    "std30": 0.020574057667844096,
    "avgRet": 0.004163310486129027
  },
  "LMT": {
    "std30": 0.010702041439918769,
    "avgRet": -6.989049028927052e-05
  },
  "MCHI": {
    "std30": 0.01587726202469799,
    "avgRet": -0.0007029749724845124
  },
  "EEM": {
    "std30": 0.01180011526107671,
    "avgRet": 0.001280130771813456
  }
}