{
  "SPY": {
    "std30": 0.006005902702430379,
    "avgRet": 0.001816673578898307
  },
  "QQQ": {
    "std30": 0.008939487289143734,
    "avgRet": 0.0018807788395466072
  },
  "IWM": {
    "std30": 0.01131071475663163,
    "avgRet": 0.0034628949526927387
  },
  "SOXX": {
    "std30": 0.01959163842422709,
    "avgRet": 0.0061063967174259165
  },
  "XLE": {
    "std30": 0.012531321933825463,
    "avgRet": 0.00221438179478672
  },
  "NVDA": {
    "std30": 0.018216705433002762,
    "avgRet": 0.0015466956951083926
  },
  "TSM": {
    "std30": 0.019527978081448315,
    "avgRet": 0.005332854164962094
  },
  "ASML.AS": {
    "std30": 0.026978412896444717,
    "avgRet": 0.008117271590377324
  },
  "LMT": {
    "std30": 0.015137043966927097,
    "avgRet": 0.00314776157787595
  },
  "MCHI": {
    "std30": 0.01098394703764862,
    "avgRet": 0.0010658426233760526
  },
  "EEM": {
    "std30": 0.008674484046356849,
    "avgRet": 0.002385544212962638
  }
}