{
  "SPY": {
    "std30": 0.0077278312357834025,
    "avgRet": -0.00021613587311985656
  },
  "QQQ": {
    "std30": 0.010447180778833937,
    "avgRet": -0.0008907816563262553
  },
  "IWM": {
    "std30": 0.012079122531121173,
    "avgRet": 0.0014498516435536052
  },
  "SOXX": {
    "std30": 0.022177306984475304,
    "avgRet": 0.003945364628783404
  },
  "XLE": {
    "std30": 0.015452395714274595,
    "avgRet": 0.004834131242779205
  },
  "NVDA": {
    "std30": 0.023674263686411706,
    "avgRet": -0.0003152945227607585
  },
  "TSM": {
    "std30": 0.023015006900517377,
    "avgRet": 0.004483250133987047
  },
  "ASML.AS": {
    "std30": 0.02580911281036308,
    "avgRet": 0.005329229723093017
  },
  "LMT": {
    "std30": 0.02197071908396011,
    "avgRet": 0.008503261728058658
  },
  "MCHI": {
    "std30": 0.013000743807619708,
    "avgRet": -0.0010704241533680452
  },
  "EEM": {
    "std30": 0.010537443608347642,
    "avgRet": 0.0024061896414466193
  }
}