{
  "SPY": {
    "std30": 0.0058673805147271465,
    "avgRet": 0.0016918865578743948
  },
  "QQQ": {
    "std30": 0.008979182051304187,
    "avgRet": 0.00193651322652749
  },
  "IWM": {
    "std30": 0.010423965791420329,
    "avgRet": 0.0029307185627564496
  },
  "SOXX": {
    "std30": 0.02017599795894161,
    "avgRet": 0.006859873705546798
  },
  "XLE": {
    "std30": 0.013626454513420724,
    "avgRet": 0.0010928786881028048
  },
  "NVDA": {
    "std30": 0.01812412898333083,
    "avgRet": 0.0017350546921254797
  },
  "TSM": {
    "std30": 0.019433150436098067,
    "avgRet": 0.00621003614936027
  },
  "ASML.AS": {
    "std30": 0.026634781495777363,
    "avgRet": 0.009026352916472002
  },
  "LMT": {
    "std30": 0.015036557666365767,
    "avgRet": 0.004423058885045718
  },
  "MCHI": {
    "std30": 0.010979294751633775,
    "avgRet": 0.001056885076067336
  },
  "EEM": {
    "std30": 0.008714233714850708,
    "avgRet": 0.0026528773624635033
  }
}