{
  "SPY": {
    "std30": 0.008252343103302359,
    "avgRet": 3.6939747580872884e-05
  },
  "QQQ": {
    "std30": 0.011693122315158509,
    "avgRet": -0.000381412565907333
  },
  "IWM": {
    "std30": 0.013456752205446816,
    "avgRet": 0.0011879458350416744
  },
  "SOXX": {
    "std30": 0.02237400305182962,
    "avgRet": 0.0009792190065206984
  },
  "XLE": {
    "std30": 0.09416986189086334,
    "avgRet": -0.015452018152769822
  },
  "NVDA": {
    "std30": 0.023464676830935807,
    "avgRet": -0.003843325893473034
  },
  "TSM": {
    "std30": 0.01715574746216192,
    "avgRet": 0.0007081821750198317
  },
  "ASML.AS": {
    "std30": 0.022293662518767198,
    "avgRet": 0.0017693146142712267
  },
  "LMT": {
    "std30": 0.014641139235685899,
    "avgRet": -0.0011532409425353198
  },
  "MCHI": {
    "std30": 0.00975882604705011,
    "avgRet": -0.001946242402875048
  },
  "EEM": {
    "std30": 0.008022867551337824,
    "avgRet": -0.0005179475012054081
  }
}