{
  "SPY": {
    "std30": 0.007931750146290346,
    "avgRet": 0.000809053551223255
  },
  "QQQ": {
    "std30": 0.010725668100272251,
    "avgRet": 0.0015623304687222513
  },
  "IWM": {
    "std30": 0.012298948346573227,
    "avgRet": 0.00033179719461818896
  },
  "SOXX": {
    "std30": 0.021919714036575045,
    "avgRet": 0.004642767914557525
  },
  "XLE": {
    "std30": 0.011197084074104826,
    "avgRet": 0.00024126130844137617
  },
  "NVDA": {
    "std30": 0.021776677570421097,
    "avgRet": 0.0036104754571746256
  },
  "TSM": {
    "std30": 0.026892339756689983,
    "avgRet": 0.0037002092238377473
  },
  "ASML.AS": {
    "std30": 0.020890251438180782,
    "avgRet": 0.00368748018612902
  },
  "LMT": {
    "std30": 0.01076104129692058,
    "avgRet": 0.0008715086941670397
  },
  "MCHI": {
    "std30": 0.016212000244692173,
    "avgRet": -0.000334586870556036
  },
  "EEM": {
    "std30": 0.011551997386711645,
    "avgRet": 0.0013552238360083596
  }
}