{
  "SPY": {
    "std30": 0.007426228213829173,
    "avgRet": 0.00022193141282489775
  },
  "QQQ": {
    "std30": 0.009981795445244992,
    "avgRet": -0.00048134036559010666
  },
  "IWM": {
    "std30": 0.011807390790237753,
    "avgRet": 0.0020982725025781943
  },
  "SOXX": {
    "std30": 0.022564612996071747,
    "avgRet": 0.005203096076695155
  },
  "XLE": {
    "std30": 0.014876210448132197,
    "avgRet": 0.0067711413007357345
  },
  "NVDA": {
    "std30": 0.023389092544444805,
    "avgRet": 0.0003433897948392045
  },
  "TSM": {
    "std30": 0.02382221714683489,
    "avgRet": 0.006037826127737806
  },
  "ASML.AS": {
    "std30": 0.030671901429407466,
    "avgRet": 0.01045110228357943
  },
  "LMT": {
    "std30": 0.02207441434126477,
    "avgRet": 0.009880778606005603
  },
  "MCHI": {
    "std30": 0.014502215070882252,
    "avgRet": 0.0004336337882785998
  },
  "EEM": {
    "std30": 0.011090001036668832,
    "avgRet": 0.003482830356914768
  }
}