{
  "SPY": {
    "std30": 0.008378815453873116,
    "avgRet": -0.001719668612655926
  },
  "QQQ": {
    "std30": 0.010575347928606902,
    "avgRet": -0.0013429306042443355
  },
  "IWM": {
    "std30": 0.012990745131513812,
    "avgRet": -0.0016815384487933354
  },
  "SOXX": {
    "std30": 0.02052698032482753,
    "avgRet": -0.001120788823645689
  },
  "XLE": {
    "std30": 0.010635799580305793,
    "avgRet": 0.0034873533654046717
  },
  "NVDA": {
    "std30": 0.02094846803362084,
    "avgRet": -0.0018471625486971776
  },
  "TSM": {
    "std30": 0.02261693617579722,
    "avgRet": -0.0022352947988960935
  },
  "ASML.AS": {
    "std30": 0.02596205953667714,
    "avgRet": -0.00047235526081321677
  },
  "LMT": {
    "std30": 0.015941876997200788,
    "avgRet": -8.697883343050852e-05
  },
  "MCHI": {
    "std30": 0.013196107293119487,
    "avgRet": -0.0030018112825869613
  },
  "EEM": {
    "std30": 0.018817989641674557,
    "avgRet": -0.0021356169261321205
  }
}