{
  "SPY": {
    "std30": 0.008423474893292086,
    "avgRet": -0.0012983976431694823
  },
  "QQQ": {
    "std30": 0.011371214891460153,
    "avgRet": -0.0013891543350479183
  },
  "IWM": {
    "std30": 0.013438483238699927,
    "avgRet": -0.001702332663007754
  },
  "SOXX": {
    "std30": 0.02432465101158207,
    "avgRet": -0.0011964661458249033
  },
  "XLE": {
    "std30": 0.013055941344859743,
    "avgRet": 0.005118279819242537
  },
  "NVDA": {
    "std30": 0.026322924044629395,
    "avgRet": -0.00012069718540218888
  },
  "TSM": {
    "std30": 0.02540654800245151,
    "avgRet": 0.00019747429855202617
  },
  "ASML.AS": {
    "std30": 0.02679372483355216,
    "avgRet": -0.0012626669955785013
  },
  "LMT": {
    "std30": 0.0176655893861138,
    "avgRet": 0.0006460221311399753
  },
  "MCHI": {
    "std30": 0.012479740764230899,
    "avgRet": -0.0015917184050856055
  },
  "EEM": {
    "std30": 0.017117648649993347,
    "avgRet": -0.00038459986075543325
  }
}