{
  "SPY": {
    "std30": 0.007159411028593792,
    "avgRet": -4.1198099627716946e-05
  },
  "QQQ": {
    "std30": 0.009707463536704972,
    "avgRet": -0.0008180797858769404
  },
  "IWM": {
    "std30": 0.011528397623653427,
    "avgRet": 0.0015963151297648918
  },
  "SOXX": {
    "std30": 0.02240150866926926,
    "avgRet": 0.004666661381540452
  },
  "XLE": {
    "std30": 0.014999000379795235,
    "avgRet": 0.006411190479721526
  },
  "NVDA": {
    "std30": 0.022242922348889832,
    "avgRet": -0.000491698709831395
  },
  "TSM": {
    "std30": 0.023748604107462663,
    "avgRet": 0.005701143549878967
  },
  "ASML.AS": {
    "std30": 0.030598729073975647,
    "avgRet": 0.010162365577632526
  },
  "LMT": {
    "std30": 0.021986230427509607,
    "avgRet": 0.008681226729821719
  },
  "MCHI": {
    "std30": 0.014439040430491929,
    "avgRet": 0.0005916378786735221
  },
  "EEM": {
    "std30": 0.010839220965315727,
    "avgRet": 0.003347314341460911
  }
}