{
  "SPY": {
    "std30": 0.009565815422958238,
    "avgRet": -0.0006905894583108012
  },
  "QQQ": {
    "std30": 0.013229597295365492,
    "avgRet": -0.0008498458184169266
  },
  "IWM": {
    "std30": 0.014261066991327374,
    "avgRet": -0.002048754017117667
  },
  "SOXX": {
    "std30": 0.024964271284761776,
    "avgRet": -0.001533178531644578
  },
  "XLE": {
    "std30": 0.01155935129187516,
    "avgRet": 0.0005039000799349989
  },
  "NVDA": {
    "std30": 0.027965577093268596,
    "avgRet": -0.0012738019986177304
  },
  "TSM": {
    "std30": 0.0254841226495031,
    "avgRet": -0.0032551737469265515
  },
  "ASML.AS": {
    "std30": 0.020431827448706176,
    "avgRet": 0.0007687749096216489
  },
  "LMT": {
    "std30": 0.012141749081207402,
    "avgRet": -0.002903247234900518
  },
  "MCHI": {
    "std30": 0.016048605392135436,
    "avgRet": -0.00198442713354076
  },
  "EEM": {
    "std30": 0.012812880423753534,
    "avgRet": -0.00035660938862059173
  }
}