{
  "SPY": {
    "std30": 0.009325934816365808,
    "avgRet": 5.862349971538878e-05
  },
  "QQQ": {
    "std30": 0.013100049123185726,
    "avgRet": 0.00014849938158198174
  },
  "IWM": {
    "std30": 0.01412427653795189,
    "avgRet": -0.0012313344105694172
  },
  "SOXX": {
    "std30": 0.025530648599894956,
    "avgRet": 0.0003357273084177073
  },
  "XLE": {
    "std30": 0.01103824627381743,
    "avgRet": 0.0010749002519522457
  },
  "NVDA": {
    "std30": 0.02731224838341371,
    "avgRet": 0.0012106636843846742
  },
  "TSM": {
    "std30": 0.026489188802584288,
    "avgRet": -0.0017270046754232283
  },
  "ASML.AS": {
    "std30": 0.021566709112334482,
    "avgRet": -0.000996559017286033
  },
  "LMT": {
    "std30": 0.011955953361164897,
    "avgRet": -0.003338588226151644
  },
  "MCHI": {
    "std30": 0.016060368252101102,
    "avgRet": -0.0015366790434607452
  },
  "EEM": {
    "std30": 0.012666910666616417,
    "avgRet": 0.00038029160435336623
  }
}