{
  "SPY": {
    "std30": 0.007101636065792486,
    "avgRet": 0.0010570465654013868
  },
  "QQQ": {
    "std30": 0.009445350121137158,
    "avgRet": 0.0018522387757675827
  },
  "IWM": {
    "std30": 0.011661595732766034,
    "avgRet": 0.0020995497958286573
  },
  "SOXX": {
    "std30": 0.02078393072786272,
    "avgRet": 0.00585531407805906
  },
  "XLE": {
    "std30": 0.011664384149215704,
    "avgRet": -0.0008079198238867499
  },
  "NVDA": {
    "std30": 0.022731362384042043,
    "avgRet": 0.0024154437546962363
  },
  "TSM": {
    "std30": 0.02757841319891759,
    "avgRet": 0.009489140476834702
  },
  "ASML.AS": {
    "std30": 0.02593890562060556,
    "avgRet": 0.010709279152003485
  },
  "LMT": {
    "std30": 0.00864051272101105,
    "avgRet": 0.0032792792217477473
  },
  "MCHI": {
    "std30": 0.01680596164691273,
    "avgRet": 0.0019173252528828606
  },
  "EEM": {
    "std30": 0.01132850771017824,
    "avgRet": 0.002813930413766648
  }
}