{
  "SPY": {
    "std30": 0.007363443047042404,
    "avgRet": 0.001161189296198454
  },
  "QQQ": {
    "std30": 0.009604809568761028,
    "avgRet": 0.0019003097942649244
  },
  "IWM": {
    "std30": 0.01283159253237547,
    "avgRet": 0.0016956110304732859
  },
  "SOXX": {
    "std30": 0.020986807148090612,
    "avgRet": 0.0059347146058522
  },
  "XLE": {
    "std30": 0.011459603200969249,
    "avgRet": -0.00028458007319170345
  },
  "NVDA": {
    "std30": 0.02185476943579148,
    "avgRet": 0.0027290811609667447
  },
  "TSM": {
    "std30": 0.027690516406856217,
    "avgRet": 0.006550279692634569
  },
  "ASML.AS": {
    "std30": 0.02519253016886954,
    "avgRet": 0.009396470067790598
  },
  "LMT": {
    "std30": 0.009093953424100375,
    "avgRet": 0.003465253607765345
  },
  "MCHI": {
    "std30": 0.016294095157473723,
    "avgRet": 0.0007810691155476884
  },
  "EEM": {
    "std30": 0.011244308374354167,
    "avgRet": 0.0025242121738295606
  }
}