{
  "SPY": {
    "std30": 0.00657809051319305,
    "avgRet": 0.0010408238151538478
  },
  "QQQ": {
    "std30": 0.008190086953582342,
    "avgRet": 0.0008562554172266548
  },
  "IWM": {
    "std30": 0.013380882735118062,
    "avgRet": 0.002136362313820792
  },
  "SOXX": {
    "std30": 0.013795961923144265,
    "avgRet": 0.0008324256458428607
  },
  "XLE": {
    "std30": 0.009118942974359686,
    "avgRet": 0.0006789438150645951
  },
  "NVDA": {
    "std30": 0.015275989447347088,
    "avgRet": 0.0020878259788229205
  },
  "TSM": {
    "std30": 0.018977197699087917,
    "avgRet": 0.00020635760911147765
  },
  "ASML.AS": {
    "std30": 0.017461964098467998,
    "avgRet": 0.00027214362159287925
  },
  "LMT": {
    "std30": 0.02265743802640389,
    "avgRet": -0.0009919391282126886
  },
  "MCHI": {
    "std30": 0.011450476441078033,
    "avgRet": 0.0030216647221147286
  },
  "EEM": {
    "std30": 0.007539570337813342,
    "avgRet": 0.0009151283185258846
  }
}