{
  "SPY": {
    "std30": 0.007397300484388967,
    "avgRet": 0.00027403929711501446
  },
  "QQQ": {
    "std30": 0.009986094518553187,
    "avgRet": -0.0003053303243058085
  },
  "IWM": {
    "std30": 0.011678092694819085,
    "avgRet": 0.0023436141977424734
  },
  "SOXX": {
    "std30": 0.02282582485581388,
    "avgRet": 0.006012592674639272
  },
  "XLE": {
    "std30": 0.015379387902999956,
    "avgRet": 0.007075533981406211
  },
  "NVDA": {
    "std30": 0.023138016310061238,
    "avgRet": 0.0007133526979711296
  },
  "TSM": {
    "std30": 0.024061981715990353,
    "avgRet": 0.007966392388867262
  },
  "ASML.AS": {
    "std30": 0.030777118592715882,
    "avgRet": 0.010565815897326475
  },
  "LMT": {
    "std30": 0.022497975359230857,
    "avgRet": 0.009018670582453108
  },
  "MCHI": {
    "std30": 0.0142175465208273,
    "avgRet": 0.0008572267861297305
  },
  "EEM": {
    "std30": 0.011267794735469334,
    "avgRet": 0.0040296857038968695
  }
}