{
  "SPY": {
    "std30": 0.005248751886539018,
    "avgRet": 0.0009651123403903172
  },
  "QQQ": {
    "std30": 0.006704517336959815,
    "avgRet": 0.0010820881282123797
  },
  "IWM": {
    "std30": 0.011097455384388397,
    "avgRet": 0.0021391071185537496
  },
  "SOXX": {
    "std30": 0.01220708156944214,
    "avgRet": 0.002835085690813894
  },
  "XLE": {
    "std30": 0.010545310174606389,
    "avgRet": 0.0025893540218129975
  },
  "NVDA": {
    "std30": 0.01937131396413712,
    "avgRet": -0.0003989408468174293
  },
  "TSM": {
    "std30": 0.01903053987119016,
    "avgRet": 0.0047969947121624815
  },
  "ASML.AS": {
    "std30": 0.021818958271206057,
    "avgRet": 0.008898439951498891
  },
  "LMT": {
    "std30": 0.008063843713957047,
    "avgRet": 0.0036881870682577748
  },
  "MCHI": {
    "std30": 0.012373620657580825,
    "avgRet": 0.0026831690839893793
  },
  "EEM": {
    "std30": 0.006753347866773743,
    "avgRet": 0.0018490493373902624
  }
}