{
  "SPY": {
    "std30": 0.007656059065299819,
    "avgRet": 0.0013234347162895533
  },
  "QQQ": {
    "std30": 0.010309708734106127,
    "avgRet": 0.0021422371410907415
  },
  "IWM": {
    "std30": 0.012911227736837989,
    "avgRet": 0.0017831108488424595
  },
  "SOXX": {
    "std30": 0.022430893874677928,
    "avgRet": 0.005849104284911052
  },
  "XLE": {
    "std30": 0.011236546884699874,
    "avgRet": -0.0005196184286846696
  },
  "NVDA": {
    "std30": 0.021552543476504718,
    "avgRet": 0.0033593043302352125
  },
  "TSM": {
    "std30": 0.027480760082571203,
    "avgRet": 0.004832523798824706
  },
  "ASML.AS": {
    "std30": 0.023578631719569417,
    "avgRet": 0.006765891756010638
  },
  "LMT": {
    "std30": 0.010999536111401753,
    "avgRet": 0.0009623587431860265
  },
  "MCHI": {
    "std30": 0.016161266865707874,
    "avgRet": 0.0005139333645650668
  },
  "EEM": {
    "std30": 0.011350940239804585,
    "avgRet": 0.0017640492520295077
  }
}