{
  "SPY": {
    "std30": 0.006649487911972198,
    "avgRet": 0.00011510346513949352
  },
  "QQQ": {
    "std30": 0.009211421393901301,
    "avgRet": -0.00020697666808780778
  },
  "IWM": {
    "std30": 0.00999287885695505,
    "avgRet": 0.0013862442069025986
  },
  "SOXX": {
    "std30": 0.020083195063100426,
    "avgRet": 0.003156073129386123
  },
  "XLE": {
    "std30": 0.015180300778909406,
    "avgRet": 0.0025665354019616957
  },
  "NVDA": {
    "std30": 0.01959874395129679,
    "avgRet": 0.0009253436884040961
  },
  "TSM": {
    "std30": 0.022683691269288223,
    "avgRet": 0.0028737357453510986
  },
  "ASML.AS": {
    "std30": 0.03014313904637109,
    "avgRet": 0.007901569946227482
  },
  "LMT": {
    "std30": 0.018816773006607834,
    "avgRet": 0.008216398771558782
  },
  "MCHI": {
    "std30": 0.012816845376917692,
    "avgRet": 0.0006129651132556384
  },
  "EEM": {
    "std30": 0.009735801089025728,
    "avgRet": 0.002428351582655247
  }
}