{
  "SPY": {
    "std30": 0.008518710424541737,
    "avgRet": -0.002095938306472076
  },
  "QQQ": {
    "std30": 0.010847543173185271,
    "avgRet": -0.0019199537940347222
  },
  "IWM": {
    "std30": 0.0125727432536997,
    "avgRet": -0.0022504529481958864
  },
  "SOXX": {
    "std30": 0.02167970952620139,
    "avgRet": -0.0025999636543754794
  },
  "XLE": {
    "std30": 0.010326762621912596,
    "avgRet": 0.004908499247039518
  },
  "NVDA": {
    "std30": 0.02173304354903733,
    "avgRet": -0.0023702060071013648
  },
  "TSM": {
    "std30": 0.025121802328654793,
    "avgRet": -0.003594540382350975
  },
  "ASML.AS": {
    "std30": 0.027088758280092842,
    "avgRet": -0.0016346970266268206
  },
  "LMT": {
    "std30": 0.015071488230861256,
    "avgRet": -0.0016060010363788488
  },
  "MCHI": {
    "std30": 0.013660940725992752,
    "avgRet": -0.0029803812384943196
  },
  "EEM": {
    "std30": 0.01954071895271371,
    "avgRet": -0.0030787882579270103
  }
}