{
  "SPY": {
    "std30": 0.007300533807665682,
    "avgRet": -0.000360239600637951
  },
  "QQQ": {
    "std30": 0.01063455826376355,
    "avgRet": -0.000608617353435127
  },
  "IWM": {
    "std30": 0.012729793819139731,
    "avgRet": -0.0016274822951207516
  },
  "SOXX": {
    "std30": 0.023068731500987684,
    "avgRet": -0.0008467596504608936
  },
  "XLE": {
    "std30": 0.012870921420796062,
    "avgRet": 0.005054114331726905
  },
  "NVDA": {
    "std30": 0.02556701738976082,
    "avgRet": 3.07252449613631e-05
  },
  "TSM": {
    "std30": 0.02310308504085431,
    "avgRet": 0.0029428843971443536
  },
  "ASML.AS": {
    "std30": 0.02381334182731184,
    "avgRet": -0.00038998207370723707
  },
  "LMT": {
    "std30": 0.018924516866481833,
    "avgRet": 0.0035543201253867658
  },
  "MCHI": {
    "std30": 0.01210261592618738,
    "avgRet": -0.003742587384076719
  },
  "EEM": {
    "std30": 0.015773107844614016,
    "avgRet": -0.0005127354572916219
  }
}