{
  "SPY": {
    "std30": 0.008709581094567365,
    "avgRet": 0.0003704338262910102
  },
  "QQQ": {
    "std30": 0.012634244321977437,
    "avgRet": 0.0004899396349367704
  },
  "IWM": {
    "std30": 0.013799761125807726,
    "avgRet": -0.0010442138966657117
  },
  "SOXX": {
    "std30": 0.023447370258660987,
    "avgRet": 0.0007170637111209519
  },
  "XLE": {
    "std30": 0.010186542501546339,
    "avgRet": 0.001143143696776395
  },
  "NVDA": {
    "std30": 0.025652917641817968,
    "avgRet": 0.00079561685681904
  },
  "TSM": {
    "std30": 0.01759388146469402,
    "avgRet": -0.001192387739670897
  },
  "ASML.AS": {
    "std30": 0.020705282695051633,
    "avgRet": 0.0003708609855598441
  },
  "LMT": {
    "std30": 0.01287634424772163,
    "avgRet": -0.0038193738306929086
  },
  "MCHI": {
    "std30": 0.010847785278990817,
    "avgRet": -0.00028652872694373365
  },
  "EEM": {
    "std30": 0.009349262904800924,
    "avgRet": 0.00048214571557672137
  }
}