{
  "SPY": {
    "std30": 0.005115223179448913,
    "avgRet": 0.0007353508042684952
  },
  "QQQ": {
    "std30": 0.007826499452533537,
    "avgRet": 0.0007204298943451032
  },
  "IWM": {
    "std30": 0.009434993960023924,
    "avgRet": 0.0018004899774799925
  },
  "SOXX": {
    "std30": 0.019575752235075752,
    "avgRet": 0.004357268636674221
  },
  "XLE": {
    "std30": 0.014810682881717184,
    "avgRet": 0.0019188440347123728
  },
  "NVDA": {
    "std30": 0.017463198529787755,
    "avgRet": 0.0010100831958867748
  },
  "TSM": {
    "std30": 0.019554797723727955,
    "avgRet": 0.003980045631479724
  },
  "ASML.AS": {
    "std30": 0.029174522598989013,
    "avgRet": 0.007390760487222709
  },
  "LMT": {
    "std30": 0.020431844235995752,
    "avgRet": 0.00637647899455624
  },
  "MCHI": {
    "std30": 0.010849368341692398,
    "avgRet": 0.0002286970673728601
  },
  "EEM": {
    "std30": 0.008734377777854845,
    "avgRet": 0.0018373986719880588
  }
}