{
  "SPY": {
    "std30": 0.00822194371920791,
    "avgRet": -0.0014753089764526915
  },
  "QQQ": {
    "std30": 0.011231486589878525,
    "avgRet": -0.0015351240357463548
  },
  "IWM": {
    "std30": 0.013448708561126302,
    "avgRet": -0.001692155502790625
  },
  "SOXX": {
    "std30": 0.02428902099902174,
    "avgRet": -0.0012377236957534941
  },
  "XLE": {
    "std30": 0.013838593694176966,
    "avgRet": 0.004323285229736198
  },
  "NVDA": {
    "std30": 0.026650471999435894,
    "avgRet": -0.0016765294061796602
  },
  "TSM": {
    "std30": 0.02610093533680655,
    "avgRet": 0.0011376071849681752
  },
  "ASML.AS": {
    "std30": 0.026555207004363538,
    "avgRet": -0.0015513132955852025
  },
  "LMT": {
    "std30": 0.017661316173609068,
    "avgRet": 0.0007928993070637291
  },
  "MCHI": {
    "std30": 0.012172017838267157,
    "avgRet": -0.002577329471666698
  },
  "EEM": {
    "std30": 0.016256506583899853,
    "avgRet": -0.0012387797272817446
  }
}