{
  "ASML.AS": {
    "std30": 0.029866492750954998,
    "avgRet": 0.0069049678808496915
  },
  "LMT": {
    "std30": 0.018987431993804833,
    "avgRet": 0.008556476181608279
  },
  "MCHI": {
    "std30": 0.012952758576474158,
    "avgRet": -0.00047990063857727587
  },
  "EEM": {
    "std30": 0.009462770626428007,
    "avgRet": 0.0016264244713072805
  }
}