{
  "SPY": {
    "std30": 0.008348077035652364,
    "avgRet": 0.00047349336804143556
  },
  "QQQ": {
    "std30": 0.01194797716598778,
    "avgRet": 0.0009664887837691368
  },
  "IWM": {
    "std30": 0.013112532864179842,
    "avgRet": -5.858564311042687e-05
  },
  "SOXX": {
    "std30": 0.02456577452929122,
    "avgRet": 0.003777572582035712
  },
  "XLE": {
    "std30": 0.01042711842840878,
    "avgRet": -0.0013696536219034439
  },
  "NVDA": {
    "std30": 0.024137497919774986,
    "avgRet": 0.0021471824329732055
  },
  "TSM": {
    "std30": 0.027013083356338938,
    "avgRet": 0.0022943007855933013
  },
  "ASML.AS": {
    "std30": 0.02205619407423935,
    "avgRet": 0.0029447128723190377
  },
  "LMT": {
    "std30": 0.0115976822411899,
    "avgRet": -0.001269562448350039
  },
  "MCHI": {
    "std30": 0.016165313218629504,
    "avgRet": -6.0139161629280125e-05
  },
  "EEM": {
    "std30": 0.012241057886397674,
    "avgRet": 0.001364057480355557
  }
}