{
  "SPY": {
    "std30": 0.006887112501379126,
    "avgRet": 0.0007266982305550451
  },
  "QQQ": {
    "std30": 0.008767739145109938,
    "avgRet": 0.0007168940000531859
  },
  "IWM": {
    "std30": 0.012801345275671651,
    "avgRet": 0.002080533864068716
  },
  "SOXX": {
    "std30": 0.014711755870073858,
    "avgRet": 0.00039478538992398674
  },
  "XLE": {
    "std30": 0.010200350147636554,
    "avgRet": -0.00011282294801706998
  },
  "NVDA": {
    "std30": 0.01586104051094304,
    "avgRet": -0.0014937135634733255
  },
  "TSM": {
    "std30": 0.019281235264248606,
    "avgRet": 0.0016239719991671838
  },
  "ASML.AS": {
    "std30": 0.018225839089107316,
    "avgRet": 0.0037448231526033483
  },
  "LMT": {
    "std30": 0.009927075764240189,
    "avgRet": 0.002766333478732996
  },
  "MCHI": {
    "std30": 0.01355511276006656,
    "avgRet": 0.0026282984480565804
  },
  "EEM": {
    "std30": 0.007684789724688835,
    "avgRet": 0.0014202085926537703
  }
}