{
  "SPY": {
    "std30": 0.007084006606413795,
    "avgRet": 0.0007843571446093148
  },
  "QQQ": {
    "std30": 0.010402565313063236,
    "avgRet": 0.0006638284520593214
  },
  "IWM": {
    "std30": 0.012109532559199157,
    "avgRet": 0.0017967795186193097
  },
  "SOXX": {
    "std30": 0.021616042896760442,
    "avgRet": 0.002008566535904207
  },
  "XLE": {
    "std30": 0.011921360713293635,
    "avgRet": -0.0006861959777231405
  },
  "NVDA": {
    "std30": 0.020881708014832294,
    "avgRet": -0.0002995739515092041
  },
  "TSM": {
    "std30": 0.01831731260237301,
    "avgRet": 0.0018793214219015415
  },
  "ASML.AS": {
    "std30": 0.024012394971811412,
    "avgRet": 0.0022603234334788056
  },
  "LMT": {
    "std30": 0.013649474460113682,
    "avgRet": 0.001711289230717513
  },
  "MCHI": {
    "std30": 0.009416927582323362,
    "avgRet": -0.0018071100125146757
  },
  "EEM": {
    "std30": 0.007866223074052074,
    "avgRet": -0.0002560238930876765
  }
}