{
  "SPY": {
    "std30": 0.005961743074400143,
    "avgRet": 0.0008769977702411526
  },
  "QQQ": {
    "std30": 0.007555026067738798,
    "avgRet": 0.0008263204182491223
  },
  "IWM": {
    "std30": 0.012145370400071595,
    "avgRet": 0.00046348564726868605
  },
  "SOXX": {
    "std30": 0.012970634005407008,
    "avgRet": 0.00022649126298530128
  },
  "XLE": {
    "std30": 0.008852533835071568,
    "avgRet": -0.0011566245433362542
  },
  "NVDA": {
    "std30": 0.01659034385479367,
    "avgRet": 0.0027366015257500637
  },
  "TSM": {
    "std30": 0.01924627206522041,
    "avgRet": 0.00030526951599615265
  },
  "ASML.AS": {
    "std30": 0.022877175267464158,
    "avgRet": -0.002250965470362482
  },
  "LMT": {
    "std30": 0.022555277122503367,
    "avgRet": -0.0014132659353125274
  },
  "MCHI": {
    "std30": 0.011253760326155137,
    "avgRet": 0.0030937605329106723
  },
  "EEM": {
    "std30": 0.006625623612465636,
    "avgRet": 0.0010973403430554732
  }
}