{
  "SPY": {
    "std30": 0.005341929272006813,
    "avgRet": 0.0014241644411991938
  },
  "QQQ": {
    "std30": 0.006784603141437865,
    "avgRet": 0.001374812457692657
  },
  "IWM": {
    "std30": 0.011734903134544008,
    "avgRet": 0.0028222450574712224
  },
  "SOXX": {
    "std30": 0.013003798881577038,
    "avgRet": 0.003094595003292838
  },
  "XLE": {
    "std30": 0.009501057705757664,
    "avgRet": 0.0021267238856128886
  },
  "NVDA": {
    "std30": 0.015981824139528315,
    "avgRet": -0.0016754602890571807
  },
  "TSM": {
    "std30": 0.01845288458300149,
    "avgRet": 0.004563986051061529
  },
  "ASML.AS": {
    "std30": 0.019918896175925266,
    "avgRet": 0.008256263551772875
  },
  "LMT": {
    "std30": 0.009789459679391576,
    "avgRet": 0.002958796920039228
  },
  "MCHI": {
    "std30": 0.013419706603535699,
    "avgRet": 0.00423282688225743
  },
  "EEM": {
    "std30": 0.007496174492754289,
    "avgRet": 0.0028564613493987606
  }
}