{
  "SPY": {
    "std30": 0.005149300359091418,
    "avgRet": 0.0008373172385295527
  },
  "QQQ": {
    "std30": 0.006743989145991294,
    "avgRet": 0.0008958737478674281
  },
  "IWM": {
    "std30": 0.011182342875398888,
    "avgRet": 0.0016455984738881252
  },
  "SOXX": {
    "std30": 0.013077644728491804,
    "avgRet": 0.0020778604736233918
  },
  "XLE": {
    "std30": 0.010683677894853567,
    "avgRet": 0.0021107380022633913
  },
  "NVDA": {
    "std30": 0.019415044086913594,
    "avgRet": -0.0006968102639998946
  },
  "TSM": {
    "std30": 0.018693751326932875,
    "avgRet": 0.005242236016231581
  },
  "ASML.AS": {
    "std30": 0.02229991885515969,
    "avgRet": 0.008121098093407105
  },
  "LMT": {
    "std30": 0.008434090675406883,
    "avgRet": 0.003415864120162589
  },
  "MCHI": {
    "std30": 0.013086209434096613,
    "avgRet": 0.0023334102066088444
  },
  "EEM": {
    "std30": 0.007058067551527093,
    "avgRet": 0.0017696201221916595
  }
}