{
  "SPY": {
    "std30": 0.008387068150700042,
    "avgRet": -0.0008835206492907741
  },
  "QQQ": {
    "std30": 0.010619857291172763,
    "avgRet": -0.00017789378376169334
  },
  "IWM": {
    "std30": 0.013404905245057842,
    "avgRet": -0.0010346495552430207
  },
  "SOXX": {
    "std30": 0.02262423917137836,
    "avgRet": 0.001211329704793586
  },
  "XLE": {
    "std30": 0.011374584307614559,
    "avgRet": 0.004497678399058515
  },
  "NVDA": {
    "std30": 0.024936639680191993,
    "avgRet": 0.0016134629127581013
  },
  "TSM": {
    "std30": 0.024841289350973437,
    "avgRet": 0.0011286940718244
  },
  "ASML.AS": {
    "std30": 0.02548081197057082,
    "avgRet": 0.0007266646646188537
  },
  "LMT": {
    "std30": 0.01591262173205853,
    "avgRet": 0.0016902720973827707
  },
  "MCHI": {
    "std30": 0.012810799282598689,
    "avgRet": -0.0018690856689339065
  },
  "EEM": {
    "std30": 0.01734686061080663,
    "avgRet": -0.00039052161738174535
  }
}