{
  "SPY": {
    "std30": 0.007857520187600843,
    "avgRet": -0.00048455669092253373
  },
  "QQQ": {
    "std30": 0.010478914036862224,
    "avgRet": -0.001297675242464246
  },
  "IWM": {
    "std30": 0.012013561666130124,
    "avgRet": 0.00011239828523639404
  },
  "SOXX": {
    "std30": 0.02076943151414762,
    "avgRet": 0.00292855928254701
  },
  "XLE": {
    "std30": 0.013379787476090166,
    "avgRet": 0.0058265228666715164
  },
  "NVDA": {
    "std30": 0.02353249604359228,
    "avgRet": 0.0015067356517690033
  },
  "TSM": {
    "std30": 0.022586907340373313,
    "avgRet": 0.004878372891278395
  },
  "ASML.AS": {
    "std30": 0.022751934651967776,
    "avgRet": 0.005449944660102348
  },
  "LMT": {
    "std30": 0.01709061024393081,
    "avgRet": 0.007013158664859336
  },
  "MCHI": {
    "std30": 0.012824900767898604,
    "avgRet": -0.0006316256037511502
  },
  "EEM": {
    "std30": 0.011142556831166878,
    "avgRet": 0.0027780112608016216
  }
}