{
  "SPY": {
    "std30": 0.008563277646926564,
    "avgRet": 0.0006280115821700087
  },
  "QQQ": {
    "std30": 0.012392604921055005,
    "avgRet": 0.0006902021154042971
  },
  "IWM": {
    "std30": 0.013484726170736686,
    "avgRet": 0.0004248628274770514
  },
  "SOXX": {
    "std30": 0.023076365790000962,
    "avgRet": 0.0019496474771254645
  },
  "XLE": {
    "std30": 0.01054035015657938,
    "avgRet": 0.001210993203912725
  },
  "NVDA": {
    "std30": 0.026558507475575654,
    "avgRet": 0.00011112812117060286
  },
  "TSM": {
    "std30": 0.01678989541600681,
    "avgRet": 0.00013252827944923727
  },
  "ASML.AS": {
    "std30": 0.02230413198585694,
    "avgRet": 0.0028743377915392467
  },
  "LMT": {
    "std30": 0.01323809530200755,
    "avgRet": -0.0028554454300846886
  },
  "MCHI": {
    "std30": 0.009847617867633385,
    "avgRet": -0.0011732648285806078
  },
  "EEM": {
    "std30": 0.008074837965162557,
    "avgRet": -0.0002753182964174016
  }
}