{
  "SPY": {
    "std30": 0.008920608153178322,
    "avgRet": -0.0024530122459010097
  },
  "QQQ": {
    "std30": 0.011251080446158673,
    "avgRet": -0.0022666984579181133
  },
  "IWM": {
    "std30": 0.012885980710523142,
    "avgRet": -0.0026392619384631197
  },
  "SOXX": {
    "std30": 0.021811424167767417,
    "avgRet": -0.002923976803646977
  },
  "XLE": {
    "std30": 0.010340235564057417,
    "avgRet": 0.004919709506669132
  },
  "NVDA": {
    "std30": 0.021997257163148667,
    "avgRet": -0.0027830164203950657
  },
  "TSM": {
    "std30": 0.025114539771552823,
    "avgRet": -0.0036230900889763066
  },
  "ASML.AS": {
    "std30": 0.02728966842313868,
    "avgRet": -0.002256138844266323
  },
  "LMT": {
    "std30": 0.015324388410319354,
    "avgRet": -0.001897328759729642
  },
  "MCHI": {
    "std30": 0.013614757618133222,
    "avgRet": -0.0032184526097854176
  },
  "EEM": {
    "std30": 0.01951695838278257,
    "avgRet": -0.0033212305846273722
  }
}