{
  "SPY": {
    "std30": 0.005217611441064381,
    "avgRet": 0.001651591554578322
  },
  "QQQ": {
    "std30": 0.006807837531254747,
    "avgRet": 0.0017468071463826566
  },
  "IWM": {
    "std30": 0.012526651396697784,
    "avgRet": 0.0036643472676409234
  },
  "SOXX": {
    "std30": 0.014309281907216491,
    "avgRet": 0.003800497388378502
  },
  "XLE": {
    "std30": 0.009924393803387574,
    "avgRet": 0.0014206598825104158
  },
  "NVDA": {
    "std30": 0.018721615677699185,
    "avgRet": 0.0004612550050828034
  },
  "TSM": {
    "std30": 0.017715762575693392,
    "avgRet": 0.0042564836185344825
  },
  "ASML.AS": {
    "std30": 0.022189569707037986,
    "avgRet": 0.010059467641135737
  },
  "LMT": {
    "std30": 0.009356423510548283,
    "avgRet": 0.0041728733194097345
  },
  "MCHI": {
    "std30": 0.013843341966177845,
    "avgRet": 0.0038318486502052574
  },
  "EEM": {
    "std30": 0.0074524401829002525,
    "avgRet": 0.0027009434126402127
  }
}