{
  "SPY": {
    "std30": 0.007234934159448008,
    "avgRet": -6.490850962145186e-05
  },
  "QQQ": {
    "std30": 0.010491959659291674,
    "avgRet": -0.0004437160711285706
  },
  "IWM": {
    "std30": 0.012341790327784928,
    "avgRet": -0.0007559947776816846
  },
  "SOXX": {
    "std30": 0.022840546454156452,
    "avgRet": -0.0005755826948824215
  },
  "XLE": {
    "std30": 0.013094245909864868,
    "avgRet": 0.00478798844917989
  },
  "NVDA": {
    "std30": 0.02552048858009124,
    "avgRet": 0.00010208932415574309
  },
  "TSM": {
    "std30": 0.022952605959755658,
    "avgRet": 0.0033776525169139054
  },
  "ASML.AS": {
    "std30": 0.02353269687951551,
    "avgRet": 0.0008661050766497786
  },
  "LMT": {
    "std30": 0.018854181257569987,
    "avgRet": 0.004259214483523169
  },
  "MCHI": {
    "std30": 0.011862489991917736,
    "avgRet": -0.0032728301887279113
  },
  "EEM": {
    "std30": 0.015041578580356181,
    "avgRet": 0.0002109529956799847
  }
}