{
  "SPY": {
    "std30": 0.004282410684595298,
    "avgRet": 0.0012097385254003557
  },
  "QQQ": {
    "std30": 0.005651243547769518,
    "avgRet": 0.0018216825126477851
  },
  "IWM": {
    "std30": 0.00849734872714293,
    "avgRet": 0.0013708559500745672
  },
  "SOXX": {
    "std30": 0.013380894223418803,
    "avgRet": 0.0040949540207643
  },
  "XLE": {
    "std30": 0.010984443787169899,
    "avgRet": 0.0002182560921094513
  },
  "NVDA": {
    "std30": 0.01892816393057316,
    "avgRet": 0.0008170881683014746
  },
  "TSM": {
    "std30": 0.01932698637860612,
    "avgRet": 0.007304692694851811
  },
  "ASML.AS": {
    "std30": 0.022793420316666656,
    "avgRet": 0.010044715492269618
  },
  "LMT": {
    "std30": 0.008593140422405362,
    "avgRet": 0.004063442068921944
  },
  "MCHI": {
    "std30": 0.012403480782123758,
    "avgRet": 0.0023058959993423967
  },
  "EEM": {
    "std30": 0.005740504363384131,
    "avgRet": 0.002541125958918797
  }
}