{
  "SPY": {
    "std30": 0.007913682965536456,
    "avgRet": 0.0003115641458600231
  },
  "QQQ": {
    "std30": 0.011254952890863817,
    "avgRet": -0.00033183441163332913
  },
  "IWM": {
    "std30": 0.013456544214422736,
    "avgRet": 0.0015153681262964481
  },
  "SOXX": {
    "std30": 0.022841806400371555,
    "avgRet": 0.0004947925160656295
  },
  "XLE": {
    "std30": 0.09404042537972225,
    "avgRet": -0.016491399214477665
  },
  "NVDA": {
    "std30": 0.022678635982438924,
    "avgRet": -0.0036725136853372332
  },
  "TSM": {
    "std30": 0.01785343601910184,
    "avgRet": -0.0005494612596308074
  },
  "ASML.AS": {
    "std30": 0.022240841452617288,
    "avgRet": 0.0020972764105905047
  },
  "LMT": {
    "std30": 0.01525674556327407,
    "avgRet": -0.0004900446436518576
  },
  "MCHI": {
    "std30": 0.009642113092434651,
    "avgRet": -0.001686754460309173
  },
  "EEM": {
    "std30": 0.008010330331537432,
    "avgRet": -0.0009480451916362134
  }
}