{
  "SPY": {
    "std30": 0.005374446967440313,
    "avgRet": 0.0016411064909580362
  },
  "QQQ": {
    "std30": 0.006990597565729034,
    "avgRet": 0.0016239792209578282
  },
  "IWM": {
    "std30": 0.011821276477666608,
    "avgRet": 0.0033822830462595646
  },
  "SOXX": {
    "std30": 0.013909209697999723,
    "avgRet": 0.0036499284450411413
  },
  "XLE": {
    "std30": 0.009495987226958328,
    "avgRet": 0.00213458974825533
  },
  "NVDA": {
    "std30": 0.01700969197412944,
    "avgRet": -0.0008738467424052464
  },
  "TSM": {
    "std30": 0.016431312314218512,
    "avgRet": 0.003200927339789146
  },
  "ASML.AS": {
    "std30": 0.022514767731690172,
    "avgRet": 0.009532171429810919
  },
  "LMT": {
    "std30": 0.00965014606967645,
    "avgRet": 0.003081302121848746
  },
  "MCHI": {
    "std30": 0.013994652210178088,
    "avgRet": 0.0037037405876114513
  },
  "EEM": {
    "std30": 0.007565422819200411,
    "avgRet": 0.0023870599932845444
  }
}