{
  "SPY": {
    "std30": 0.0066486980826945905,
    "avgRet": 0.0001005892557284763
  },
  "QQQ": {
    "std30": 0.009188730487972552,
    "avgRet": -0.00027252479485567174
  },
  "IWM": {
    "std30": 0.009436833012262502,
    "avgRet": 0.0017447606008795227
  },
  "SOXX": {
    "std30": 0.020003324185744888,
    "avgRet": 0.003274750705159284
  },
  "XLE": {
    "std30": 0.015306673094295153,
    "avgRet": 0.0028485452864081455
  },
  "NVDA": {
    "std30": 0.019640164367496625,
    "avgRet": 0.0009757134396894541
  },
  "TSM": {
    "std30": 0.022718058069113332,
    "avgRet": 0.0029116555092373662
  },
  "ASML.AS": {
    "std30": 0.030319418806379003,
    "avgRet": 0.007590854336290514
  },
  "LMT": {
    "std30": 0.018825020161183648,
    "avgRet": 0.008205947867294285
  },
  "MCHI": {
    "std30": 0.012852163035904026,
    "avgRet": 0.00045917135069123617
  },
  "EEM": {
    "std30": 0.009727174635100462,
    "avgRet": 0.0021610661453057797
  }
}