{
  "SPY": {
    "std30": 0.00843164333242769,
    "avgRet": -0.0018170545321278704
  },
  "QQQ": {
    "std30": 0.010536384533605902,
    "avgRet": -0.0013621337350318698
  },
  "IWM": {
    "std30": 0.013068503210477951,
    "avgRet": -0.002331950123358284
  },
  "SOXX": {
    "std30": 0.020808445815230055,
    "avgRet": -0.001246504444300691
  },
  "XLE": {
    "std30": 0.011011710086917741,
    "avgRet": 0.0037646684235717845
  },
  "NVDA": {
    "std30": 0.020695248129242214,
    "avgRet": -0.002391857125122228
  },
  "TSM": {
    "std30": 0.02353543520826565,
    "avgRet": -0.0013985899017649175
  },
  "ASML.AS": {
    "std30": 0.025908743194539927,
    "avgRet": -0.0011215940404307044
  },
  "LMT": {
    "std30": 0.015008004765159004,
    "avgRet": -0.0005881982823921973
  },
  "MCHI": {
    "std30": 0.012629994366793497,
    "avgRet": -0.0036187059455799263
  },
  "EEM": {
    "std30": 0.018589291034720706,
    "avgRet": -0.0017064354319328559
  }
}