{
  "SPY": {
    "std30": 0.006702268633088322,
    "avgRet": 0.001175917985834473
  },
  "QQQ": {
    "std30": 0.010050517150514695,
    "avgRet": 0.0010995804614199103
  },
  "IWM": {
    "std30": 0.01161545283398876,
    "avgRet": 0.001918265986441606
  },
  "SOXX": {
    "std30": 0.020843128969953665,
    "avgRet": 0.003135210813998341
  },
  "XLE": {
    "std30": 0.01144998296796146,
    "avgRet": -0.00024731256529014945
  },
  "NVDA": {
    "std30": 0.01976015818936211,
    "avgRet": 0.0011985378053804457
  },
  "TSM": {
    "std30": 0.01793841432046085,
    "avgRet": 0.0032311087505982653
  },
  "ASML.AS": {
    "std30": 0.02371294448537906,
    "avgRet": 0.0024767116352141317
  },
  "LMT": {
    "std30": 0.01361678955472445,
    "avgRet": 0.0007800125255904528
  },
  "MCHI": {
    "std30": 0.009137195804106314,
    "avgRet": -0.0012476522184655479
  },
  "EEM": {
    "std30": 0.007469751032529284,
    "avgRet": 0.000480377711029765
  }
}