{
  "SPY": {
    "std30": 0.005506723046573129,
    "avgRet": 0.0007475223815616544
  },
  "QQQ": {
    "std30": 0.00725866217457871,
    "avgRet": 0.0015133952925436346
  },
  "IWM": {
    "std30": 0.009451204351372332,
    "avgRet": 0.0007572406089802455
  },
  "SOXX": {
    "std30": 0.01605622650735431,
    "avgRet": 0.004363986446297725
  },
  "XLE": {
    "std30": 0.011522455101127253,
    "avgRet": -0.0017151327517672791
  },
  "NVDA": {
    "std30": 0.019161067030116642,
    "avgRet": 0.0026635471035872595
  },
  "TSM": {
    "std30": 0.021914725172028207,
    "avgRet": 0.00744601326047033
  },
  "ASML.AS": {
    "std30": 0.024196482679121136,
    "avgRet": 0.008740213516525475
  },
  "LMT": {
    "std30": 0.009049719344474119,
    "avgRet": 0.003912262437353087
  },
  "MCHI": {
    "std30": 0.015331846956503983,
    "avgRet": 0.000311309487553868
  },
  "EEM": {
    "std30": 0.008871449146189907,
    "avgRet": 0.0015913556547252849
  }
}