{
  "SPY": {
    "std30": 0.007937198333218272,
    "avgRet": -0.0005545795533871249
  },
  "QQQ": {
    "std30": 0.0105423292144527,
    "avgRet": -0.001362810789537705
  },
  "IWM": {
    "std30": 0.012024915799557478,
    "avgRet": 0.00010392778408245205
  },
  "SOXX": {
    "std30": 0.02070802296316973,
    "avgRet": 0.0030331309846769153
  },
  "XLE": {
    "std30": 0.013376198999543693,
    "avgRet": 0.005859573032550672
  },
  "NVDA": {
    "std30": 0.023526844992279104,
    "avgRet": 0.0014903862245439397
  },
  "TSM": {
    "std30": 0.022587436461686584,
    "avgRet": 0.004876511674750048
  },
  "ASML.AS": {
    "std30": 0.022773665774098836,
    "avgRet": 0.005574070295894269
  },
  "LMT": {
    "std30": 0.017101588453809793,
    "avgRet": 0.006930128900915305
  },
  "MCHI": {
    "std30": 0.012840980183396931,
    "avgRet": -0.0007390133129452359
  },
  "EEM": {
    "std30": 0.01125072796112708,
    "avgRet": 0.0026839774307484067
  }
}