{
  "SPY": {
    "std30": 0.00764102549141038,
    "avgRet": 0.0013934508992870386
  },
  "QQQ": {
    "std30": 0.010279303306385759,
    "avgRet": 0.002306043703772597
  },
  "IWM": {
    "std30": 0.012928320671261345,
    "avgRet": 0.00162249310737367
  },
  "SOXX": {
    "std30": 0.022472565118647255,
    "avgRet": 0.005731598688708306
  },
  "XLE": {
    "std30": 0.011258656141250167,
    "avgRet": -0.0007877665715371989
  },
  "NVDA": {
    "std30": 0.020802898070611666,
    "avgRet": 0.004568686923789449
  },
  "TSM": {
    "std30": 0.02752981415960934,
    "avgRet": 0.004591946679862031
  },
  "ASML.AS": {
    "std30": 0.023524761279034495,
    "avgRet": 0.006864824627569046
  },
  "LMT": {
    "std30": 0.010995029234107615,
    "avgRet": 0.0011972567817189186
  },
  "MCHI": {
    "std30": 0.016069883974004166,
    "avgRet": -0.00036960108409717275
  },
  "EEM": {
    "std30": 0.011408156173043717,
    "avgRet": 0.0014411804491291666
  }
}