{
  "SPY": {
    "std30": 0.008868696833314387,
    "avgRet": 0.0005664835733137804
  },
  "QQQ": {
    "std30": 0.01262518919476837,
    "avgRet": 0.00047959469226079547
  },
  "IWM": {
    "std30": 0.014315073853655245,
    "avgRet": -0.000624621139890836
  },
  "SOXX": {
    "std30": 0.022728964357144523,
    "avgRet": -0.00023779824957647806
  },
  "XLE": {
    "std30": 0.010271185288092746,
    "avgRet": 0.0009561954875410006
  },
  "NVDA": {
    "std30": 0.02612868089467951,
    "avgRet": -6.0492563668292234e-05
  },
  "TSM": {
    "std30": 0.01658309846591205,
    "avgRet": -0.0021488447095836757
  },
  "ASML.AS": {
    "std30": 0.020337376954175156,
    "avgRet": 4.09573423360393e-05
  },
  "LMT": {
    "std30": 0.012854546654947617,
    "avgRet": -0.003314673092101918
  },
  "MCHI": {
    "std30": 0.010666549369087331,
    "avgRet": -0.0005388395039280216
  },
  "EEM": {
    "std30": 0.008855298211580067,
    "avgRet": 1.5460604654741693e-05
  }
}