{
  "SPY": {
    "std30": 0.007698577876916921,
    "avgRet": -0.00019758624891342874
  },
  "QQQ": {
    "std30": 0.010389598210412718,
    "avgRet": -0.0008379285541310334
  },
  "IWM": {
    "std30": 0.011741664287386867,
    "avgRet": 0.0007748015035315127
  },
  "SOXX": {
    "std30": 0.021123275278876606,
    "avgRet": 0.003964174796605399
  },
  "XLE": {
    "std30": 0.013476359791058582,
    "avgRet": 0.005688203532522578
  },
  "NVDA": {
    "std30": 0.023448636587893996,
    "avgRet": 0.0006021141395749592
  },
  "TSM": {
    "std30": 0.022272124251036595,
    "avgRet": 0.004888496784272236
  },
  "ASML.AS": {
    "std30": 0.025439492706227935,
    "avgRet": 0.007381631172603422
  },
  "LMT": {
    "std30": 0.018728840985602725,
    "avgRet": 0.008366435932373984
  },
  "MCHI": {
    "std30": 0.012824863964177872,
    "avgRet": -0.0010171046307003333
  },
  "EEM": {
    "std30": 0.01041337523860798,
    "avgRet": 0.0027548235401407446
  }
}