{
  "SPY": {
    "std30": 0.008441666937520914,
    "avgRet": 0.0004616164559405611
  },
  "QQQ": {
    "std30": 0.012246527381597285,
    "avgRet": 0.000537741048372323
  },
  "IWM": {
    "std30": 0.013403623656065036,
    "avgRet": 0.00026878294244956665
  },
  "SOXX": {
    "std30": 0.022925584566202913,
    "avgRet": 0.0017991233436054814
  },
  "XLE": {
    "std30": 0.0941137775828021,
    "avgRet": -0.015671877087251755
  },
  "NVDA": {
    "std30": 0.026494321985804054,
    "avgRet": -0.00038275695530903245
  },
  "TSM": {
    "std30": 0.016402689122696493,
    "avgRet": 0.00010180073622915674
  },
  "ASML.AS": {
    "std30": 0.02270037773046173,
    "avgRet": 0.0023994944599699357
  },
  "LMT": {
    "std30": 0.013404297479304895,
    "avgRet": -0.0023531334174476605
  },
  "MCHI": {
    "std30": 0.010022963730385987,
    "avgRet": -0.0009543670409169576
  },
  "EEM": {
    "std30": 0.008102189455831797,
    "avgRet": -0.00019427931946715415
  }
}