{
  "SPY": {
    "std30": 0.007820168784802939,
    "avgRet": 2.5583416253988654e-05
  },
  "QQQ": {
    "std30": 0.010533648704708324,
    "avgRet": -0.0006002228258229684
  },
  "IWM": {
    "std30": 0.011711742105350146,
    "avgRet": 0.0009025154243488877
  },
  "SOXX": {
    "std30": 0.021145358073732617,
    "avgRet": 0.004276209651480123
  },
  "XLE": {
    "std30": 0.013389138574137243,
    "avgRet": 0.005778816073298224
  },
  "NVDA": {
    "std30": 0.023484637127170235,
    "avgRet": 0.0011425703617033798
  },
  "TSM": {
    "std30": 0.022676199120416334,
    "avgRet": 0.005532435199647913
  },
  "ASML.AS": {
    "std30": 0.025432477194898145,
    "avgRet": 0.007486337101393462
  },
  "LMT": {
    "std30": 0.018646448496763047,
    "avgRet": 0.008434727843041955
  },
  "MCHI": {
    "std30": 0.012824881660769632,
    "avgRet": -0.0006309340796122408
  },
  "EEM": {
    "std30": 0.010939305994109572,
    "avgRet": 0.0032293569156548233
  }
}