{
  "SPY": {
    "std30": 0.006365471868188573,
    "avgRet": -0.00016238167561878
  },
  "QQQ": {
    "std30": 0.00874115293109773,
    "avgRet": -0.0007580088791189133
  },
  "IWM": {
    "std30": 0.008845623898704795,
    "avgRet": 0.0017676494908682192
  },
  "SOXX": {
    "std30": 0.019515225966858046,
    "avgRet": 0.0034938898171161152
  },
  "XLE": {
    "std30": 0.015226872809540546,
    "avgRet": 0.002826622723036599
  },
  "NVDA": {
    "std30": 0.01868861026062187,
    "avgRet": -0.0008216927478404623
  },
  "TSM": {
    "std30": 0.02266291400017901,
    "avgRet": 0.003028305134783938
  },
  "ASML.AS": {
    "std30": 0.029811325533915987,
    "avgRet": 0.006728732115110247
  },
  "LMT": {
    "std30": 0.01858552889334626,
    "avgRet": 0.00796265797695067
  },
  "MCHI": {
    "std30": 0.012984560607813934,
    "avgRet": 4.1903626961927045e-05
  },
  "EEM": {
    "std30": 0.009645053425050667,
    "avgRet": 0.0021352325301621502
  }
}