{
  "SPY": {
    "std30": 0.0081821525172786,
    "avgRet": -0.0002899622263959096
  },
  "QQQ": {
    "std30": 0.011658334233132714,
    "avgRet": -0.0012239693126846053
  },
  "IWM": {
    "std30": 0.013523435472124357,
    "avgRet": 0.0004095985463969253
  },
  "SOXX": {
    "std30": 0.023132873297920263,
    "avgRet": -0.002128683839156684
  },
  "XLE": {
    "std30": 0.09428259913101027,
    "avgRet": -0.016277314851502977
  },
  "NVDA": {
    "std30": 0.023457230376488496,
    "avgRet": -0.004286396201404524
  },
  "TSM": {
    "std30": 0.018921952520720382,
    "avgRet": -0.001836390699559397
  },
  "ASML.AS": {
    "std30": 0.024674168937041056,
    "avgRet": -0.0006398163449660193
  },
  "LMT": {
    "std30": 0.014533254515139092,
    "avgRet": 0.0002361320913683516
  },
  "MCHI": {
    "std30": 0.009333952385875366,
    "avgRet": -0.002154861976071069
  },
  "EEM": {
    "std30": 0.008030040455291649,
    "avgRet": -0.0015779247889577007
  }
}