{
  "SPY": {
    "std30": 0.006398248495465496,
    "avgRet": 0.0007178113075625131
  },
  "QQQ": {
    "std30": 0.008598541041120981,
    "avgRet": 0.001009223654453738
  },
  "IWM": {
    "std30": 0.009338319276856532,
    "avgRet": 0.0014701851787987798
  },
  "SOXX": {
    "std30": 0.017854961749437584,
    "avgRet": 0.005673411128329642
  },
  "XLE": {
    "std30": 0.014971239190206506,
    "avgRet": 0.00342590449406612
  },
  "NVDA": {
    "std30": 0.01833662282374477,
    "avgRet": 0.002750922864472703
  },
  "TSM": {
    "std30": 0.02081573857623221,
    "avgRet": 0.005289980223734395
  },
  "ASML.AS": {
    "std30": 0.02909054816121762,
    "avgRet": 0.010703556464634435
  },
  "LMT": {
    "std30": 0.01944854479762417,
    "avgRet": 0.0075790119331109575
  },
  "MCHI": {
    "std30": 0.012930638303829975,
    "avgRet": 0.0010804536774932055
  },
  "EEM": {
    "std30": 0.009758702388673294,
    "avgRet": 0.003739081575160529
  }
}