{
  "SPY": {
    "std30": 0.005988541455178754,
    "avgRet": 0.00021223020078817636
  },
  "QQQ": {
    "std30": 0.008225734715694625,
    "avgRet": -0.0004510658179526802
  },
  "IWM": {
    "std30": 0.009111584424497837,
    "avgRet": 0.001285460349731974
  },
  "SOXX": {
    "std30": 0.0191044655789404,
    "avgRet": 0.0038015851606143206
  },
  "XLE": {
    "std30": 0.014178180699908073,
    "avgRet": 0.005841668826122448
  },
  "NVDA": {
    "std30": 0.017103254997279726,
    "avgRet": -0.0011248213761207763
  },
  "TSM": {
    "std30": 0.02092465856090891,
    "avgRet": 0.004324206983080635
  },
  "ASML.AS": {
    "std30": 0.028677089150714104,
    "avgRet": 0.00957575114555267
  },
  "LMT": {
    "std30": 0.02103568991604329,
    "avgRet": 0.008339669708423845
  },
  "MCHI": {
    "std30": 0.013679682935573216,
    "avgRet": -0.00010325294021881855
  },
  "EEM": {
    "std30": 0.009625089127533213,
    "avgRet": 0.003417392833256215
  }
}