{
  "SPY": {
    "std30": 0.00809655667398911,
    "avgRet": 0.0004981640033558062
  },
  "QQQ": {
    "std30": 0.011728776611017804,
    "avgRet": 0.0004607346055396749
  },
  "IWM": {
    "std30": 0.0130990045455821,
    "avgRet": 0.0013503116303955121
  },
  "SOXX": {
    "std30": 0.02361538549925531,
    "avgRet": 0.0009615516940367927
  },
  "XLE": {
    "std30": 0.0940234131546178,
    "avgRet": -0.017601298202406416
  },
  "NVDA": {
    "std30": 0.024213254417833646,
    "avgRet": -0.0010919535738932336
  },
  "TSM": {
    "std30": 0.019715544365634382,
    "avgRet": 0.0005580747298793814
  },
  "ASML.AS": {
    "std30": 0.024982265157548013,
    "avgRet": 0.0016124575346195289
  },
  "LMT": {
    "std30": 0.01392709572612221,
    "avgRet": 0.001202386274775432
  },
  "MCHI": {
    "std30": 0.009531254405523687,
    "avgRet": -0.001634824135333488
  },
  "EEM": {
    "std30": 0.008547418687974507,
    "avgRet": -0.00047400609261027195
  }
}