{
  "SPY": {
    "std30": 0.007934403408356366,
    "avgRet": 0.00021379891715270886
  },
  "QQQ": {
    "std30": 0.01124828645432969,
    "avgRet": -0.0003583795954897922
  },
  "IWM": {
    "std30": 0.013561365361103224,
    "avgRet": 0.001307319092424151
  },
  "SOXX": {
    "std30": 0.022873829436086172,
    "avgRet": 0.00024717296152627097
  },
  "XLE": {
    "std30": 0.09407649112876132,
    "avgRet": -0.016930159697037886
  },
  "NVDA": {
    "std30": 0.022718190563548794,
    "avgRet": -0.003590360649880375
  },
  "TSM": {
    "std30": 0.017855548632398032,
    "avgRet": -0.0006980628467916323
  },
  "ASML.AS": {
    "std30": 0.02236541645721984,
    "avgRet": 0.0017476369228202786
  },
  "LMT": {
    "std30": 0.015220473115086118,
    "avgRet": -0.0004550009582776665
  },
  "MCHI": {
    "std30": 0.009603708615295324,
    "avgRet": -0.0016669270157268815
  },
  "EEM": {
    "std30": 0.008188837227892943,
    "avgRet": -0.001024560188575613
  }
}