{
  "SPY": {
    "std30": 0.008226044427470075,
    "avgRet": -3.34521975135179e-05
  },
  "QQQ": {
    "std30": 0.01180532400642217,
    "avgRet": -0.0009670598131033528
  },
  "IWM": {
    "std30": 0.013803667958606653,
    "avgRet": 0.0011939499464765873
  },
  "SOXX": {
    "std30": 0.02400584800774718,
    "avgRet": -0.0006130862642379345
  },
  "XLE": {
    "std30": 0.09403916050995668,
    "avgRet": -0.016324569935754527
  },
  "NVDA": {
    "std30": 0.02363048796379306,
    "avgRet": -0.005109914912092022
  },
  "TSM": {
    "std30": 0.01882379252946016,
    "avgRet": -0.0013353651993324436
  },
  "ASML.AS": {
    "std30": 0.023259340722930795,
    "avgRet": 0.0009740503196546536
  },
  "LMT": {
    "std30": 0.014910070174530528,
    "avgRet": -0.0005506197339467322
  },
  "MCHI": {
    "std30": 0.009135582503612483,
    "avgRet": -0.0013088745894520772
  },
  "EEM": {
    "std30": 0.008036510256515035,
    "avgRet": -0.0007803720950207752
  }
}