{
  "SPY": {
    "std30": 0.008220601483986057,
    "avgRet": -0.0019372127794762808
  },
  "QQQ": {
    "std30": 0.01041550307681418,
    "avgRet": -0.0014563294987107007
  },
  "IWM": {
    "std30": 0.012650151126667737,
    "avgRet": -0.0025255615168193477
  },
  "SOXX": {
    "std30": 0.0206787098712054,
    "avgRet": -0.0014093203927969264
  },
  "XLE": {
    "std30": 0.01100067922165892,
    "avgRet": 0.0037152495316014823
  },
  "NVDA": {
    "std30": 0.020573437449955306,
    "avgRet": -0.002506666541491063
  },
  "TSM": {
    "std30": 0.023512200531493898,
    "avgRet": -0.001416394752225122
  },
  "ASML.AS": {
    "std30": 0.02586202114900323,
    "avgRet": -0.001149866106712998
  },
  "LMT": {
    "std30": 0.015341457297513789,
    "avgRet": -0.001097940542416256
  },
  "MCHI": {
    "std30": 0.012589929067357227,
    "avgRet": -0.0036624261611830442
  },
  "EEM": {
    "std30": 0.018594758746721007,
    "avgRet": -0.001703336693739045
  }
}