{
  "SPY": {
    "std30": 0.008775139647220138,
    "avgRet": 0.0007596250467287773
  },
  "QQQ": {
    "std30": 0.012588056928530097,
    "avgRet": 0.0009402361903529981
  },
  "IWM": {
    "std30": 0.01323113020079041,
    "avgRet": 3.091376656295319e-05
  },
  "SOXX": {
    "std30": 0.0252351384366625,
    "avgRet": 0.0024451212981063102
  },
  "XLE": {
    "std30": 0.010665643094902047,
    "avgRet": 0.0007540157560173317
  },
  "NVDA": {
    "std30": 0.026361579150759283,
    "avgRet": 0.001220546066840304
  },
  "TSM": {
    "std30": 0.026870944169366844,
    "avgRet": 0.0006451546432101789
  },
  "ASML.AS": {
    "std30": 0.021315826042195785,
    "avgRet": 0.0004584274240446794
  },
  "LMT": {
    "std30": 0.012052151418829598,
    "avgRet": -0.0029785273781744543
  },
  "MCHI": {
    "std30": 0.015893363733204425,
    "avgRet": -0.001138908718077781
  },
  "EEM": {
    "std30": 0.012477465930033974,
    "avgRet": 0.0010257338852032172
  }
}