{
  "SPY": {
    "std30": 0.005231421600760054,
    "avgRet": 0.000339601219396962
  },
  "QQQ": {
    "std30": 0.007966890603968518,
    "avgRet": -0.00020732536408586065
  },
  "IWM": {
    "std30": 0.009042518603637409,
    "avgRet": 0.00214758103138374
  },
  "SOXX": {
    "std30": 0.019429650058663206,
    "avgRet": 0.003017575259471129
  },
  "XLE": {
    "std30": 0.015015460817218603,
    "avgRet": 0.0025583486091298765
  },
  "NVDA": {
    "std30": 0.01744547705602082,
    "avgRet": 0.00010589044215556816
  },
  "TSM": {
    "std30": 0.01982258363358283,
    "avgRet": 0.00413313087361058
  },
  "ASML.AS": {
    "std30": 0.028958986788176145,
    "avgRet": 0.004869843255941431
  },
  "LMT": {
    "std30": 0.018413961584782233,
    "avgRet": 0.00832760122118496
  },
  "MCHI": {
    "std30": 0.01250435464734533,
    "avgRet": 0.0006790604469263078
  },
  "EEM": {
    "std30": 0.009182417155702264,
    "avgRet": 0.002041052088319391
  }
}