{
  "SPY": {
    "std30": 0.007701830984721112,
    "avgRet": 0.0002832632782583427
  },
  "QQQ": {
    "std30": 0.01103857470781081,
    "avgRet": 0.00010278752958904768
  },
  "IWM": {
    "std30": 0.01320930853738875,
    "avgRet": 0.0011686608191126986
  },
  "SOXX": {
    "std30": 0.022755160216021253,
    "avgRet": 0.001378062160692082
  },
  "XLE": {
    "std30": 0.09389027786280635,
    "avgRet": -0.018074867670599737
  },
  "NVDA": {
    "std30": 0.021852073314692046,
    "avgRet": -0.0005109821703596162
  },
  "TSM": {
    "std30": 0.018958118709789924,
    "avgRet": 0.0008708720361735235
  },
  "ASML.AS": {
    "std30": 0.02447758432797743,
    "avgRet": 0.0015643069781089655
  },
  "LMT": {
    "std30": 0.013987649753857523,
    "avgRet": 0.0019806723615103344
  },
  "MCHI": {
    "std30": 0.008951757675829732,
    "avgRet": -0.002108607681308008
  },
  "EEM": {
    "std30": 0.007955277929139694,
    "avgRet": -0.0007630756164002144
  }
}