{
  "SPY": {
    "std30": 0.007420109569182256,
    "avgRet": 0.00021294398623469536
  },
  "QQQ": {
    "std30": 0.009979868348975404,
    "avgRet": -0.00048360282822412017
  },
  "IWM": {
    "std30": 0.011817006511537095,
    "avgRet": 0.002122994124108389
  },
  "SOXX": {
    "std30": 0.02254819423418513,
    "avgRet": 0.005156750995813884
  },
  "XLE": {
    "std30": 0.014876361773791454,
    "avgRet": 0.006803519477844361
  },
  "NVDA": {
    "std30": 0.02317468746098465,
    "avgRet": 0.00016670773513554596
  },
  "TSM": {
    "std30": 0.023655384034804192,
    "avgRet": 0.005803064620717202
  },
  "ASML.AS": {
    "std30": 0.030667438153650174,
    "avgRet": 0.01038240569578653
  },
  "LMT": {
    "std30": 0.022082133810467405,
    "avgRet": 0.009892944177217878
  },
  "MCHI": {
    "std30": 0.014517199976024079,
    "avgRet": 0.0004929036506718675
  },
  "EEM": {
    "std30": 0.011090001036668832,
    "avgRet": 0.003482830356914768
  }
}