{
  "SPY": {
    "std30": 0.004977727812302754,
    "avgRet": 0.0017935880509707977
  },
  "QQQ": {
    "std30": 0.005803435946738721,
    "avgRet": 0.002524818932634469
  },
  "IWM": {
    "std30": 0.010909612144509508,
    "avgRet": 0.0027129825177423317
  },
  "SOXX": {
    "std30": 0.012085751039371706,
    "avgRet": 0.005269261635032799
  },
  "XLE": {
    "std30": 0.011446438332586014,
    "avgRet": 0.0008724460356950905
  },
  "NVDA": {
    "std30": 0.019060228332321807,
    "avgRet": 0.002825257418917233
  },
  "TSM": {
    "std30": 0.017502942366825185,
    "avgRet": 0.008350593188638388
  },
  "ASML.AS": {
    "std30": 0.021719937099760417,
    "avgRet": 0.011914011194118761
  },
  "LMT": {
    "std30": 0.008304941528371648,
    "avgRet": 0.003844541454115345
  },
  "MCHI": {
    "std30": 0.012651310983635235,
    "avgRet": 0.003884364754986367
  },
  "EEM": {
    "std30": 0.006518261785711743,
    "avgRet": 0.0029724248927160165
  }
}