{
  "SPY": {
    "std30": 0.006783914507157853,
    "avgRet": 0.0011234914484093857
  },
  "QQQ": {
    "std30": 0.010224352264259155,
    "avgRet": 0.0009508089877876814
  },
  "IWM": {
    "std30": 0.011490191338770933,
    "avgRet": 0.002263225052797011
  },
  "SOXX": {
    "std30": 0.021248290223961727,
    "avgRet": 0.0027308427530923526
  },
  "XLE": {
    "std30": 0.011534354850846891,
    "avgRet": 0.00022711206074559878
  },
  "NVDA": {
    "std30": 0.020471638488030346,
    "avgRet": 0.0004090884055207855
  },
  "TSM": {
    "std30": 0.018099740007242238,
    "avgRet": 0.0022658213898626624
  },
  "ASML.AS": {
    "std30": 0.023941227091593274,
    "avgRet": 0.0020094771734513613
  },
  "LMT": {
    "std30": 0.013585861222873878,
    "avgRet": 0.0013462709071218317
  },
  "MCHI": {
    "std30": 0.009107894027017529,
    "avgRet": -0.0011778186250315313
  },
  "EEM": {
    "std30": 0.007530214520324846,
    "avgRet": 0.00040326079748133874
  }
}