{
  "SPY": {
    "std30": 0.00827473397175181,
    "avgRet": -0.0017237232016613876
  },
  "QQQ": {
    "std30": 0.010524336925073558,
    "avgRet": -0.0013957550532613784
  },
  "IWM": {
    "std30": 0.012693683989548524,
    "avgRet": -0.0014154755257515163
  },
  "SOXX": {
    "std30": 0.02133027411302542,
    "avgRet": -0.0018466832442505204
  },
  "XLE": {
    "std30": 0.010159284981465426,
    "avgRet": 0.004630152637595261
  },
  "NVDA": {
    "std30": 0.02165300367483072,
    "avgRet": -0.0025819793235779503
  },
  "TSM": {
    "std30": 0.024543948112163944,
    "avgRet": -0.0036221239386134895
  },
  "ASML.AS": {
    "std30": 0.02693925125258642,
    "avgRet": -0.0015012591287877658
  },
  "LMT": {
    "std30": 0.015665909288983357,
    "avgRet": -0.0004983251874932265
  },
  "MCHI": {
    "std30": 0.013479332448600051,
    "avgRet": -0.0031384963838994337
  },
  "EEM": {
    "std30": 0.01932130955451713,
    "avgRet": -0.002846930152584319
  }
}