{
  "SPY": {
    "std30": 0.00877476223157357,
    "avgRet": 0.00046747964564233324
  },
  "QQQ": {
    "std30": 0.012577897405325417,
    "avgRet": 0.00035423599544423247
  },
  "IWM": {
    "std30": 0.014192611983458113,
    "avgRet": -0.0007036770683667799
  },
  "SOXX": {
    "std30": 0.022746909746850064,
    "avgRet": -0.0005665249368165259
  },
  "XLE": {
    "std30": 0.010306116730978547,
    "avgRet": 0.0009117240594667694
  },
  "NVDA": {
    "std30": 0.02662648601215342,
    "avgRet": -0.000462838637960644
  },
  "TSM": {
    "std30": 0.0166549537487721,
    "avgRet": -0.0026146478535428977
  },
  "ASML.AS": {
    "std30": 0.020139976131461828,
    "avgRet": -0.0002454622831855717
  },
  "LMT": {
    "std30": 0.01280122473035097,
    "avgRet": -0.0034629827443081415
  },
  "MCHI": {
    "std30": 0.010676949126279728,
    "avgRet": -0.0005137955378542485
  },
  "EEM": {
    "std30": 0.008841539227926189,
    "avgRet": -5.201404415577543e-05
  }
}