{
  "SPY": {
    "std30": 0.006695064174343922,
    "avgRet": 0.0001109032705028666
  },
  "QQQ": {
    "std30": 0.0091093104241086,
    "avgRet": -0.00040442535117758834
  },
  "IWM": {
    "std30": 0.009452682198807133,
    "avgRet": 0.0022962240336676623
  },
  "SOXX": {
    "std30": 0.01998843545087153,
    "avgRet": 0.003895600922434955
  },
  "XLE": {
    "std30": 0.015257894711478311,
    "avgRet": 0.0028483555541000587
  },
  "NVDA": {
    "std30": 0.019375227420938147,
    "avgRet": -0.0002349417026296518
  },
  "TSM": {
    "std30": 0.02268603861225341,
    "avgRet": 0.002916580828212441
  },
  "ASML.AS": {
    "std30": 0.029996440432239296,
    "avgRet": 0.007155453230108336
  },
  "LMT": {
    "std30": 0.018659453481896814,
    "avgRet": 0.008160200857421694
  },
  "MCHI": {
    "std30": 0.013146329936843872,
    "avgRet": 0.00023207618058779437
  },
  "EEM": {
    "std30": 0.009827092959724846,
    "avgRet": 0.002273620847781392
  }
}