{
  "SPY": {
    "std30": 0.007669844502016791,
    "avgRet": 0.00020539230709705242
  },
  "QQQ": {
    "std30": 0.011009741074677247,
    "avgRet": -0.00015777097367156444
  },
  "IWM": {
    "std30": 0.013125718449395835,
    "avgRet": 0.0013927764360137115
  },
  "SOXX": {
    "std30": 0.02317230825532008,
    "avgRet": 0.00045267881524050865
  },
  "XLE": {
    "std30": 0.09396809302348881,
    "avgRet": -0.017811656633027428
  },
  "NVDA": {
    "std30": 0.021727244359570734,
    "avgRet": -0.002535647880268338
  },
  "TSM": {
    "std30": 0.01895955713108601,
    "avgRet": -0.00010957401736490761
  },
  "ASML.AS": {
    "std30": 0.02468360725190508,
    "avgRet": 0.0008675446641208098
  },
  "LMT": {
    "std30": 0.01405852804153542,
    "avgRet": 0.002413107123001579
  },
  "MCHI": {
    "std30": 0.008940710476973071,
    "avgRet": -0.00205481402421309
  },
  "EEM": {
    "std30": 0.007871379400273456,
    "avgRet": -0.0009173563187602935
  }
}