{
  "SPY": {
    "std30": 0.00802133955002423,
    "avgRet": -0.001278497303345834
  },
  "QQQ": {
    "std30": 0.011231750294801696,
    "avgRet": -0.0016342594526695723
  },
  "IWM": {
    "std30": 0.013427111403754851,
    "avgRet": -0.0018985146192998343
  },
  "SOXX": {
    "std30": 0.025211490889588812,
    "avgRet": -0.0026478020149613138
  },
  "XLE": {
    "std30": 0.01411181133134388,
    "avgRet": 0.004904748454050166
  },
  "NVDA": {
    "std30": 0.026499387552946434,
    "avgRet": -0.0013091621087716562
  },
  "TSM": {
    "std30": 0.026200028340313968,
    "avgRet": 0.0002577405436755668
  },
  "ASML.AS": {
    "std30": 0.026741956260536656,
    "avgRet": -0.002092553165318591
  },
  "LMT": {
    "std30": 0.017853013380607477,
    "avgRet": 0.0018626156103103296
  },
  "MCHI": {
    "std30": 0.013028799752914736,
    "avgRet": -0.0035752202851405987
  },
  "EEM": {
    "std30": 0.016521958552261618,
    "avgRet": -0.0018040281543303623
  }
}