{
  "SPY": {
    "std30": 0.0053061157584267495,
    "avgRet": 0.001240672587932046
  },
  "QQQ": {
    "std30": 0.007797139325543732,
    "avgRet": 0.0012620983771591285
  },
  "IWM": {
    "std30": 0.010056302769050361,
    "avgRet": 0.0021842134191458213
  },
  "SOXX": {
    "std30": 0.01920853428229059,
    "avgRet": 0.004884374486438782
  },
  "XLE": {
    "std30": 0.013809882473797991,
    "avgRet": 0.0007926718884398423
  },
  "NVDA": {
    "std30": 0.017946830590190973,
    "avgRet": 0.0015432451140963833
  },
  "TSM": {
    "std30": 0.01938773875900554,
    "avgRet": 0.004196025004694534
  },
  "ASML.AS": {
    "std30": 0.026834741913391854,
    "avgRet": 0.007800084463441676
  },
  "LMT": {
    "std30": 0.014241899062075826,
    "avgRet": 0.005502528235567107
  },
  "MCHI": {
    "std30": 0.010749231981056094,
    "avgRet": 9.154483500398062e-05
  },
  "EEM": {
    "std30": 0.008739311486290683,
    "avgRet": 0.0020634660842153707
  }
}