{
  "SPY": {
    "std30": 0.009515558778812896,
    "avgRet": -0.00044515280564645605
  },
  "QQQ": {
    "std30": 0.01317632304733249,
    "avgRet": -0.0006464852281027639
  },
  "IWM": {
    "std30": 0.014263903215316525,
    "avgRet": -0.0015628651753360383
  },
  "SOXX": {
    "std30": 0.02496080930853541,
    "avgRet": -0.00100539837453119
  },
  "XLE": {
    "std30": 0.0115651298403632,
    "avgRet": 0.000915146770208706
  },
  "NVDA": {
    "std30": 0.027785338030828263,
    "avgRet": -0.001010255655888472
  },
  "TSM": {
    "std30": 0.025177677120212887,
    "avgRet": -0.0019863814952463675
  },
  "ASML.AS": {
    "std30": 0.02065016906922114,
    "avgRet": 0.0016770453732863173
  },
  "LMT": {
    "std30": 0.012192122777931759,
    "avgRet": -0.0024896791586428895
  },
  "MCHI": {
    "std30": 0.015841580001536876,
    "avgRet": -0.0016076271371145174
  },
  "EEM": {
    "std30": 0.012604103931513937,
    "avgRet": 1.2980828771275346e-05
  }
}