{
  "SPY": {
    "std30": 0.006343807147614821,
    "avgRet": -0.00039066037463070057
  },
  "QQQ": {
    "std30": 0.008708897705318316,
    "avgRet": -0.0009367332601704043
  },
  "IWM": {
    "std30": 0.008833005170395153,
    "avgRet": 0.0016257826436881363
  },
  "SOXX": {
    "std30": 0.01930134265560663,
    "avgRet": 0.003167157569503101
  },
  "XLE": {
    "std30": 0.01489322146613695,
    "avgRet": 0.0016398534680299572
  },
  "NVDA": {
    "std30": 0.01882941733652249,
    "avgRet": -0.0006580044314346154
  },
  "TSM": {
    "std30": 0.022992868297176002,
    "avgRet": 0.003862759710900803
  },
  "ASML.AS": {
    "std30": 0.029866492750954998,
    "avgRet": 0.0069049678808496915
  },
  "LMT": {
    "std30": 0.018987431993804833,
    "avgRet": 0.008556476181608279
  },
  "MCHI": {
    "std30": 0.012952758576474158,
    "avgRet": -0.00047990063857727587
  },
  "EEM": {
    "std30": 0.009462770626428007,
    "avgRet": 0.0016264244713072805
  }
}