{
  "SPY": {
    "std30": 0.0059639562805028565,
    "avgRet": 0.0010594427261487278
  },
  "QQQ": {
    "std30": 0.007342704759662632,
    "avgRet": 0.0014530124531300591
  },
  "IWM": {
    "std30": 0.010979051062697089,
    "avgRet": 0.0007365053668314448
  },
  "SOXX": {
    "std30": 0.011777317899625743,
    "avgRet": 0.0009969123435635714
  },
  "XLE": {
    "std30": 0.010785888660700012,
    "avgRet": -0.0002133658513762701
  },
  "NVDA": {
    "std30": 0.016753928583049686,
    "avgRet": 0.005187722348863693
  },
  "TSM": {
    "std30": 0.019882309595002624,
    "avgRet": 0.002649353161925517
  },
  "ASML.AS": {
    "std30": 0.02213381045934666,
    "avgRet": -0.003103603060466324
  },
  "LMT": {
    "std30": 0.022006194127246893,
    "avgRet": -0.002628289376791263
  },
  "MCHI": {
    "std30": 0.008863919299449121,
    "avgRet": 0.0017097225596059782
  },
  "EEM": {
    "std30": 0.0059259170731367,
    "avgRet": 0.000784245033193949
  }
}