{
  "SPY": {
    "std30": 0.007704744987624189,
    "avgRet": 0.0010690214205607486
  },
  "QQQ": {
    "std30": 0.010401375325706395,
    "avgRet": 0.0018061995293068788
  },
  "IWM": {
    "std30": 0.01220123472657368,
    "avgRet": 0.0005652561891361307
  },
  "SOXX": {
    "std30": 0.021791172573971406,
    "avgRet": 0.005343061406116071
  },
  "XLE": {
    "std30": 0.01122956492012153,
    "avgRet": -5.147471487789789e-06
  },
  "NVDA": {
    "std30": 0.022530211062732775,
    "avgRet": 0.00522368772115615
  },
  "TSM": {
    "std30": 0.02710609514356766,
    "avgRet": 0.005292791558708252
  },
  "ASML.AS": {
    "std30": 0.021036623771696503,
    "avgRet": 0.005342217513591326
  },
  "LMT": {
    "std30": 0.011159516757454102,
    "avgRet": 0.001340506092144541
  },
  "MCHI": {
    "std30": 0.01591493253649157,
    "avgRet": 0.00022027677009955318
  },
  "EEM": {
    "std30": 0.01143868599553423,
    "avgRet": 0.0017221992400844436
  }
}