{
  "SPY": {
    "std30": 0.008255646870026912,
    "avgRet": -0.0002711959060158408
  },
  "QQQ": {
    "std30": 0.011180263769930768,
    "avgRet": -0.0007471719059381047
  },
  "IWM": {
    "std30": 0.01247715128574371,
    "avgRet": -0.0004629562775856623
  },
  "SOXX": {
    "std30": 0.021870657747089902,
    "avgRet": 0.001723975459567683
  },
  "XLE": {
    "std30": 0.012694986407175788,
    "avgRet": 0.0056403289542921444
  },
  "NVDA": {
    "std30": 0.026592405124244385,
    "avgRet": -0.0015412855021753487
  },
  "TSM": {
    "std30": 0.02277951577752604,
    "avgRet": 0.003428269554727024
  },
  "ASML.AS": {
    "std30": 0.022594821754539005,
    "avgRet": 0.003219413399632525
  },
  "LMT": {
    "std30": 0.01815656714245521,
    "avgRet": 0.004649855217428559
  },
  "MCHI": {
    "std30": 0.011746301962456896,
    "avgRet": -0.002478243653464247
  },
  "EEM": {
    "std30": 0.011523520636710883,
    "avgRet": 0.0026124221225828437
  }
}