{
  "SPY": {
    "std30": 0.009159512270763481,
    "avgRet": 0.0002989489342620318
  },
  "QQQ": {
    "std30": 0.01308085137616321,
    "avgRet": 0.00043858613779797933
  },
  "IWM": {
    "std30": 0.01372195608120795,
    "avgRet": -0.0009579931818707846
  },
  "SOXX": {
    "std30": 0.026052747980747342,
    "avgRet": 0.001510808982744709
  },
  "XLE": {
    "std30": 0.010747443133686986,
    "avgRet": 0.0008859790951324195
  },
  "NVDA": {
    "std30": 0.0274737655100671,
    "avgRet": 3.962943313003455e-05
  },
  "TSM": {
    "std30": 0.027238326520834626,
    "avgRet": -0.000795943313501964
  },
  "ASML.AS": {
    "std30": 0.02152165203530326,
    "avgRet": -0.00015037189508939312
  },
  "LMT": {
    "std30": 0.011800968864596511,
    "avgRet": -0.0033199477554442082
  },
  "MCHI": {
    "std30": 0.01586784532515276,
    "avgRet": -0.001043239742011221
  },
  "EEM": {
    "std30": 0.012593815705461807,
    "avgRet": 0.000632099185387574
  }
}