{
  "SPY": {
    "std30": 0.005224913608149972,
    "avgRet": 0.0014202634034095856
  },
  "QQQ": {
    "std30": 0.006836737130946849,
    "avgRet": 0.0014808075337963784
  },
  "IWM": {
    "std30": 0.012539922842674026,
    "avgRet": 0.003456420047865363
  },
  "SOXX": {
    "std30": 0.014182350959751974,
    "avgRet": 0.003220266743332767
  },
  "XLE": {
    "std30": 0.009865341834074936,
    "avgRet": 0.0014756859544447938
  },
  "NVDA": {
    "std30": 0.017175032896087423,
    "avgRet": -0.00101409975672533
  },
  "TSM": {
    "std30": 0.017053863593885568,
    "avgRet": 0.0032833023858684076
  },
  "ASML.AS": {
    "std30": 0.02202615211386521,
    "avgRet": 0.009062388235799457
  },
  "LMT": {
    "std30": 0.00909735575512783,
    "avgRet": 0.003680722701334299
  },
  "MCHI": {
    "std30": 0.013954628949486625,
    "avgRet": 0.003617941832186115
  },
  "EEM": {
    "std30": 0.007508989708621852,
    "avgRet": 0.002434169268984187
  }
}