{
  "SPY": {
    "std30": 0.008108378905415293,
    "avgRet": 0.0005161937041912265
  },
  "QQQ": {
    "std30": 0.011752910475352032,
    "avgRet": 0.00048281317240291715
  },
  "IWM": {
    "std30": 0.013110857132644056,
    "avgRet": 0.0013724950624220125
  },
  "SOXX": {
    "std30": 0.023581769752441913,
    "avgRet": 0.0009332135825829989
  },
  "XLE": {
    "std30": 0.09402718632243828,
    "avgRet": -0.017581763442254202
  },
  "NVDA": {
    "std30": 0.024272167554713737,
    "avgRet": -0.0010573005202661448
  },
  "TSM": {
    "std30": 0.01965189483159497,
    "avgRet": 0.00048055272089652447
  },
  "ASML.AS": {
    "std30": 0.024981536555141185,
    "avgRet": 0.001611459297838431
  },
  "LMT": {
    "std30": 0.01395561250943477,
    "avgRet": 0.0012625297683496145
  },
  "MCHI": {
    "std30": 0.009564686882107376,
    "avgRet": -0.001608957755304632
  },
  "EEM": {
    "std30": 0.008530703211109379,
    "avgRet": -0.00048696953570075954
  }
}