{
  "SPY": {
    "std30": 0.008167777842135267,
    "avgRet": 0.0007624399503480357
  },
  "QQQ": {
    "std30": 0.011360911288338195,
    "avgRet": 0.001378580891548248
  },
  "IWM": {
    "std30": 0.01261979261074012,
    "avgRet": 1.8439594915664987e-05
  },
  "SOXX": {
    "std30": 0.023450270546702262,
    "avgRet": 0.003540877757195578
  },
  "XLE": {
    "std30": 0.010560861279968473,
    "avgRet": -0.0011689427939593278
  },
  "NVDA": {
    "std30": 0.02260146551595608,
    "avgRet": 0.00424960320421338
  },
  "TSM": {
    "std30": 0.027119749944776703,
    "avgRet": 0.0019549620623193265
  },
  "ASML.AS": {
    "std30": 0.02175373275278447,
    "avgRet": 0.0031273602660421237
  },
  "LMT": {
    "std30": 0.010679941695707119,
    "avgRet": -3.490880090688312e-05
  },
  "MCHI": {
    "std30": 0.015985579851962695,
    "avgRet": -0.0008766096343038809
  },
  "EEM": {
    "std30": 0.01213441396171452,
    "avgRet": 0.0010384726251455474
  }
}