{
  "SPY": {
    "std30": 0.0060910638982451795,
    "avgRet": 0.0004635986339362942
  },
  "QQQ": {
    "std30": 0.008071818727080104,
    "avgRet": -3.082617547575374e-06
  },
  "IWM": {
    "std30": 0.009290648757923662,
    "avgRet": 0.001652409956752934
  },
  "SOXX": {
    "std30": 0.018446554000964708,
    "avgRet": 0.005069431972143769
  },
  "XLE": {
    "std30": 0.014172587685373262,
    "avgRet": 0.0058415076690703305
  },
  "NVDA": {
    "std30": 0.017031579260173315,
    "avgRet": 1.4900769470772223e-05
  },
  "TSM": {
    "std30": 0.02063694632028763,
    "avgRet": 0.005394513979317921
  },
  "ASML.AS": {
    "std30": 0.028412114950409656,
    "avgRet": 0.010044439458538891
  },
  "LMT": {
    "std30": 0.020020423971878542,
    "avgRet": 0.009946118148297121
  },
  "MCHI": {
    "std30": 0.013608825562186237,
    "avgRet": 0.0003326371930942605
  },
  "EEM": {
    "std30": 0.009596226970188667,
    "avgRet": 0.003632471731562869
  }
}