{
  "SPY": {
    "std30": 0.008783768072963173,
    "avgRet": 0.0008182065482957894
  },
  "QQQ": {
    "std30": 0.012591355186285205,
    "avgRet": 0.0013653112079957599
  },
  "IWM": {
    "std30": 0.013276577376354464,
    "avgRet": 0.0003804670604971985
  },
  "SOXX": {
    "std30": 0.02503280004897913,
    "avgRet": 0.004043576968446851
  },
  "XLE": {
    "std30": 0.010238785248496874,
    "avgRet": 0.00044621071335098223
  },
  "NVDA": {
    "std30": 0.025715454000559024,
    "avgRet": 0.00255250523896961
  },
  "TSM": {
    "std30": 0.027362822451863642,
    "avgRet": 0.002279486523859763
  },
  "ASML.AS": {
    "std30": 0.022439600442936677,
    "avgRet": 0.0026766202324354955
  },
  "LMT": {
    "std30": 0.011771284348008755,
    "avgRet": -0.003344966323472916
  },
  "MCHI": {
    "std30": 0.01610614079086197,
    "avgRet": -0.0004749739239588684
  },
  "EEM": {
    "std30": 0.012555641823491717,
    "avgRet": 0.0014136456900700602
  }
}