{
  "SPY": {
    "std30": 0.009463971228093903,
    "avgRet": -0.00013478814964961133
  },
  "QQQ": {
    "std30": 0.013161592133852524,
    "avgRet": 3.6705125040507545e-05
  },
  "IWM": {
    "std30": 0.014446108664196265,
    "avgRet": -0.0015493541129815848
  },
  "SOXX": {
    "std30": 0.025383914697159025,
    "avgRet": 0.000514233891330582
  },
  "XLE": {
    "std30": 0.011612171161189575,
    "avgRet": 0.000387574577681456
  },
  "NVDA": {
    "std30": 0.027544537743194163,
    "avgRet": 0.0006727560579756572
  },
  "TSM": {
    "std30": 0.026069122287342674,
    "avgRet": -0.001112773943577377
  },
  "ASML.AS": {
    "std30": 0.02040801481368383,
    "avgRet": 0.0008119446215670922
  },
  "LMT": {
    "std30": 0.012223024006334904,
    "avgRet": -0.002755111717735704
  },
  "MCHI": {
    "std30": 0.01603286057486095,
    "avgRet": -0.0014954673374913694
  },
  "EEM": {
    "std30": 0.01278336652552626,
    "avgRet": 0.00023830774181297776
  }
}