{
  "SPY": {
    "std30": 0.005219649464922598,
    "avgRet": 0.0007067381682872767
  },
  "QQQ": {
    "std30": 0.0067706671108679626,
    "avgRet": 0.0008212428888152817
  },
  "IWM": {
    "std30": 0.011105849668497593,
    "avgRet": 0.0016932578734567588
  },
  "SOXX": {
    "std30": 0.013109143600568612,
    "avgRet": 0.0019464192413966555
  },
  "XLE": {
    "std30": 0.010452012660401659,
    "avgRet": 0.0022375277407681114
  },
  "NVDA": {
    "std30": 0.01942957011424534,
    "avgRet": -0.0006536995142699408
  },
  "TSM": {
    "std30": 0.018905943116659274,
    "avgRet": 0.004941739833579281
  },
  "ASML.AS": {
    "std30": 0.02234131658443121,
    "avgRet": 0.008163856499488881
  },
  "LMT": {
    "std30": 0.008083758975563229,
    "avgRet": 0.00355902477027512
  },
  "MCHI": {
    "std30": 0.012274142407854708,
    "avgRet": 0.0031144635162781106
  },
  "EEM": {
    "std30": 0.006692093664734823,
    "avgRet": 0.001991736823890912
  }
}