{
  "SPY": {
    "std30": 0.007113143881726695,
    "avgRet": 0.0008694681951466802
  },
  "QQQ": {
    "std30": 0.009368241513751947,
    "avgRet": 0.0016058946630326215
  },
  "IWM": {
    "std30": 0.011436396475020694,
    "avgRet": 0.0016025257827557895
  },
  "SOXX": {
    "std30": 0.02008341237077084,
    "avgRet": 0.005323714684455675
  },
  "XLE": {
    "std30": 0.011692293093088868,
    "avgRet": -0.0008574698598754865
  },
  "NVDA": {
    "std30": 0.022142535850970976,
    "avgRet": 0.002337022154297522
  },
  "TSM": {
    "std30": 0.027185721946003102,
    "avgRet": 0.00888940306389711
  },
  "ASML.AS": {
    "std30": 0.025871041454435167,
    "avgRet": 0.009980041222430933
  },
  "LMT": {
    "std30": 0.00885895760885061,
    "avgRet": 0.003967193384364855
  },
  "MCHI": {
    "std30": 0.016956018920531328,
    "avgRet": 0.0008585712359265212
  },
  "EEM": {
    "std30": 0.010923363892780508,
    "avgRet": 0.0020493076868271795
  }
}