{
  "SPY": {
    "std30": 0.009299499862705425,
    "avgRet": 0.0002264974317199623
  },
  "QQQ": {
    "std30": 0.013075387490192148,
    "avgRet": 0.0004648653838396001
  },
  "IWM": {
    "std30": 0.0140056426092279,
    "avgRet": -0.0008785172221798895
  },
  "SOXX": {
    "std30": 0.025172482097422365,
    "avgRet": 0.0013233572653152908
  },
  "XLE": {
    "std30": 0.011069916730501027,
    "avgRet": 0.0009009562263485401
  },
  "NVDA": {
    "std30": 0.02738759191133093,
    "avgRet": 0.0009481901976655545
  },
  "TSM": {
    "std30": 0.026020862415537915,
    "avgRet": -0.0006950872739566375
  },
  "ASML.AS": {
    "std30": 0.020389985536656063,
    "avgRet": 0.0007821525700864335
  },
  "LMT": {
    "std30": 0.011948549045945561,
    "avgRet": -0.0031737732888974294
  },
  "MCHI": {
    "std30": 0.01592912992650019,
    "avgRet": -0.0012320950866089309
  },
  "EEM": {
    "std30": 0.012581453603053603,
    "avgRet": 0.0005739750609918175
  }
}