{
  "SPY": {
    "std30": 0.006207861912263012,
    "avgRet": 0.0012863441096059264
  },
  "QQQ": {
    "std30": 0.007372693941015569,
    "avgRet": 0.001815632045230463
  },
  "IWM": {
    "std30": 0.01211842775498851,
    "avgRet": 0.0014449288233217427
  },
  "SOXX": {
    "std30": 0.012700076048007077,
    "avgRet": 0.0015891732450862514
  },
  "XLE": {
    "std30": 0.010171691302527455,
    "avgRet": -0.000772768657033738
  },
  "NVDA": {
    "std30": 0.015253132190821247,
    "avgRet": 0.005028155773470925
  },
  "TSM": {
    "std30": 0.018639373756983706,
    "avgRet": 0.0013648018745011494
  },
  "ASML.AS": {
    "std30": 0.022817480014601828,
    "avgRet": -0.0018069454516641127
  },
  "LMT": {
    "std30": 0.022450684441291918,
    "avgRet": -0.0014912676856946726
  },
  "MCHI": {
    "std30": 0.010295634647832357,
    "avgRet": 0.0032655776277673004
  },
  "EEM": {
    "std30": 0.006530349320850258,
    "avgRet": 0.0013454714593920038
  }
}