{
  "SPY": {
    "std30": 0.009548343251119359,
    "avgRet": -0.0003691850023707816
  },
  "QQQ": {
    "std30": 0.013237305971660476,
    "avgRet": -0.0005007614406027449
  },
  "IWM": {
    "std30": 0.01427153145671536,
    "avgRet": -0.0015229870546884785
  },
  "SOXX": {
    "std30": 0.025202085301742897,
    "avgRet": -0.0006182174253278299
  },
  "XLE": {
    "std30": 0.011543337563543836,
    "avgRet": 0.0009340808568662312
  },
  "NVDA": {
    "std30": 0.028065702044014443,
    "avgRet": -0.0007108321431190552
  },
  "TSM": {
    "std30": 0.025352546334127996,
    "avgRet": -0.0017109264049727847
  },
  "ASML.AS": {
    "std30": 0.02154554322901975,
    "avgRet": 0.002354467453434024
  },
  "LMT": {
    "std30": 0.012228300328236486,
    "avgRet": -0.0025652227821799578
  },
  "MCHI": {
    "std30": 0.015825322470676147,
    "avgRet": -0.0015634326371200412
  },
  "EEM": {
    "std30": 0.012589489964412058,
    "avgRet": 7.040955334311579e-05
  }
}