{
  "SPY": {
    "std30": 0.006600124505143335,
    "avgRet": 0.001151925205638732
  },
  "QQQ": {
    "std30": 0.0082110121172064,
    "avgRet": 0.0009681103468245548
  },
  "IWM": {
    "std30": 0.013359352973835139,
    "avgRet": 0.0020949135511991812
  },
  "SOXX": {
    "std30": 0.013789595019267888,
    "avgRet": 0.0008227125835779689
  },
  "XLE": {
    "std30": 0.009009122061508508,
    "avgRet": 0.0008623419881066255
  },
  "NVDA": {
    "std30": 0.015307709192809514,
    "avgRet": 0.0021469113352048453
  },
  "TSM": {
    "std30": 0.019059020743990525,
    "avgRet": 0.00034247953923263264
  },
  "ASML.AS": {
    "std30": 0.017578748673433103,
    "avgRet": 0.0005468319805653153
  },
  "LMT": {
    "std30": 0.022709143051702765,
    "avgRet": -0.0009264733352447941
  },
  "MCHI": {
    "std30": 0.011444386882614215,
    "avgRet": 0.0030524829171770947
  },
  "EEM": {
    "std30": 0.007530732986285974,
    "avgRet": 0.000932253248313674
  }
}