{
  "SPY": {
    "std30": 0.006758919541221727,
    "avgRet": 0.000549583505757079
  },
  "QQQ": {
    "std30": 0.008692231114329036,
    "avgRet": 0.000494960358537003
  },
  "IWM": {
    "std30": 0.012879487531150004,
    "avgRet": 0.0012317173433434169
  },
  "SOXX": {
    "std30": 0.014700921033991088,
    "avgRet": 0.00016207450696340285
  },
  "XLE": {
    "std30": 0.009327366596356482,
    "avgRet": 0.0007694817821015665
  },
  "NVDA": {
    "std30": 0.015824506109319975,
    "avgRet": 0.0003827569397284841
  },
  "TSM": {
    "std30": 0.017848686755648265,
    "avgRet": -0.0010896787775105732
  },
  "ASML.AS": {
    "std30": 0.017708197009767935,
    "avgRet": 0.00100981534493456
  },
  "LMT": {
    "std30": 0.008829547973316663,
    "avgRet": 0.002259260405386426
  },
  "MCHI": {
    "std30": 0.0125661643388758,
    "avgRet": 0.0011650252230481352
  },
  "EEM": {
    "std30": 0.007358560914815907,
    "avgRet": 7.097018006406681e-05
  }
}