{
  "SPY": {
    "std30": 0.007435690906465516,
    "avgRet": 0.0009030172326638539
  },
  "QQQ": {
    "std30": 0.009904427979954882,
    "avgRet": 0.001533157922310488
  },
  "IWM": {
    "std30": 0.013050273941423213,
    "avgRet": 0.0016010911888625088
  },
  "SOXX": {
    "std30": 0.022122116391567286,
    "avgRet": 0.005135184873868204
  },
  "XLE": {
    "std30": 0.011622599455681159,
    "avgRet": 4.39515766497681e-05
  },
  "NVDA": {
    "std30": 0.021167152992976352,
    "avgRet": 0.0016828734087443818
  },
  "TSM": {
    "std30": 0.027472526263529216,
    "avgRet": 0.004578091485712961
  },
  "ASML.AS": {
    "std30": 0.02326713400698728,
    "avgRet": 0.0064748374819394786
  },
  "LMT": {
    "std30": 0.010998303019771468,
    "avgRet": 0.0009281129711169953
  },
  "MCHI": {
    "std30": 0.015912967845467734,
    "avgRet": 0.00018290801755170035
  },
  "EEM": {
    "std30": 0.011265185999993052,
    "avgRet": 0.001640924254600928
  }
}