{
  "SPY": {
    "std30": 0.0069252856215602275,
    "avgRet": 0.0008659472130042895
  },
  "QQQ": {
    "std30": 0.00922673750396441,
    "avgRet": 0.0016238914109884405
  },
  "IWM": {
    "std30": 0.011592483095696712,
    "avgRet": 0.002013308124409428
  },
  "SOXX": {
    "std30": 0.020809759348299598,
    "avgRet": 0.005876322818931066
  },
  "XLE": {
    "std30": 0.011600270348738027,
    "avgRet": -0.0010195194773424102
  },
  "NVDA": {
    "std30": 0.022604760804816906,
    "avgRet": 0.0018523192179810898
  },
  "TSM": {
    "std30": 0.027441857512331757,
    "avgRet": 0.009328343670399104
  },
  "ASML.AS": {
    "std30": 0.02574419390220937,
    "avgRet": 0.010466576198673298
  },
  "LMT": {
    "std30": 0.008879237338560822,
    "avgRet": 0.0031140939890345206
  },
  "MCHI": {
    "std30": 0.016717934780320912,
    "avgRet": 0.001785080732765161
  },
  "EEM": {
    "std30": 0.011198080482466283,
    "avgRet": 0.0027195373610953257
  }
}