{
  "SPY": {
    "std30": 0.00657819995259572,
    "avgRet": 0.0010386769283811908
  },
  "QQQ": {
    "std30": 0.008192247169965245,
    "avgRet": 0.0008943465554140479
  },
  "IWM": {
    "std30": 0.013335483879104992,
    "avgRet": 0.0020370366538757637
  },
  "SOXX": {
    "std30": 0.013809281311725579,
    "avgRet": 0.0008518517703726442
  },
  "XLE": {
    "std30": 0.009092771136539298,
    "avgRet": 0.0007101605253696213
  },
  "NVDA": {
    "std30": 0.01529731562902789,
    "avgRet": 0.0021288462895340293
  },
  "TSM": {
    "std30": 0.01901906131892619,
    "avgRet": 0.000281736957511903
  },
  "ASML.AS": {
    "std30": 0.017501862016702337,
    "avgRet": 0.0004024034923202319
  },
  "LMT": {
    "std30": 0.022662075614249155,
    "avgRet": -0.0009857776418157097
  },
  "MCHI": {
    "std30": 0.01144011764174102,
    "avgRet": 0.0031384936979420575
  },
  "EEM": {
    "std30": 0.007507298965826586,
    "avgRet": 0.0009977389798221726
  }
}