{
  "SPY": {
    "std30": 0.008775139647220138,
    "avgRet": 0.0007596250467287773
  },
  "QQQ": {
    "std30": 0.012588136183033439,
    "avgRet": 0.0009396814216443944
  },
  "IWM": {
    "std30": 0.013230325100238893,
    "avgRet": 3.514928391727727e-05
  },
  "SOXX": {
    "std30": 0.025235756294904155,
    "avgRet": 0.0024462896111207342
  },
  "XLE": {
    "std30": 0.010676498626525976,
    "avgRet": 0.0007464810114263388
  },
  "NVDA": {
    "std30": 0.02636235687592499,
    "avgRet": 0.001229472024238494
  },
  "TSM": {
    "std30": 0.026870944169366844,
    "avgRet": 0.0006451546432101789
  },
  "ASML.AS": {
    "std30": 0.021316057584342126,
    "avgRet": 0.00045876469012535954
  },
  "LMT": {
    "std30": 0.012052151418829598,
    "avgRet": -0.0029785273781744543
  },
  "MCHI": {
    "std30": 0.0158930370328185,
    "avgRet": -0.001141580557425426
  },
  "EEM": {
    "std30": 0.012477465930033974,
    "avgRet": 0.0010257338852032172
  }
}