{
  "SPY": {
    "std30": 0.008204936177878638,
    "avgRet": 0.0007397320137728149
  },
  "QQQ": {
    "std30": 0.011426678451070281,
    "avgRet": 0.0013458482387631357
  },
  "IWM": {
    "std30": 0.012634901477528254,
    "avgRet": 7.90257203206181e-06
  },
  "SOXX": {
    "std30": 0.023491961593412467,
    "avgRet": 0.003519632137706862
  },
  "XLE": {
    "std30": 0.010581754397581964,
    "avgRet": -0.0011904602857239928
  },
  "NVDA": {
    "std30": 0.022682619083538597,
    "avgRet": 0.004209600003957364
  },
  "TSM": {
    "std30": 0.02717875457878457,
    "avgRet": 0.001914242410336618
  },
  "ASML.AS": {
    "std30": 0.021786478626024196,
    "avgRet": 0.003109259419762914
  },
  "LMT": {
    "std30": 0.010665566070520214,
    "avgRet": -8.760871469546328e-06
  },
  "MCHI": {
    "std30": 0.01598137794274003,
    "avgRet": -0.000871183551122023
  },
  "EEM": {
    "std30": 0.012149871853031954,
    "avgRet": 0.0010291780810429351
  }
}