{
  "SPY": {
    "std30": 0.005147914151503107,
    "avgRet": 0.000549280569351379
  },
  "QQQ": {
    "std30": 0.008021379794621773,
    "avgRet": 0.00015536488687707445
  },
  "IWM": {
    "std30": 0.008726888163932084,
    "avgRet": 0.00228257647282271
  },
  "SOXX": {
    "std30": 0.0197704437834429,
    "avgRet": 0.0037730085339313735
  },
  "XLE": {
    "std30": 0.014821492890951542,
    "avgRet": 0.001827087531478889
  },
  "NVDA": {
    "std30": 0.017780523599493146,
    "avgRet": 0.0018676030036712198
  },
  "TSM": {
    "std30": 0.021965619629342997,
    "avgRet": 0.005605218831313149
  },
  "ASML.AS": {
    "std30": 0.030685646652381927,
    "avgRet": 0.006137418780660729
  },
  "LMT": {
    "std30": 0.018712618115590975,
    "avgRet": 0.008780395373793673
  },
  "MCHI": {
    "std30": 0.012442558481007199,
    "avgRet": 0.0011607209923468677
  },
  "EEM": {
    "std30": 0.00930368897917862,
    "avgRet": 0.002496842464711682
  }
}