{
  "SPY": {
    "std30": 0.008246851491734031,
    "avgRet": -0.00019405766606400124
  },
  "QQQ": {
    "std30": 0.011713474839804075,
    "avgRet": -0.0006466388924572882
  },
  "IWM": {
    "std30": 0.013611737128168723,
    "avgRet": -0.001182849932229494
  },
  "SOXX": {
    "std30": 0.022232644296360463,
    "avgRet": -0.0015050297195332535
  },
  "XLE": {
    "std30": 0.010155442994702871,
    "avgRet": 0.0012374501220764602
  },
  "NVDA": {
    "std30": 0.026655464219327803,
    "avgRet": -0.0014135836218188932
  },
  "TSM": {
    "std30": 0.01665574496452925,
    "avgRet": -0.0032827751639415213
  },
  "ASML.AS": {
    "std30": 0.020313473362093774,
    "avgRet": -0.00047703165418357644
  },
  "LMT": {
    "std30": 0.012508347509799473,
    "avgRet": -0.003017985921759847
  },
  "MCHI": {
    "std30": 0.010505717441887899,
    "avgRet": -0.0012532643464090787
  },
  "EEM": {
    "std30": 0.009309554309919562,
    "avgRet": -0.00019767317514053783
  }
}