{
  "SPY": {
    "std30": 0.007396799381218517,
    "avgRet": 0.0003004449234066474
  },
  "QQQ": {
    "std30": 0.009981120463209734,
    "avgRet": -0.0003228122206742604
  },
  "IWM": {
    "std30": 0.011833574714954533,
    "avgRet": 0.0021577006171116892
  },
  "SOXX": {
    "std30": 0.022700419456270462,
    "avgRet": 0.0058467677249509475
  },
  "XLE": {
    "std30": 0.015396051184622497,
    "avgRet": 0.007088405485183999
  },
  "NVDA": {
    "std30": 0.023226487945567437,
    "avgRet": 0.0009103291010393521
  },
  "TSM": {
    "std30": 0.02417023811610974,
    "avgRet": 0.008059766717977476
  },
  "ASML.AS": {
    "std30": 0.03076484362514119,
    "avgRet": 0.010463852193477861
  },
  "LMT": {
    "std30": 0.022478951127806256,
    "avgRet": 0.009060845631912937
  },
  "MCHI": {
    "std30": 0.014228094221688341,
    "avgRet": 0.0008016004615278734
  },
  "EEM": {
    "std30": 0.01118418907016717,
    "avgRet": 0.00394433234097437
  }
}