{
  "SPY": {
    "std30": 0.005266267772618592,
    "avgRet": 0.0009850248824097134
  },
  "QQQ": {
    "std30": 0.0067181755123720465,
    "avgRet": 0.0011175277568050662
  },
  "IWM": {
    "std30": 0.011107541027655612,
    "avgRet": 0.002156399654950935
  },
  "SOXX": {
    "std30": 0.012207647905021221,
    "avgRet": 0.0028119463508507105
  },
  "XLE": {
    "std30": 0.010521417058674518,
    "avgRet": 0.0025553063171957473
  },
  "NVDA": {
    "std30": 0.019379324782026423,
    "avgRet": -0.00025339484554827
  },
  "TSM": {
    "std30": 0.01899593654415372,
    "avgRet": 0.004833763358851933
  },
  "ASML.AS": {
    "std30": 0.021837498046661494,
    "avgRet": 0.00883125749302038
  },
  "LMT": {
    "std30": 0.008078967395845725,
    "avgRet": 0.003760806331158009
  },
  "MCHI": {
    "std30": 0.012391894638110358,
    "avgRet": 0.002659207933002178
  },
  "EEM": {
    "std30": 0.00672972637236999,
    "avgRet": 0.0018849620759651131
  }
}