{
  "SPY": {
    "std30": 0.006898220462939792,
    "avgRet": 0.0010720902353628103
  },
  "QQQ": {
    "std30": 0.00928255087204723,
    "avgRet": 0.0018192064521922763
  },
  "IWM": {
    "std30": 0.011657444926602534,
    "avgRet": 0.0016553628634223062
  },
  "SOXX": {
    "std30": 0.02080724368932716,
    "avgRet": 0.005867603671221192
  },
  "XLE": {
    "std30": 0.011058733076966372,
    "avgRet": -0.0004256152490657487
  },
  "NVDA": {
    "std30": 0.022003119811034935,
    "avgRet": 0.0032561041216048613
  },
  "TSM": {
    "std30": 0.027118171225766947,
    "avgRet": 0.00794455861287358
  },
  "ASML.AS": {
    "std30": 0.02525539197084172,
    "avgRet": 0.009772423008820384
  },
  "LMT": {
    "std30": 0.00861716963258662,
    "avgRet": 0.002485988980506322
  },
  "MCHI": {
    "std30": 0.01647990697446881,
    "avgRet": 0.001424514747101269
  },
  "EEM": {
    "std30": 0.011199172989953297,
    "avgRet": 0.0027208028781979467
  }
}