{
  "SPY": {
    "std30": 0.008624233971190512,
    "avgRet": 0.0005945466789446671
  },
  "QQQ": {
    "std30": 0.012512768333690425,
    "avgRet": 0.0004721407410952888
  },
  "IWM": {
    "std30": 0.013408500256390983,
    "avgRet": -5.447063265394642e-05
  },
  "SOXX": {
    "std30": 0.023353089535885576,
    "avgRet": 0.0009232700889188579
  },
  "XLE": {
    "std30": 0.010198274107842298,
    "avgRet": 0.0018155714265003663
  },
  "NVDA": {
    "std30": 0.026469459081123633,
    "avgRet": -0.0002833006899098512
  },
  "TSM": {
    "std30": 0.016502750189349633,
    "avgRet": -0.0007694178609199467
  },
  "ASML.AS": {
    "std30": 0.021910119317265844,
    "avgRet": 0.0016496419695504003
  },
  "LMT": {
    "std30": 0.01314476528035074,
    "avgRet": -0.004471243527926425
  },
  "MCHI": {
    "std30": 0.010593419505345892,
    "avgRet": -0.0006766248326757667
  },
  "EEM": {
    "std30": 0.008507067516259872,
    "avgRet": -0.00029301352878333034
  }
}