{
  "SPY": {
    "std30": 0.0050527542119312785,
    "avgRet": 0.00041390999790713974
  },
  "QQQ": {
    "std30": 0.007825953271326779,
    "avgRet": -7.622717781111025e-05
  },
  "IWM": {
    "std30": 0.008540040605053516,
    "avgRet": 0.0020485118530992083
  },
  "SOXX": {
    "std30": 0.019003692563456482,
    "avgRet": 0.004005318029727597
  },
  "XLE": {
    "std30": 0.014920405318222875,
    "avgRet": 0.0016099131441257757
  },
  "NVDA": {
    "std30": 0.01692325324094079,
    "avgRet": 0.0009656103256964544
  },
  "TSM": {
    "std30": 0.021044423687721525,
    "avgRet": 0.005529045241529112
  },
  "ASML.AS": {
    "std30": 0.029398551265302473,
    "avgRet": 0.007257086634460471
  },
  "LMT": {
    "std30": 0.0186613004717244,
    "avgRet": 0.009027435136766144
  },
  "MCHI": {
    "std30": 0.012929047686664953,
    "avgRet": 0.000326750481920274
  },
  "EEM": {
    "std30": 0.009330104808519427,
    "avgRet": 0.0021401954073352134
  }
}