{
  "SPY": {
    "std30": 0.006696210180946604,
    "avgRet": -0.00026612326875413895
  },
  "QQQ": {
    "std30": 0.009101886634879878,
    "avgRet": -0.0011891753295075632
  },
  "IWM": {
    "std30": 0.010784743075137796,
    "avgRet": 0.001298434128507329
  },
  "SOXX": {
    "std30": 0.02117444651775909,
    "avgRet": 0.003977694134063635
  },
  "XLE": {
    "std30": 0.01506133929255112,
    "avgRet": 0.00647499117849109
  },
  "NVDA": {
    "std30": 0.01968749262482415,
    "avgRet": -0.0013062605934229963
  },
  "TSM": {
    "std30": 0.022763160788259407,
    "avgRet": 0.005203289794810508
  },
  "ASML.AS": {
    "std30": 0.030137833538064544,
    "avgRet": 0.00967532496124581
  },
  "LMT": {
    "std30": 0.021925122652185727,
    "avgRet": 0.00846414576966159
  },
  "MCHI": {
    "std30": 0.01420155254693976,
    "avgRet": 0.0004281173095071918
  },
  "EEM": {
    "std30": 0.01050931169111702,
    "avgRet": 0.0031411129828885307
  }
}