{
  "SPY": {
    "std30": 0.005983133943908015,
    "avgRet": 0.0010118190914046904
  },
  "QQQ": {
    "std30": 0.007389842279358138,
    "avgRet": 0.0013239759357956539
  },
  "IWM": {
    "std30": 0.01097495837996528,
    "avgRet": 0.0007670252376150098
  },
  "SOXX": {
    "std30": 0.011667951603847877,
    "avgRet": 0.0005993532691048321
  },
  "XLE": {
    "std30": 0.010753080532470595,
    "avgRet": -0.0001727644636208386
  },
  "NVDA": {
    "std30": 0.0168086703010244,
    "avgRet": 0.005047111209441614
  },
  "TSM": {
    "std30": 0.01987523514479071,
    "avgRet": 0.002488225438973937
  },
  "ASML.AS": {
    "std30": 0.022056873056321893,
    "avgRet": -0.0033823982071393087
  },
  "LMT": {
    "std30": 0.02200975373578889,
    "avgRet": -0.002608440503680648
  },
  "MCHI": {
    "std30": 0.008877787663640314,
    "avgRet": 0.0016949078325821396
  },
  "EEM": {
    "std30": 0.00593613093553309,
    "avgRet": 0.0007668083631794387
  }
}