{
  "SPY": {
    "std30": 0.008639734956325685,
    "avgRet": 0.0005496387125237161
  },
  "QQQ": {
    "std30": 0.01255477570808468,
    "avgRet": 0.0003279173340261127
  },
  "IWM": {
    "std30": 0.01339464750121443,
    "avgRet": -2.448622787141503e-05
  },
  "SOXX": {
    "std30": 0.023346244053104367,
    "avgRet": 0.0005676818925876933
  },
  "XLE": {
    "std30": 0.01032821046510475,
    "avgRet": 0.001933754457704499
  },
  "NVDA": {
    "std30": 0.026360213354524344,
    "avgRet": -0.0005687088332957811
  },
  "TSM": {
    "std30": 0.016551829978383375,
    "avgRet": -0.0008971712117838752
  },
  "ASML.AS": {
    "std30": 0.02152469180149398,
    "avgRet": 0.0011226413189323143
  },
  "LMT": {
    "std30": 0.012322459116655984,
    "avgRet": -0.003986228533130545
  },
  "MCHI": {
    "std30": 0.01046779861504935,
    "avgRet": -0.0008457123146582462
  },
  "EEM": {
    "std30": 0.008500286524589253,
    "avgRet": -0.00035649430680374935
  }
}