{
  "SPY": {
    "std30": 0.0060149844319263,
    "avgRet": 0.001262628701174344
  },
  "QQQ": {
    "std30": 0.007400813544720469,
    "avgRet": 0.0016547636888337598
  },
  "IWM": {
    "std30": 0.01098328563318705,
    "avgRet": 0.0008730841229842234
  },
  "SOXX": {
    "std30": 0.011621662430868693,
    "avgRet": 0.0005757165190823883
  },
  "XLE": {
    "std30": 0.010757412039181484,
    "avgRet": -1.9165666569561148e-05
  },
  "NVDA": {
    "std30": 0.0167494703169314,
    "avgRet": 0.005214744662920815
  },
  "TSM": {
    "std30": 0.02005223255876562,
    "avgRet": 0.001980306832598556
  },
  "ASML.AS": {
    "std30": 0.02212122437385769,
    "avgRet": -0.003118815061877707
  },
  "LMT": {
    "std30": 0.022099142457705303,
    "avgRet": -0.0022637169062962237
  },
  "MCHI": {
    "std30": 0.008776575631862375,
    "avgRet": 0.0018167747038621734
  },
  "EEM": {
    "std30": 0.005913620593722416,
    "avgRet": 0.0009615571222179808
  }
}