{
  "SPY": {
    "std30": 0.0052896948867668,
    "avgRet": 0.001129818868985819
  },
  "QQQ": {
    "std30": 0.0068425473102159155,
    "avgRet": 0.0014188286089374677
  },
  "IWM": {
    "std30": 0.011106685848287041,
    "avgRet": 0.0020403666337583375
  },
  "SOXX": {
    "std30": 0.012318312014841347,
    "avgRet": 0.003113342518635035
  },
  "XLE": {
    "std30": 0.011032205264318584,
    "avgRet": 0.0021723289656399485
  },
  "NVDA": {
    "std30": 0.020048909241893616,
    "avgRet": 0.0004344679398379964
  },
  "TSM": {
    "std30": 0.019071006546774003,
    "avgRet": 0.005003404397580908
  },
  "ASML.AS": {
    "std30": 0.02191371010280363,
    "avgRet": 0.009230962981588335
  },
  "LMT": {
    "std30": 0.008601435887336662,
    "avgRet": 0.004204283933481739
  },
  "MCHI": {
    "std30": 0.012752349980158319,
    "avgRet": 0.0031106204415052375
  },
  "EEM": {
    "std30": 0.006891829180267455,
    "avgRet": 0.002054343465112742
  }
}