{
  "SPY": {
    "std30": 0.005080680119309616,
    "avgRet": 0.0010967785244169691
  },
  "QQQ": {
    "std30": 0.006650035122802313,
    "avgRet": 0.0010843572568852826
  },
  "IWM": {
    "std30": 0.011520327209126106,
    "avgRet": 0.002562921915072351
  },
  "SOXX": {
    "std30": 0.013264553580981605,
    "avgRet": 0.002657167727776826
  },
  "XLE": {
    "std30": 0.010334437717812606,
    "avgRet": 0.001846770602002342
  },
  "NVDA": {
    "std30": 0.019424320975029354,
    "avgRet": -0.0007199151746818055
  },
  "TSM": {
    "std30": 0.018715902682833113,
    "avgRet": 0.005218058021024038
  },
  "ASML.AS": {
    "std30": 0.021916960124400243,
    "avgRet": 0.009285977753852502
  },
  "LMT": {
    "std30": 0.009377301365032707,
    "avgRet": 0.004194907314583488
  },
  "MCHI": {
    "std30": 0.013947295816765456,
    "avgRet": 0.002877039915252287
  },
  "EEM": {
    "std30": 0.007234199987646494,
    "avgRet": 0.002300694563239118
  }
}