{
  "SPY": {
    "std30": 0.008062582580257912,
    "avgRet": -0.00035672814682227813
  },
  "QQQ": {
    "std30": 0.010774590119820375,
    "avgRet": -0.0010205722692088193
  },
  "IWM": {
    "std30": 0.012170027738982748,
    "avgRet": 0.0003208573005333588
  },
  "SOXX": {
    "std30": 0.020893751536299604,
    "avgRet": 0.0034908236067642605
  },
  "XLE": {
    "std30": 0.013233394794787995,
    "avgRet": 0.0060346200399764
  },
  "NVDA": {
    "std30": 0.02354602210677741,
    "avgRet": 0.0017085888791298852
  },
  "TSM": {
    "std30": 0.023539281155838473,
    "avgRet": 0.005580087739977068
  },
  "ASML.AS": {
    "std30": 0.022777419399454633,
    "avgRet": 0.005489978515154743
  },
  "LMT": {
    "std30": 0.017026770408755738,
    "avgRet": 0.006673123803346618
  },
  "MCHI": {
    "std30": 0.011111011532651514,
    "avgRet": -0.0020058013243076213
  },
  "EEM": {
    "std30": 0.011369405704810381,
    "avgRet": 0.0027856956078002562
  }
}