{
  "SPY": {
    "std30": 0.008338397823176386,
    "avgRet": 0.0003526609294056337
  },
  "QQQ": {
    "std30": 0.01197497797643752,
    "avgRet": 0.0006371074147413685
  },
  "IWM": {
    "std30": 0.013124801166662542,
    "avgRet": 1.1878921792142266e-05
  },
  "SOXX": {
    "std30": 0.024843595954618866,
    "avgRet": 0.0031928936525411162
  },
  "XLE": {
    "std30": 0.010290187796250558,
    "avgRet": -0.0002419780384115354
  },
  "NVDA": {
    "std30": 0.023895698775266632,
    "avgRet": 0.0013142391246153723
  },
  "TSM": {
    "std30": 0.02712856984612822,
    "avgRet": 0.0019172070193818785
  },
  "ASML.AS": {
    "std30": 0.022287454349870083,
    "avgRet": 0.001962518358724932
  },
  "LMT": {
    "std30": 0.012033614164891676,
    "avgRet": -0.002353307733479909
  },
  "MCHI": {
    "std30": 0.015795938788475287,
    "avgRet": -0.0009514059374513818
  },
  "EEM": {
    "std30": 0.01219840660478861,
    "avgRet": 0.0008893674346157238
  }
}