{
  "SPY": {
    "std30": 0.008201719808562635,
    "avgRet": -0.00010512063313544132
  },
  "QQQ": {
    "std30": 0.01180948845803984,
    "avgRet": -0.00021308316374254722
  },
  "IWM": {
    "std30": 0.013388944647361003,
    "avgRet": 0.00013405896137441697
  },
  "SOXX": {
    "std30": 0.022425340866155403,
    "avgRet": 0.001152021345753605
  },
  "XLE": {
    "std30": 0.09405263704009154,
    "avgRet": -0.016178376186216235
  },
  "NVDA": {
    "std30": 0.026084550445694438,
    "avgRet": -0.0008604409406360677
  },
  "TSM": {
    "std30": 0.016780009805480875,
    "avgRet": 0.000473594533866287
  },
  "ASML.AS": {
    "std30": 0.022410933411953857,
    "avgRet": 0.0020671441606359294
  },
  "LMT": {
    "std30": 0.01442272963495857,
    "avgRet": -0.001540049140929637
  },
  "MCHI": {
    "std30": 0.009487811565738559,
    "avgRet": -0.0017848083154832907
  },
  "EEM": {
    "std30": 0.007812758758196696,
    "avgRet": -0.0006516228235908882
  }
}