{
  "SPY": {
    "std30": 0.005006326476611668,
    "avgRet": 0.0017146664077457383
  },
  "QQQ": {
    "std30": 0.005803876197468816,
    "avgRet": 0.0024099812002366795
  },
  "IWM": {
    "std30": 0.010924780042258676,
    "avgRet": 0.0024122235813624476
  },
  "SOXX": {
    "std30": 0.011874030964833011,
    "avgRet": 0.005045898611471112
  },
  "XLE": {
    "std30": 0.011275289115141042,
    "avgRet": 0.0011194682599758254
  },
  "NVDA": {
    "std30": 0.019078236218533315,
    "avgRet": 0.0028731399079226752
  },
  "TSM": {
    "std30": 0.017484850546367666,
    "avgRet": 0.008384063471211246
  },
  "ASML.AS": {
    "std30": 0.021586916035400083,
    "avgRet": 0.01167255936229847
  },
  "LMT": {
    "std30": 0.008300969098036404,
    "avgRet": 0.003855252531442408
  },
  "MCHI": {
    "std30": 0.012631085524620538,
    "avgRet": 0.003847930142104138
  },
  "EEM": {
    "std30": 0.006511800054747182,
    "avgRet": 0.0028868907367170992
  }
}