{
  "SPY": {
    "std30": 0.00597366214006253,
    "avgRet": 0.0011048177880369913
  },
  "QQQ": {
    "std30": 0.007863357932665752,
    "avgRet": 0.0014911260303996806
  },
  "IWM": {
    "std30": 0.009099901152232463,
    "avgRet": 0.0018476994214351795
  },
  "SOXX": {
    "std30": 0.01648031064529869,
    "avgRet": 0.0077576574927066076
  },
  "XLE": {
    "std30": 0.012975795948530997,
    "avgRet": 0.004456607730260097
  },
  "NVDA": {
    "std30": 0.016721144958586717,
    "avgRet": 0.004160235683075863
  },
  "TSM": {
    "std30": 0.019239976490636173,
    "avgRet": 0.006986294498157858
  },
  "ASML.AS": {
    "std30": 0.026710114236205392,
    "avgRet": 0.012715045679922508
  },
  "LMT": {
    "std30": 0.019839079887719543,
    "avgRet": 0.010090976238656095
  },
  "MCHI": {
    "std30": 0.012694791433605543,
    "avgRet": 0.0021168568994942073
  },
  "EEM": {
    "std30": 0.008783621130262157,
    "avgRet": 0.004505297188811273
  }
}