{
  "SPY": {
    "std30": 0.006425370059612384,
    "avgRet": -0.000503064259914394
  },
  "QQQ": {
    "std30": 0.008946701718398571,
    "avgRet": -0.0013768253493073907
  },
  "IWM": {
    "std30": 0.009864228867887017,
    "avgRet": 0.0005576663503609766
  },
  "SOXX": {
    "std30": 0.020489940630493492,
    "avgRet": 0.0029937350767963826
  },
  "XLE": {
    "std30": 0.01485535176253395,
    "avgRet": 0.005644288703321446
  },
  "NVDA": {
    "std30": 0.016935452364759997,
    "avgRet": -0.0031483045653812308
  },
  "TSM": {
    "std30": 0.021596451830776624,
    "avgRet": 0.003946451428963043
  },
  "ASML.AS": {
    "std30": 0.029885049257374896,
    "avgRet": 0.008739525921728828
  },
  "LMT": {
    "std30": 0.02192023759471871,
    "avgRet": 0.008299975895583369
  },
  "MCHI": {
    "std30": 0.013783232191938244,
    "avgRet": -0.0002313890906059341
  },
  "EEM": {
    "std30": 0.010192522873101543,
    "avgRet": 0.00261599764797236
  }
}