{
  "SPY": {
    "std30": 0.005139513335002881,
    "avgRet": 0.0012401434595738828
  },
  "QQQ": {
    "std30": 0.006115990118329369,
    "avgRet": 0.001759958532632383
  },
  "IWM": {
    "std30": 0.01105300009438196,
    "avgRet": 0.002128148434830484
  },
  "SOXX": {
    "std30": 0.011714006200894815,
    "avgRet": 0.0035095717842377997
  },
  "XLE": {
    "std30": 0.011745722829033583,
    "avgRet": 0.001483190360837293
  },
  "NVDA": {
    "std30": 0.019121807685466723,
    "avgRet": 0.0023098152969204255
  },
  "TSM": {
    "std30": 0.017434487338990865,
    "avgRet": 0.00628080921330264
  },
  "ASML.AS": {
    "std30": 0.021678634991477194,
    "avgRet": 0.009613315973233005
  },
  "LMT": {
    "std30": 0.008193555737190342,
    "avgRet": 0.004162114028345152
  },
  "MCHI": {
    "std30": 0.012586889967875605,
    "avgRet": 0.003581987240868897
  },
  "EEM": {
    "std30": 0.006539940374324788,
    "avgRet": 0.0023677202428148796
  }
}