{
  "SPY": {
    "std30": 0.005981463212382133,
    "avgRet": 0.001780836585733079
  },
  "QQQ": {
    "std30": 0.008933297563863284,
    "avgRet": 0.0018712177928257147
  },
  "IWM": {
    "std30": 0.011075786109965907,
    "avgRet": 0.003170447117602328
  },
  "SOXX": {
    "std30": 0.01959163842422709,
    "avgRet": 0.0061063967174259165
  },
  "XLE": {
    "std30": 0.011726490215402634,
    "avgRet": 0.0016440754912024787
  },
  "NVDA": {
    "std30": 0.018191104174031084,
    "avgRet": 0.0018586016960396167
  },
  "TSM": {
    "std30": 0.01955805060606943,
    "avgRet": 0.005466907628828074
  },
  "ASML.AS": {
    "std30": 0.0265293445322091,
    "avgRet": 0.007849120423045664
  },
  "LMT": {
    "std30": 0.014819872132338478,
    "avgRet": 0.0029451952287250964
  },
  "MCHI": {
    "std30": 0.011040867735699341,
    "avgRet": 0.0005478256036082973
  },
  "EEM": {
    "std30": 0.008521178750850556,
    "avgRet": 0.0021035017349129007
  }
}