{
  "SPY": {
    "std30": 0.005904079172263825,
    "avgRet": 0.0012706965249004625
  },
  "QQQ": {
    "std30": 0.007104321393717556,
    "avgRet": 0.0015695888905854303
  },
  "IWM": {
    "std30": 0.012240674011251475,
    "avgRet": 0.0011921175732612318
  },
  "SOXX": {
    "std30": 0.012920832638035985,
    "avgRet": 0.0015074234182950366
  },
  "XLE": {
    "std30": 0.01027447377740154,
    "avgRet": -0.0001035299387013185
  },
  "NVDA": {
    "std30": 0.015449024117421327,
    "avgRet": 0.004404214146787557
  },
  "TSM": {
    "std30": 0.01811841989035221,
    "avgRet": 0.0016494740123676561
  },
  "ASML.AS": {
    "std30": 0.022929299513574,
    "avgRet": -0.0015479382729974575
  },
  "LMT": {
    "std30": 0.022600402907889155,
    "avgRet": -0.002061274979677544
  },
  "MCHI": {
    "std30": 0.011402840401097103,
    "avgRet": 0.0031483296629751262
  },
  "EEM": {
    "std30": 0.006419875281105324,
    "avgRet": 0.001364388272240594
  }
}