{
  "SPY": {
    "std30": 0.005184621863925417,
    "avgRet": 0.0015578121673395918
  },
  "QQQ": {
    "std30": 0.006783404798996865,
    "avgRet": 0.0016490000392579839
  },
  "IWM": {
    "std30": 0.012548181438895084,
    "avgRet": 0.003431604967295504
  },
  "SOXX": {
    "std30": 0.014231802909528078,
    "avgRet": 0.0036889530702644844
  },
  "XLE": {
    "std30": 0.009933440814008952,
    "avgRet": 0.0014128689293652114
  },
  "NVDA": {
    "std30": 0.01718351956099623,
    "avgRet": -0.001059210776629841
  },
  "TSM": {
    "std30": 0.017206679530385075,
    "avgRet": 0.003794318053904859
  },
  "ASML.AS": {
    "std30": 0.022189419012346324,
    "avgRet": 0.010059282677564311
  },
  "LMT": {
    "std30": 0.009170866026147055,
    "avgRet": 0.00398840725751955
  },
  "MCHI": {
    "std30": 0.013841014911415072,
    "avgRet": 0.003839875363105785
  },
  "EEM": {
    "std30": 0.007445522823779692,
    "avgRet": 0.00257084434219807
  }
}