{
  "SPY": {
    "std30": 0.005875486479379309,
    "avgRet": 0.0009777712603808997
  },
  "QQQ": {
    "std30": 0.0073176638754667124,
    "avgRet": 0.0009628508950183331
  },
  "IWM": {
    "std30": 0.012055211538042954,
    "avgRet": 0.0006578633662877491
  },
  "SOXX": {
    "std30": 0.012709796311556793,
    "avgRet": 0.0004923290327171778
  },
  "XLE": {
    "std30": 0.008873712399003466,
    "avgRet": -0.0010795907498273689
  },
  "NVDA": {
    "std30": 0.01562532817979488,
    "avgRet": 0.003221607086263033
  },
  "TSM": {
    "std30": 0.018456863287667456,
    "avgRet": 0.0007909220544591216
  },
  "ASML.AS": {
    "std30": 0.022884956421931626,
    "avgRet": -0.001988498884111766
  },
  "LMT": {
    "std30": 0.022585535544712973,
    "avgRet": -0.0012669270677092904
  },
  "MCHI": {
    "std30": 0.01114158767156634,
    "avgRet": 0.00323447132341815
  },
  "EEM": {
    "std30": 0.006528078768505656,
    "avgRet": 0.0011728550443948283
  }
}