{
  "SPY": {
    "std30": 0.008223000321450596,
    "avgRet": -0.001956770376648286
  },
  "QQQ": {
    "std30": 0.010449928454666184,
    "avgRet": -0.0015367954700299161
  },
  "IWM": {
    "std30": 0.012735627626504528,
    "avgRet": -0.002245800236553492
  },
  "SOXX": {
    "std30": 0.020845732008718473,
    "avgRet": -0.0008275689193175635
  },
  "XLE": {
    "std30": 0.011368412647745033,
    "avgRet": 0.004447755284730629
  },
  "NVDA": {
    "std30": 0.020547591930581196,
    "avgRet": -0.002295352702456254
  },
  "TSM": {
    "std30": 0.0234049578683716,
    "avgRet": -0.001552901751302998
  },
  "ASML.AS": {
    "std30": 0.0261301919370876,
    "avgRet": -1.526165433752108e-05
  },
  "LMT": {
    "std30": 0.015238905415158951,
    "avgRet": -0.0009547745522263788
  },
  "MCHI": {
    "std30": 0.012599262713687158,
    "avgRet": -0.0036363367126740257
  },
  "EEM": {
    "std30": 0.01871320604227912,
    "avgRet": -0.0022239417852997364
  }
}