{
  "SPY": {
    "std30": 0.007300421534513936,
    "avgRet": 1.2133209990272675e-05
  },
  "QQQ": {
    "std30": 0.010723321676377118,
    "avgRet": -0.00025687977697488396
  },
  "IWM": {
    "std30": 0.012378535641173834,
    "avgRet": -0.0007112751994982452
  },
  "SOXX": {
    "std30": 0.022982929172013753,
    "avgRet": -0.00040254059415131924
  },
  "XLE": {
    "std30": 0.01287509269403192,
    "avgRet": 0.004989320903971604
  },
  "NVDA": {
    "std30": 0.025611870984445347,
    "avgRet": 0.0002620065885171646
  },
  "TSM": {
    "std30": 0.0229683990879155,
    "avgRet": 0.0034204227382937436
  },
  "ASML.AS": {
    "std30": 0.02390483386422738,
    "avgRet": 0.0012621295283092055
  },
  "LMT": {
    "std30": 0.018684943449639977,
    "avgRet": 0.004498025478433013
  },
  "MCHI": {
    "std30": 0.011947744684317996,
    "avgRet": -0.0030182106630477147
  },
  "EEM": {
    "std30": 0.015169139068384022,
    "avgRet": 0.0005769117485869912
  }
}