{
  "SPY": {
    "std30": 0.004987217108217409,
    "avgRet": 0.0006565275021855313
  },
  "QQQ": {
    "std30": 0.007677428781253847,
    "avgRet": 0.0005030860518370512
  },
  "IWM": {
    "std30": 0.009009818422851971,
    "avgRet": 0.0022605013182963405
  },
  "SOXX": {
    "std30": 0.019424537909615566,
    "avgRet": 0.004249941854008173
  },
  "XLE": {
    "std30": 0.015006909620249505,
    "avgRet": 0.0015403239328347065
  },
  "NVDA": {
    "std30": 0.016833531205373033,
    "avgRet": 0.0010974490667977812
  },
  "TSM": {
    "std30": 0.01967675336390818,
    "avgRet": 0.005108808091044594
  },
  "ASML.AS": {
    "std30": 0.02890257500206812,
    "avgRet": 0.005969536867903699
  },
  "LMT": {
    "std30": 0.01835911010387642,
    "avgRet": 0.00828936520811863
  },
  "MCHI": {
    "std30": 0.012532818894537561,
    "avgRet": 0.0005778404206138024
  },
  "EEM": {
    "std30": 0.00916783325199163,
    "avgRet": 0.002050648373531665
  }
}