{
  "SPY": {
    "std30": 0.0049357368619906425,
    "avgRet": 0.0012632869563625902
  },
  "QQQ": {
    "std30": 0.006512595985470586,
    "avgRet": 0.0012429710751837048
  },
  "IWM": {
    "std30": 0.011573621880169443,
    "avgRet": 0.0030031453566884223
  },
  "SOXX": {
    "std30": 0.013253890855519927,
    "avgRet": 0.002889753506562191
  },
  "XLE": {
    "std30": 0.010869530576941108,
    "avgRet": 0.002129964239585286
  },
  "NVDA": {
    "std30": 0.01905247575491889,
    "avgRet": -0.0004241233069862223
  },
  "TSM": {
    "std30": 0.018634117463315166,
    "avgRet": 0.005170627310967329
  },
  "ASML.AS": {
    "std30": 0.021910387322972836,
    "avgRet": 0.009469228162475717
  },
  "LMT": {
    "std30": 0.009235361287411209,
    "avgRet": 0.003780732337499495
  },
  "MCHI": {
    "std30": 0.013734476022130133,
    "avgRet": 0.0031285826213166058
  },
  "EEM": {
    "std30": 0.007236484855944043,
    "avgRet": 0.0024333952487514475
  }
}