{
  "SPY": {
    "std30": 0.005038152310416449,
    "avgRet": 0.0006050078392388836
  },
  "QQQ": {
    "std30": 0.007693583027841236,
    "avgRet": 0.0004669850495224419
  },
  "IWM": {
    "std30": 0.009422483956063462,
    "avgRet": 0.0017679276833251518
  },
  "SOXX": {
    "std30": 0.019390359129381564,
    "avgRet": 0.0038888188595510844
  },
  "XLE": {
    "std30": 0.014741381202563948,
    "avgRet": 0.0012379867314981047
  },
  "NVDA": {
    "std30": 0.017073604758502663,
    "avgRet": 0.0016499256301833944
  },
  "TSM": {
    "std30": 0.01994616877494065,
    "avgRet": 0.00466303235744836
  },
  "ASML.AS": {
    "std30": 0.02910014089249966,
    "avgRet": 0.006959338000416799
  },
  "LMT": {
    "std30": 0.020497425057024468,
    "avgRet": 0.006623983573536234
  },
  "MCHI": {
    "std30": 0.012405063854974077,
    "avgRet": 0.0011977545231756476
  },
  "EEM": {
    "std30": 0.009019943176580532,
    "avgRet": 0.002266290187994528
  }
}