{
  "SPY": {
    "std30": 0.007004822696571648,
    "avgRet": 0.0007631207367694982
  },
  "QQQ": {
    "std30": 0.009271008437432298,
    "avgRet": 0.0014621883387522354
  },
  "IWM": {
    "std30": 0.012070170705537063,
    "avgRet": 0.0012737975641001688
  },
  "SOXX": {
    "std30": 0.02077956186338596,
    "avgRet": 0.005627840365556547
  },
  "XLE": {
    "std30": 0.011322143529944964,
    "avgRet": -0.0008210963778248156
  },
  "NVDA": {
    "std30": 0.02196140060465065,
    "avgRet": 0.0031583106116423896
  },
  "TSM": {
    "std30": 0.027454617262996493,
    "avgRet": 0.0074913294826321605
  },
  "ASML.AS": {
    "std30": 0.025216893687542628,
    "avgRet": 0.009584203920832165
  },
  "LMT": {
    "std30": 0.008945436139054849,
    "avgRet": 0.0021902192826076337
  },
  "MCHI": {
    "std30": 0.016451611301925056,
    "avgRet": 0.00131002653666104
  },
  "EEM": {
    "std30": 0.01109052623773466,
    "avgRet": 0.002554281384115865
  }
}