{
  "SPY": {
    "std30": 0.008343590231932268,
    "avgRet": -0.0003897569649611988
  },
  "QQQ": {
    "std30": 0.01122388997604721,
    "avgRet": -0.0008660311290742214
  },
  "IWM": {
    "std30": 0.012726489926323617,
    "avgRet": -0.0006224126221980415
  },
  "SOXX": {
    "std30": 0.022035964749307673,
    "avgRet": 0.00152488778367469
  },
  "XLE": {
    "std30": 0.012605695220478073,
    "avgRet": 0.005509413485595974
  },
  "NVDA": {
    "std30": 0.026067625963151785,
    "avgRet": -0.0011626820082059675
  },
  "TSM": {
    "std30": 0.022898753002668033,
    "avgRet": 0.003215045840955612
  },
  "ASML.AS": {
    "std30": 0.022635955425930887,
    "avgRet": 0.0031489779246524304
  },
  "LMT": {
    "std30": 0.01779516136337089,
    "avgRet": 0.0042376507403612635
  },
  "MCHI": {
    "std30": 0.011746544986740153,
    "avgRet": -0.002484065493515017
  },
  "EEM": {
    "std30": 0.011554511025357657,
    "avgRet": 0.0025559498006191284
  }
}