{
  "SPY": {
    "std30": 0.0072503174206408096,
    "avgRet": 0.0005808476505308373
  },
  "QQQ": {
    "std30": 0.00987458487459005,
    "avgRet": -8.779828409216459e-05
  },
  "IWM": {
    "std30": 0.011554103133646491,
    "avgRet": 0.002537660807264578
  },
  "SOXX": {
    "std30": 0.022550647146932296,
    "avgRet": 0.0066816152790983045
  },
  "XLE": {
    "std30": 0.015273863054706306,
    "avgRet": 0.007223309468524299
  },
  "NVDA": {
    "std30": 0.023155108392105495,
    "avgRet": 0.0012148213067604084
  },
  "TSM": {
    "std30": 0.024031205122480557,
    "avgRet": 0.007776325543543889
  },
  "ASML.AS": {
    "std30": 0.03073469887081679,
    "avgRet": 0.010679256264906239
  },
  "LMT": {
    "std30": 0.02232269371071892,
    "avgRet": 0.010028330591356415
  },
  "MCHI": {
    "std30": 0.01432493178243753,
    "avgRet": 0.0007243543756824007
  },
  "EEM": {
    "std30": 0.011186314043516152,
    "avgRet": 0.004242930096709641
  }
}