{
  "SPY": {
    "std30": 0.007055532563535016,
    "avgRet": 0.000779369564541652
  },
  "QQQ": {
    "std30": 0.009282696625696156,
    "avgRet": 0.0014541070698306886
  },
  "IWM": {
    "std30": 0.012462349451157803,
    "avgRet": 0.0007559079691061958
  },
  "SOXX": {
    "std30": 0.020902203459825637,
    "avgRet": 0.005146908892106982
  },
  "XLE": {
    "std30": 0.011352766867167331,
    "avgRet": -0.00044761194108990625
  },
  "NVDA": {
    "std30": 0.02195329648564302,
    "avgRet": 0.0031063613210239316
  },
  "TSM": {
    "std30": 0.02747758993933796,
    "avgRet": 0.0067693181552108414
  },
  "ASML.AS": {
    "std30": 0.025161440307477134,
    "avgRet": 0.009053229915052384
  },
  "LMT": {
    "std30": 0.008673847020894791,
    "avgRet": 0.002593082276979217
  },
  "MCHI": {
    "std30": 0.0162335883911562,
    "avgRet": 0.000626390174972963
  },
  "EEM": {
    "std30": 0.011027561315406251,
    "avgRet": 0.0021697078720758632
  }
}