{
  "SPY": {
    "std30": 0.00440874696906659,
    "avgRet": 0.0011123424566224524
  },
  "QQQ": {
    "std30": 0.0059125090125707,
    "avgRet": 0.001853499549204291
  },
  "IWM": {
    "std30": 0.008692588956920783,
    "avgRet": 0.0012165101748875758
  },
  "SOXX": {
    "std30": 0.014743835575658218,
    "avgRet": 0.004690856396784337
  },
  "XLE": {
    "std30": 0.010829427611280244,
    "avgRet": -0.0006952604075895083
  },
  "NVDA": {
    "std30": 0.01952462116131136,
    "avgRet": 0.0025242580322987398
  },
  "TSM": {
    "std30": 0.020454816401306062,
    "avgRet": 0.00796149828599693
  },
  "ASML.AS": {
    "std30": 0.023957134154445333,
    "avgRet": 0.008819140031176625
  },
  "LMT": {
    "std30": 0.00906482912375284,
    "avgRet": 0.00375992193841198
  },
  "MCHI": {
    "std30": 0.011669990597246148,
    "avgRet": 0.002587114867582115
  },
  "EEM": {
    "std30": 0.006178817352013791,
    "avgRet": 0.0025073107238068326
  }
}