{
  "SPY": {
    "std30": 0.004962685031973381,
    "avgRet": 0.0006947226286858046
  },
  "QQQ": {
    "std30": 0.0076681093825107976,
    "avgRet": 0.0005316764411776749
  },
  "IWM": {
    "std30": 0.009024752934332426,
    "avgRet": 0.002182041504226326
  },
  "SOXX": {
    "std30": 0.019401637985890726,
    "avgRet": 0.004175830279554742
  },
  "XLE": {
    "std30": 0.014859807480712615,
    "avgRet": 0.0013974519074749206
  },
  "NVDA": {
    "std30": 0.0168457925187971,
    "avgRet": 0.00124756299004596
  },
  "TSM": {
    "std30": 0.01969291881501254,
    "avgRet": 0.005057879581160823
  },
  "ASML.AS": {
    "std30": 0.028991218933467996,
    "avgRet": 0.005750862302218299
  },
  "LMT": {
    "std30": 0.018377441730542465,
    "avgRet": 0.0084717127180586
  },
  "MCHI": {
    "std30": 0.0125636738092202,
    "avgRet": 0.000545643633853125
  },
  "EEM": {
    "std30": 0.009183366452246572,
    "avgRet": 0.0020357697237988882
  }
}