{
  "SPY": {
    "std30": 0.0049799876393236304,
    "avgRet": 0.001780433583997537
  },
  "QQQ": {
    "std30": 0.00579754657603129,
    "avgRet": 0.0024973813459988536
  },
  "IWM": {
    "std30": 0.010886831793005255,
    "avgRet": 0.0025935321600311662
  },
  "SOXX": {
    "std30": 0.012122933854274112,
    "avgRet": 0.005299209749923752
  },
  "XLE": {
    "std30": 0.011402728403287193,
    "avgRet": 0.0009187627027477261
  },
  "NVDA": {
    "std30": 0.019049260109808112,
    "avgRet": 0.0027902479529174793
  },
  "TSM": {
    "std30": 0.017530814265021503,
    "avgRet": 0.008304571550100708
  },
  "ASML.AS": {
    "std30": 0.021779626825647408,
    "avgRet": 0.011992375632061864
  },
  "LMT": {
    "std30": 0.008296963775953153,
    "avgRet": 0.0038673456832632935
  },
  "MCHI": {
    "std30": 0.012662551731540156,
    "avgRet": 0.0039025820614274963
  },
  "EEM": {
    "std30": 0.006521020970774219,
    "avgRet": 0.0029820354720417387
  }
}