{
  "SPY": {
    "std30": 0.00600079277497817,
    "avgRet": 0.001058611567189143
  },
  "QQQ": {
    "std30": 0.008175935557849099,
    "avgRet": 0.001244049721073289
  },
  "IWM": {
    "std30": 0.009285726326582653,
    "avgRet": 0.0017318272971259846
  },
  "SOXX": {
    "std30": 0.018349031241948456,
    "avgRet": 0.006874414568437289
  },
  "XLE": {
    "std30": 0.01295889896680649,
    "avgRet": 0.004903770804830506
  },
  "NVDA": {
    "std30": 0.016812007561965825,
    "avgRet": 0.003993652308096685
  },
  "TSM": {
    "std30": 0.020068907749225852,
    "avgRet": 0.006312989566173842
  },
  "ASML.AS": {
    "std30": 0.02734016940047909,
    "avgRet": 0.01205532441215814
  },
  "LMT": {
    "std30": 0.019885705036868425,
    "avgRet": 0.010223919678423576
  },
  "MCHI": {
    "std30": 0.01343058727569502,
    "avgRet": 0.001746420912443358
  },
  "EEM": {
    "std30": 0.009760635603907813,
    "avgRet": 0.004071695326605383
  }
}