{
  "SPY": {
    "std30": 0.006887281450482641,
    "avgRet": 0.0008316617006101626
  },
  "QQQ": {
    "std30": 0.008772770160390854,
    "avgRet": 0.0008336494147344628
  },
  "IWM": {
    "std30": 0.012702029478655015,
    "avgRet": 0.0022050046821748786
  },
  "SOXX": {
    "std30": 0.0147025594003784,
    "avgRet": 0.0005042544649103027
  },
  "XLE": {
    "std30": 0.009788699291687224,
    "avgRet": -0.0004886676094403795
  },
  "NVDA": {
    "std30": 0.016120346734710522,
    "avgRet": -0.0008196699780531575
  },
  "TSM": {
    "std30": 0.019199045343551446,
    "avgRet": 0.0015221377267730595
  },
  "ASML.AS": {
    "std30": 0.01826871372905474,
    "avgRet": 0.004094739246361811
  },
  "LMT": {
    "std30": 0.009727209438648349,
    "avgRet": 0.002954854147282865
  },
  "MCHI": {
    "std30": 0.013533211205193465,
    "avgRet": 0.0025950887286787135
  },
  "EEM": {
    "std30": 0.007670605749739737,
    "avgRet": 0.0013965021194319248
  }
}