{
  "SPY": {
    "std30": 0.005967354326845879,
    "avgRet": 0.0010486137610211397
  },
  "QQQ": {
    "std30": 0.007357785261115554,
    "avgRet": 0.0013893944492349613
  },
  "IWM": {
    "std30": 0.010975955708597104,
    "avgRet": 0.0007576345081431419
  },
  "SOXX": {
    "std30": 0.011667533800032678,
    "avgRet": 0.0007725692509767841
  },
  "XLE": {
    "std30": 0.010729970109308781,
    "avgRet": -0.00014028335341649114
  },
  "NVDA": {
    "std30": 0.016764347109652775,
    "avgRet": 0.005152805488738743
  },
  "TSM": {
    "std30": 0.01987956802601144,
    "avgRet": 0.002630816344240817
  },
  "ASML.AS": {
    "std30": 0.022067072870843123,
    "avgRet": -0.003309940112341314
  },
  "LMT": {
    "std30": 0.022008834049061694,
    "avgRet": -0.002613301452197533
  },
  "MCHI": {
    "std30": 0.008971801539123464,
    "avgRet": 0.0016089824158438634
  },
  "EEM": {
    "std30": 0.005958202059858409,
    "avgRet": 0.000735422357153327
  }
}