{
  "SPY": {
    "std30": 0.009509107216539182,
    "avgRet": -0.0006299816081955646
  },
  "QQQ": {
    "std30": 0.013161325131013835,
    "avgRet": -0.0007795847557269291
  },
  "IWM": {
    "std30": 0.01428622969160323,
    "avgRet": -0.0018028147337949016
  },
  "SOXX": {
    "std30": 0.024898872684396795,
    "avgRet": -0.001463862787485341
  },
  "XLE": {
    "std30": 0.011625014880758113,
    "avgRet": 0.0008665148761454839
  },
  "NVDA": {
    "std30": 0.027739894513135785,
    "avgRet": -0.0010705274301141964
  },
  "TSM": {
    "std30": 0.02519113723474846,
    "avgRet": -0.002844329915269808
  },
  "ASML.AS": {
    "std30": 0.02043574378845991,
    "avgRet": 0.0007640419819678239
  },
  "LMT": {
    "std30": 0.012297016261350872,
    "avgRet": -0.002665563918438181
  },
  "MCHI": {
    "std30": 0.016005168326155946,
    "avgRet": -0.0018635891772401582
  },
  "EEM": {
    "std30": 0.01272995855757192,
    "avgRet": -0.00020740209206632795
  }
}