{
  "SPY": {
    "std30": 0.006658461644049859,
    "avgRet": 0.0011655789055989927
  },
  "QQQ": {
    "std30": 0.008292631385376215,
    "avgRet": 0.001065305722338332
  },
  "IWM": {
    "std30": 0.013748428967358426,
    "avgRet": 0.0018273754540323968
  },
  "SOXX": {
    "std30": 0.014369684122669674,
    "avgRet": 0.0010799815184928253
  },
  "XLE": {
    "std30": 0.009366550595563036,
    "avgRet": -5.9484260823989294e-05
  },
  "NVDA": {
    "std30": 0.016669271425742437,
    "avgRet": 0.0028270077078326756
  },
  "TSM": {
    "std30": 0.020008389188019518,
    "avgRet": 0.0008642208362309253
  },
  "ASML.AS": {
    "std30": 0.024017194139429876,
    "avgRet": -0.0017948714737855804
  },
  "LMT": {
    "std30": 0.022484182639811987,
    "avgRet": -0.001574977932118402
  },
  "MCHI": {
    "std30": 0.011809902216493499,
    "avgRet": 0.0035649549644117817
  },
  "EEM": {
    "std30": 0.007298670055121752,
    "avgRet": 0.0015515705023007452
  }
}