{
  "SPY": {
    "std30": 0.008269249167396396,
    "avgRet": -0.00033374936073713753
  },
  "QQQ": {
    "std30": 0.011193952284310362,
    "avgRet": -0.0008477788447748307
  },
  "IWM": {
    "std30": 0.012472430230928233,
    "avgRet": -0.0005099575784919723
  },
  "SOXX": {
    "std30": 0.021882698243681595,
    "avgRet": 0.0007180801119013658
  },
  "XLE": {
    "std30": 0.012918843064887572,
    "avgRet": 0.006248362935684231
  },
  "NVDA": {
    "std30": 0.02689979881273571,
    "avgRet": -0.0006366568290674773
  },
  "TSM": {
    "std30": 0.02306599556801716,
    "avgRet": 0.002796916265818151
  },
  "ASML.AS": {
    "std30": 0.022862693321908458,
    "avgRet": 0.0017123190455921723
  },
  "LMT": {
    "std30": 0.018673742216158456,
    "avgRet": 0.005353837021155818
  },
  "MCHI": {
    "std30": 0.011579555183697344,
    "avgRet": -0.002324235601509934
  },
  "EEM": {
    "std30": 0.012243976649402665,
    "avgRet": 0.0020569520079576583
  }
}