{
  "SPY": {
    "std30": 0.005131783850319636,
    "avgRet": 0.0007488536466168094
  },
  "QQQ": {
    "std30": 0.007848609503404836,
    "avgRet": 0.0007379360895930843
  },
  "IWM": {
    "std30": 0.009437117604050636,
    "avgRet": 0.001803827836950759
  },
  "SOXX": {
    "std30": 0.019617601228249973,
    "avgRet": 0.004389099207401757
  },
  "XLE": {
    "std30": 0.014810855428894222,
    "avgRet": 0.0019262517164783646
  },
  "NVDA": {
    "std30": 0.01746156023433871,
    "avgRet": 0.0010240596706843994
  },
  "TSM": {
    "std30": 0.019556373884184138,
    "avgRet": 0.0039822142902401795
  },
  "ASML.AS": {
    "std30": 0.02923619138019872,
    "avgRet": 0.007419921504543774
  },
  "LMT": {
    "std30": 0.020429091242806657,
    "avgRet": 0.006375148743857197
  },
  "MCHI": {
    "std30": 0.010849693620585252,
    "avgRet": 0.00022592870203722314
  },
  "EEM": {
    "std30": 0.008734377777854845,
    "avgRet": 0.0018373986719880588
  }
}