{
  "SPY": {
    "std30": 0.007673480528627431,
    "avgRet": 0.00020969891530868472
  },
  "QQQ": {
    "std30": 0.011018028509555682,
    "avgRet": -0.00013653533915918435
  },
  "IWM": {
    "std30": 0.01324735844762356,
    "avgRet": 0.0015303279800311653
  },
  "SOXX": {
    "std30": 0.023207090791946293,
    "avgRet": 0.0005113366548607711
  },
  "XLE": {
    "std30": 0.09396634397004625,
    "avgRet": -0.01781947053708832
  },
  "NVDA": {
    "std30": 0.021651787763609993,
    "avgRet": -0.002633748175388471
  },
  "TSM": {
    "std30": 0.019035222024652614,
    "avgRet": -1.64902598838972e-05
  },
  "ASML.AS": {
    "std30": 0.024694641052888443,
    "avgRet": 0.0007558696631901896
  },
  "LMT": {
    "std30": 0.014012418182575594,
    "avgRet": 0.002375906500736629
  },
  "MCHI": {
    "std30": 0.008994919020901184,
    "avgRet": -0.001989408824784102
  },
  "EEM": {
    "std30": 0.00789068045357881,
    "avgRet": -0.0008948898900238117
  }
}