{
  "SPY": {
    "std30": 0.00840482802794093,
    "avgRet": -0.00019482611706205015
  },
  "QQQ": {
    "std30": 0.011444871936289331,
    "avgRet": -0.0007067785223685831
  },
  "IWM": {
    "std30": 0.012208498813662809,
    "avgRet": -7.071559929796272e-06
  },
  "SOXX": {
    "std30": 0.02278222340201058,
    "avgRet": 0.0022210927851094592
  },
  "XLE": {
    "std30": 0.012837009232134718,
    "avgRet": 0.004756786437939802
  },
  "NVDA": {
    "std30": 0.025284914395926627,
    "avgRet": 0.0008575105415801504
  },
  "TSM": {
    "std30": 0.024780581525739642,
    "avgRet": 0.00466778515739487
  },
  "ASML.AS": {
    "std30": 0.026119639353544003,
    "avgRet": 0.004602815802844507
  },
  "LMT": {
    "std30": 0.017764511158658135,
    "avgRet": 0.004033019573767985
  },
  "MCHI": {
    "std30": 0.012176059926150113,
    "avgRet": -0.00255649610180294
  },
  "EEM": {
    "std30": 0.011902288678492759,
    "avgRet": 0.0026256905684769573
  }
}