{
  "SPY": {
    "std30": 0.006887764144181964,
    "avgRet": 0.0008337875430416611
  },
  "QQQ": {
    "std30": 0.008772770160390854,
    "avgRet": 0.0008336494147344628
  },
  "IWM": {
    "std30": 0.012702985532252964,
    "avgRet": 0.0022035573470806226
  },
  "SOXX": {
    "std30": 0.0147025594003784,
    "avgRet": 0.0005042544649103027
  },
  "XLE": {
    "std30": 0.009795570578469848,
    "avgRet": -0.00047679883065858457
  },
  "NVDA": {
    "std30": 0.016118931740314695,
    "avgRet": -0.0008211041133412843
  },
  "TSM": {
    "std30": 0.019199045343551446,
    "avgRet": 0.0015221377267730595
  },
  "ASML.AS": {
    "std30": 0.01826871372905474,
    "avgRet": 0.004094739246361811
  },
  "LMT": {
    "std30": 0.009727209438648349,
    "avgRet": 0.002954854147282865
  },
  "MCHI": {
    "std30": 0.013533211205193465,
    "avgRet": 0.0025950887286787135
  },
  "EEM": {
    "std30": 0.007670605749739737,
    "avgRet": 0.0013965021194319248
  }
}