{
  "SPY": {
    "std30": 0.0073125514875941565,
    "avgRet": -0.00037584197562140297
  },
  "QQQ": {
    "std30": 0.01065018288663306,
    "avgRet": -0.000661127448924452
  },
  "IWM": {
    "std30": 0.012495030980580246,
    "avgRet": -0.0014338329400916605
  },
  "SOXX": {
    "std30": 0.022986624931055737,
    "avgRet": -0.0005741686732222417
  },
  "XLE": {
    "std30": 0.012929240592360943,
    "avgRet": 0.005278108047629228
  },
  "NVDA": {
    "std30": 0.025586019689492537,
    "avgRet": -0.00021606460312159338
  },
  "TSM": {
    "std30": 0.023071049770621948,
    "avgRet": 0.003001731987673173
  },
  "ASML.AS": {
    "std30": 0.02345289225256368,
    "avgRet": 0.00024325353108574317
  },
  "LMT": {
    "std30": 0.01875362258565118,
    "avgRet": 0.0037629354180293926
  },
  "MCHI": {
    "std30": 0.012139742136962388,
    "avgRet": -0.0037757845086021495
  },
  "EEM": {
    "std30": 0.015588667675629539,
    "avgRet": -0.00038426455303164353
  }
}