{
  "SPY": {
    "std30": 0.007600551513623144,
    "avgRet": -0.0011182963479040651
  },
  "QQQ": {
    "std30": 0.010880729084848743,
    "avgRet": -0.001396611042545331
  },
  "IWM": {
    "std30": 0.012986948163265058,
    "avgRet": -0.0018883882635170237
  },
  "SOXX": {
    "std30": 0.0244854959948774,
    "avgRet": -0.001166391073443985
  },
  "XLE": {
    "std30": 0.012887044362597395,
    "avgRet": 0.0049089115775962314
  },
  "NVDA": {
    "std30": 0.0261402562700983,
    "avgRet": -0.0008737623701001078
  },
  "TSM": {
    "std30": 0.024273087529896403,
    "avgRet": 0.0013052166313596751
  },
  "ASML.AS": {
    "std30": 0.026217614886103573,
    "avgRet": -0.0018156483061340751
  },
  "LMT": {
    "std30": 0.0189439076644244,
    "avgRet": 0.005056378385069257
  },
  "MCHI": {
    "std30": 0.012443899535624027,
    "avgRet": -0.0031539096827977674
  },
  "EEM": {
    "std30": 0.015738597390707414,
    "avgRet": -0.0009378572250972586
  }
}