{
  "SPY": {
    "std30": 0.007802071661005552,
    "avgRet": -0.0006983921869883059
  },
  "QQQ": {
    "std30": 0.011121473173613011,
    "avgRet": -0.0010455368091148308
  },
  "IWM": {
    "std30": 0.013363487993841383,
    "avgRet": -0.0009969742433168906
  },
  "SOXX": {
    "std30": 0.025455651507875727,
    "avgRet": -0.0003630213065173266
  },
  "XLE": {
    "std30": 0.01298785743068964,
    "avgRet": 0.0044015428275016874
  },
  "NVDA": {
    "std30": 0.026686882280747254,
    "avgRet": -0.00014622955999799397
  },
  "TSM": {
    "std30": 0.024632842549393203,
    "avgRet": 0.0016763308311801858
  },
  "ASML.AS": {
    "std30": 0.02762678305926652,
    "avgRet": -0.0008693673966528142
  },
  "LMT": {
    "std30": 0.019019502984908915,
    "avgRet": 0.003600959096461455
  },
  "MCHI": {
    "std30": 0.013731684272848361,
    "avgRet": -0.0022475266360516325
  },
  "EEM": {
    "std30": 0.016077069900796843,
    "avgRet": -0.00039490521575565756
  }
}