{
  "SPY": {
    "std30": 0.008149312204268946,
    "avgRet": 0.00044382703050805213
  },
  "QQQ": {
    "std30": 0.011587338852461665,
    "avgRet": -2.5447435490450496e-05
  },
  "IWM": {
    "std30": 0.013217161815784736,
    "avgRet": 0.0015047875537905918
  },
  "SOXX": {
    "std30": 0.023654911819506016,
    "avgRet": 3.694911120151802e-05
  },
  "XLE": {
    "std30": 0.09419746331958444,
    "avgRet": -0.01668147486071725
  },
  "NVDA": {
    "std30": 0.022973393221246172,
    "avgRet": -0.0024352534597037955
  },
  "TSM": {
    "std30": 0.019585236228343232,
    "avgRet": -0.00032783934518397745
  },
  "ASML.AS": {
    "std30": 0.025232446136052425,
    "avgRet": 0.0008933913723199872
  },
  "LMT": {
    "std30": 0.01446213317476996,
    "avgRet": 0.000373441207483589
  },
  "MCHI": {
    "std30": 0.009400852768206984,
    "avgRet": -0.0020897148092443047
  },
  "EEM": {
    "std30": 0.008412942776746675,
    "avgRet": -0.0008625115824150268
  }
}