{
  "SPY": {
    "std30": 0.008338195932379987,
    "avgRet": -0.0009161177186510159
  },
  "QQQ": {
    "std30": 0.011105336755536514,
    "avgRet": -0.000687012289717417
  },
  "IWM": {
    "std30": 0.013470290346565054,
    "avgRet": -0.0016223892354888026
  },
  "SOXX": {
    "std30": 0.024096960557598322,
    "avgRet": -0.00026016987493889313
  },
  "XLE": {
    "std30": 0.012016647516036942,
    "avgRet": 0.004365444422848084
  },
  "NVDA": {
    "std30": 0.02580127130230282,
    "avgRet": 0.0006219371177020374
  },
  "TSM": {
    "std30": 0.025381270357011425,
    "avgRet": 0.0013469430942924846
  },
  "ASML.AS": {
    "std30": 0.026218574777901522,
    "avgRet": 0.00016700789129641853
  },
  "LMT": {
    "std30": 0.01770884810921985,
    "avgRet": 0.000591613033942154
  },
  "MCHI": {
    "std30": 0.012416550718838919,
    "avgRet": -0.001442218081840767
  },
  "EEM": {
    "std30": 0.01712987090634664,
    "avgRet": -0.0003521972313741253
  }
}