{
  "SPY": {
    "std30": 0.008229930806838735,
    "avgRet": -9.819335427613454e-05
  },
  "QQQ": {
    "std30": 0.011829844641227535,
    "avgRet": -0.0011311510343354069
  },
  "IWM": {
    "std30": 0.013896927874253555,
    "avgRet": 0.000982720127074688
  },
  "SOXX": {
    "std30": 0.024009615032403314,
    "avgRet": -0.0009182128514719013
  },
  "XLE": {
    "std30": 0.09404606708732943,
    "avgRet": -0.016247815300547416
  },
  "NVDA": {
    "std30": 0.02354156028995933,
    "avgRet": -0.005254883565920746
  },
  "TSM": {
    "std30": 0.01900003807318063,
    "avgRet": -0.0018354147910274914
  },
  "ASML.AS": {
    "std30": 0.02324464860444005,
    "avgRet": 0.0009172623191505844
  },
  "LMT": {
    "std30": 0.014983659927045645,
    "avgRet": -0.00016396766695576505
  },
  "MCHI": {
    "std30": 0.009236840048388387,
    "avgRet": -0.0014349900102852266
  },
  "EEM": {
    "std30": 0.00802204486586,
    "avgRet": -0.0009361293933627543
  }
}