{
  "SPY": {
    "std30": 0.007067917109109453,
    "avgRet": 0.001230054129145238
  },
  "QQQ": {
    "std30": 0.009200729804644111,
    "avgRet": 0.002193655396611626
  },
  "IWM": {
    "std30": 0.011434111895162453,
    "avgRet": 0.0015770045694957825
  },
  "SOXX": {
    "std30": 0.019827041791706832,
    "avgRet": 0.005739954820181181
  },
  "XLE": {
    "std30": 0.012358261529482266,
    "avgRet": -0.0015389639914665913
  },
  "NVDA": {
    "std30": 0.020816162430765898,
    "avgRet": 0.0035864668197296587
  },
  "TSM": {
    "std30": 0.026541007328242192,
    "avgRet": 0.010130973385812512
  },
  "ASML.AS": {
    "std30": 0.025565264080571498,
    "avgRet": 0.0108829076473444
  },
  "LMT": {
    "std30": 0.009066629754157087,
    "avgRet": 0.0037515882687597646
  },
  "MCHI": {
    "std30": 0.016849268430644975,
    "avgRet": 0.001055581381911036
  },
  "EEM": {
    "std30": 0.010725516720505722,
    "avgRet": 0.0024840316233557687
  }
}