{
  "SPY": {
    "std30": 0.004117409440200448,
    "avgRet": 0.0013591478962944861
  },
  "QQQ": {
    "std30": 0.005393889179027763,
    "avgRet": 0.0020761709568297014
  },
  "IWM": {
    "std30": 0.008104968339315444,
    "avgRet": 0.0016719391510290913
  },
  "SOXX": {
    "std30": 0.012435391175014077,
    "avgRet": 0.004750265150051924
  },
  "XLE": {
    "std30": 0.010998202747067433,
    "avgRet": 0.00020088928586511995
  },
  "NVDA": {
    "std30": 0.019034475951391627,
    "avgRet": 0.001296583248830633
  },
  "TSM": {
    "std30": 0.01809756310017012,
    "avgRet": 0.008196124459128403
  },
  "ASML.AS": {
    "std30": 0.021886557612077626,
    "avgRet": 0.010686578017347537
  },
  "LMT": {
    "std30": 0.008709301574733217,
    "avgRet": 0.003968222877024432
  },
  "MCHI": {
    "std30": 0.012113867073080943,
    "avgRet": 0.002595667080188531
  },
  "EEM": {
    "std30": 0.005399843199255345,
    "avgRet": 0.002781644466184984
  }
}