{
  "SPY": {
    "std30": 0.007036149347929159,
    "avgRet": 0.0007330532352285386
  },
  "QQQ": {
    "std30": 0.009279671958957443,
    "avgRet": 0.0014464477284356911
  },
  "IWM": {
    "std30": 0.012333249392870775,
    "avgRet": 0.0011181409618496241
  },
  "SOXX": {
    "std30": 0.02078185346393232,
    "avgRet": 0.00559667113582014
  },
  "XLE": {
    "std30": 0.011264963509759494,
    "avgRet": -0.0007691645124322139
  },
  "NVDA": {
    "std30": 0.02196350732262245,
    "avgRet": 0.003164063171051947
  },
  "TSM": {
    "std30": 0.027376380146879747,
    "avgRet": 0.007575072193338436
  },
  "ASML.AS": {
    "std30": 0.02521287066375465,
    "avgRet": 0.009506688485186883
  },
  "LMT": {
    "std30": 0.008999791019946704,
    "avgRet": 0.0021566348253618767
  },
  "MCHI": {
    "std30": 0.016446899630861243,
    "avgRet": 0.0012664119803028541
  },
  "EEM": {
    "std30": 0.011080160264858885,
    "avgRet": 0.0025286626927186213
  }
}