{
  "SPY": {
    "std30": 0.005374383371915717,
    "avgRet": 0.001067463778856003
  },
  "QQQ": {
    "std30": 0.007743817666351537,
    "avgRet": 0.001076802362627504
  },
  "IWM": {
    "std30": 0.010040526033363023,
    "avgRet": 0.002213837782222015
  },
  "SOXX": {
    "std30": 0.019121586644340566,
    "avgRet": 0.0049788909559335855
  },
  "XLE": {
    "std30": 0.013789505136513414,
    "avgRet": 0.0008153380312667657
  },
  "NVDA": {
    "std30": 0.01781990878704726,
    "avgRet": 0.001334219633245694
  },
  "TSM": {
    "std30": 0.01947928182127105,
    "avgRet": 0.004135996380519007
  },
  "ASML.AS": {
    "std30": 0.02678264426414409,
    "avgRet": 0.007866013630255237
  },
  "LMT": {
    "std30": 0.017283248394994424,
    "avgRet": 0.003508362112743914
  },
  "MCHI": {
    "std30": 0.010828262856451666,
    "avgRet": 2.2810265914739965e-05
  },
  "EEM": {
    "std30": 0.008799262996641117,
    "avgRet": 0.0020092857721367707
  }
}