{
  "SPY": {
    "std30": 0.007988937153993616,
    "avgRet": -0.00010989626485636876
  },
  "QQQ": {
    "std30": 0.011339622756938447,
    "avgRet": -0.000966652119217583
  },
  "IWM": {
    "std30": 0.013353817321220415,
    "avgRet": 0.0006745639145952861
  },
  "SOXX": {
    "std30": 0.02264899466425875,
    "avgRet": -0.0017817607443232737
  },
  "XLE": {
    "std30": 0.09418098430189958,
    "avgRet": -0.016548863624023816
  },
  "NVDA": {
    "std30": 0.023023548487076006,
    "avgRet": -0.003946846192479211
  },
  "TSM": {
    "std30": 0.01882342574085866,
    "avgRet": -0.0017798950863836538
  },
  "ASML.AS": {
    "std30": 0.023837626232454556,
    "avgRet": -0.00024709648353155993
  },
  "LMT": {
    "std30": 0.014577971908039764,
    "avgRet": 0.00013240769900535847
  },
  "MCHI": {
    "std30": 0.009333062274079597,
    "avgRet": -0.0020075738111083223
  },
  "EEM": {
    "std30": 0.007964609004090042,
    "avgRet": -0.0014314804573296285
  }
}