{
  "SPY": {
    "std30": 0.00617488106979348,
    "avgRet": 0.0008964724477107848
  },
  "QQQ": {
    "std30": 0.008231870368376953,
    "avgRet": 0.0012117270996758209
  },
  "IWM": {
    "std30": 0.009582674797580229,
    "avgRet": 0.0015812590000010562
  },
  "SOXX": {
    "std30": 0.01760765550298071,
    "avgRet": 0.007168033162180873
  },
  "XLE": {
    "std30": 0.013163020466076472,
    "avgRet": 0.004221079087929109
  },
  "NVDA": {
    "std30": 0.01678512014337183,
    "avgRet": 0.004034850347070031
  },
  "TSM": {
    "std30": 0.019987974150306117,
    "avgRet": 0.0063617356245980255
  },
  "ASML.AS": {
    "std30": 0.02714988542750279,
    "avgRet": 0.012211925274156018
  },
  "LMT": {
    "std30": 0.019821119630781092,
    "avgRet": 0.0098422612200911
  },
  "MCHI": {
    "std30": 0.01361073969561927,
    "avgRet": 0.0016712599875344906
  },
  "EEM": {
    "std30": 0.009832839531485843,
    "avgRet": 0.004046021532132661
  }
}