{
  "SPY": {
    "std30": 0.007067917109109453,
    "avgRet": 0.001230054129145238
  },
  "QQQ": {
    "std30": 0.009200729804644111,
    "avgRet": 0.002193655396611626
  },
  "IWM": {
    "std30": 0.011440997852421763,
    "avgRet": 0.0015799048393658945
  },
  "SOXX": {
    "std30": 0.019763730693664033,
    "avgRet": 0.005711175871665077
  },
  "XLE": {
    "std30": 0.012358261529482266,
    "avgRet": -0.0015389639914665913
  },
  "NVDA": {
    "std30": 0.020816162430765898,
    "avgRet": 0.0035864668197296587
  },
  "TSM": {
    "std30": 0.02651111258364938,
    "avgRet": 0.010119915706499952
  },
  "ASML.AS": {
    "std30": 0.025565264080571498,
    "avgRet": 0.0108829076473444
  },
  "LMT": {
    "std30": 0.009066629754157087,
    "avgRet": 0.0037515882687597646
  },
  "MCHI": {
    "std30": 0.016849268430644975,
    "avgRet": 0.001055581381911036
  },
  "EEM": {
    "std30": 0.010725516720505722,
    "avgRet": 0.0024840316233557687
  }
}