{
  "SPY": {
    "std30": 0.007698876320719277,
    "avgRet": 0.0002782280492787986
  },
  "QQQ": {
    "std30": 0.011032316672397428,
    "avgRet": 8.886545201411507e-05
  },
  "IWM": {
    "std30": 0.013206143918114192,
    "avgRet": 0.001174290546247713
  },
  "SOXX": {
    "std30": 0.02275539514860825,
    "avgRet": 0.0013803319578630045
  },
  "XLE": {
    "std30": 0.09389343448814848,
    "avgRet": -0.018063168023929065
  },
  "NVDA": {
    "std30": 0.021896213334003094,
    "avgRet": -0.00048000794654549976
  },
  "TSM": {
    "std30": 0.018945858969497385,
    "avgRet": 0.0008520598383444502
  },
  "ASML.AS": {
    "std30": 0.02448120866907516,
    "avgRet": 0.0015982357837301877
  },
  "LMT": {
    "std30": 0.01399145107774868,
    "avgRet": 0.001967480247969735
  },
  "MCHI": {
    "std30": 0.008946922799805619,
    "avgRet": -0.0020859551875516023
  },
  "EEM": {
    "std30": 0.007957883239018717,
    "avgRet": -0.0007598833595384598
  }
}