{
  "SPY": {
    "std30": 0.005103589357880063,
    "avgRet": 0.0007253486988252919
  },
  "QQQ": {
    "std30": 0.007792673068499524,
    "avgRet": 0.0006918086544952173
  },
  "IWM": {
    "std30": 0.00949522641002053,
    "avgRet": 0.0018805986047786003
  },
  "SOXX": {
    "std30": 0.01955501498985418,
    "avgRet": 0.004341083600711079
  },
  "XLE": {
    "std30": 0.01481106713731443,
    "avgRet": 0.001889213307648413
  },
  "NVDA": {
    "std30": 0.01745829284215769,
    "avgRet": 0.0010771702749153538
  },
  "TSM": {
    "std30": 0.019464279231247536,
    "avgRet": 0.0038335852620920755
  },
  "ASML.AS": {
    "std30": 0.028948377008425008,
    "avgRet": 0.0072807570456452095
  },
  "LMT": {
    "std30": 0.020135760747003975,
    "avgRet": 0.006226825790913477
  },
  "MCHI": {
    "std30": 0.010852075179746581,
    "avgRet": 0.0002093185100234052
  },
  "EEM": {
    "std30": 0.00871891061755943,
    "avgRet": 0.0017767643153489
  }
}