{
  "SPY": {
    "std30": 0.007802850578218894,
    "avgRet": -0.0004923014207091032
  },
  "QQQ": {
    "std30": 0.010605415275419063,
    "avgRet": -0.001224770363726935
  },
  "IWM": {
    "std30": 0.01232488794119728,
    "avgRet": 0.0010341597328919578
  },
  "SOXX": {
    "std30": 0.022481779870327335,
    "avgRet": 0.003430058079723305
  },
  "XLE": {
    "std30": 0.015828082797418375,
    "avgRet": 0.00454862542163274
  },
  "NVDA": {
    "std30": 0.02365752878513555,
    "avgRet": -0.0011490223992633958
  },
  "TSM": {
    "std30": 0.023295425795957787,
    "avgRet": 0.004088942292820828
  },
  "ASML.AS": {
    "std30": 0.025875411907031253,
    "avgRet": 0.004812457802145396
  },
  "LMT": {
    "std30": 0.022214697398621298,
    "avgRet": 0.008202603650465316
  },
  "MCHI": {
    "std30": 0.01296384693599068,
    "avgRet": -0.00132468807360345
  },
  "EEM": {
    "std30": 0.010917793503009511,
    "avgRet": 0.002059218166451137
  }
}