{
  "SPY": {
    "std30": 0.005356581256413585,
    "avgRet": 0.0016141660184169147
  },
  "QQQ": {
    "std30": 0.006923390944088731,
    "avgRet": 0.0015690405885791035
  },
  "IWM": {
    "std30": 0.012362297515579991,
    "avgRet": 0.003793668462430038
  },
  "SOXX": {
    "std30": 0.014090367238563217,
    "avgRet": 0.0037312903092681974
  },
  "XLE": {
    "std30": 0.009484417128465795,
    "avgRet": 0.002153748965179813
  },
  "NVDA": {
    "std30": 0.017301828162839303,
    "avgRet": -0.0007300757715866993
  },
  "TSM": {
    "std30": 0.016778218455552104,
    "avgRet": 0.00365494136173665
  },
  "ASML.AS": {
    "std30": 0.02202070242360623,
    "avgRet": 0.009345579410493896
  },
  "LMT": {
    "std30": 0.00950510936814796,
    "avgRet": 0.0033203608136729403
  },
  "MCHI": {
    "std30": 0.01388146306339243,
    "avgRet": 0.003777108159144832
  },
  "EEM": {
    "std30": 0.007481399643584936,
    "avgRet": 0.002484176286808832
  }
}