{
  "SPY": {
    "std30": 0.00504160399108466,
    "avgRet": 0.000401431670925568
  },
  "QQQ": {
    "std30": 0.007807651715122021,
    "avgRet": -0.00010845284512529185
  },
  "IWM": {
    "std30": 0.008594850652709459,
    "avgRet": 0.0021450070493958164
  },
  "SOXX": {
    "std30": 0.019066119337988293,
    "avgRet": 0.003164183690553119
  },
  "XLE": {
    "std30": 0.014940208973143482,
    "avgRet": 0.00163336416844131
  },
  "NVDA": {
    "std30": 0.01731845108792406,
    "avgRet": 0.0015437505147142107
  },
  "TSM": {
    "std30": 0.02118294940906006,
    "avgRet": 0.005237452636455146
  },
  "ASML.AS": {
    "std30": 0.030033201683957084,
    "avgRet": 0.005777970976312975
  },
  "LMT": {
    "std30": 0.018643396093398903,
    "avgRet": 0.00907663279725061
  },
  "MCHI": {
    "std30": 0.012422430227107357,
    "avgRet": 0.001008790663254923
  },
  "EEM": {
    "std30": 0.00920582629035465,
    "avgRet": 0.0023415954129129115
  }
}