{
  "IWM": {
    "std30": 0.011037270658693225,
    "avgRet": 0.0019128631006905558
  },
  "XLE": {
    "std30": 0.010661153256518938,
    "avgRet": 0.002715746667508803
  },
  "TSM": {
    "std30": 0.019281210682355582,
    "avgRet": 0.0045751364372227455
  },
  "ASML.AS": {
    "std30": 0.021935978057533,
    "avgRet": 0.008617726219585954
  },
  "LMT": {
    "std30": 0.008063089577917446,
    "avgRet": 0.0036594953398765935
  },
  "MCHI": {
    "std30": 0.012500037802713904,
    "avgRet": 0.00254206452817587
  },
  "EEM": {
    "std30": 0.006864309802445796,
    "avgRet": 0.0017347815328339106
  }
}