{
  "SPY": {
    "std30": 0.008155636898948,
    "avgRet": 4.2226539433244816e-05
  },
  "QQQ": {
    "std30": 0.011788905711107198,
    "avgRet": -4.439065062710535e-05
  },
  "IWM": {
    "std30": 0.0134164296399633,
    "avgRet": 0.00031763148902373933
  },
  "SOXX": {
    "std30": 0.022435075401986002,
    "avgRet": 0.0011776549413669243
  },
  "XLE": {
    "std30": 0.09408301918869252,
    "avgRet": -0.015851721133951426
  },
  "NVDA": {
    "std30": 0.025958014138910957,
    "avgRet": -0.0011477815091545068
  },
  "TSM": {
    "std30": 0.016503887806242238,
    "avgRet": 0.00022730582968417907
  },
  "ASML.AS": {
    "std30": 0.022757894704013445,
    "avgRet": 0.0024513418132353216
  },
  "LMT": {
    "std30": 0.013825491851329785,
    "avgRet": -0.0018892995488968202
  },
  "MCHI": {
    "std30": 0.009468049830472577,
    "avgRet": -0.0017490378189888032
  },
  "EEM": {
    "std30": 0.007808479469906805,
    "avgRet": -0.0005697309963952423
  }
}