{
  "SPY": {
    "std30": 0.007623191220796834,
    "avgRet": 0.00010992148577345536
  },
  "QQQ": {
    "std30": 0.010358672449182954,
    "avgRet": -0.000606015468497953
  },
  "IWM": {
    "std30": 0.012318095955683096,
    "avgRet": 0.0018877789167322083
  },
  "SOXX": {
    "std30": 0.02304520782664648,
    "avgRet": 0.005786997346532108
  },
  "XLE": {
    "std30": 0.015859623908430712,
    "avgRet": 0.0066777192225414336
  },
  "NVDA": {
    "std30": 0.023119836401559162,
    "avgRet": 0.0007920831888422588
  },
  "TSM": {
    "std30": 0.024326486766169875,
    "avgRet": 0.007034294997695153
  },
  "ASML.AS": {
    "std30": 0.031059013115333534,
    "avgRet": 0.010121029635097917
  },
  "LMT": {
    "std30": 0.02232190309496409,
    "avgRet": 0.010026685159896864
  },
  "MCHI": {
    "std30": 0.014902225291343616,
    "avgRet": 0.0002956167018905232
  },
  "EEM": {
    "std30": 0.011586695957466513,
    "avgRet": 0.003721991735480896
  }
}