{
  "SPY": {
    "std30": 0.00555350625231553,
    "avgRet": 0.0016008990672414637
  },
  "QQQ": {
    "std30": 0.007159514943789967,
    "avgRet": 0.0015914470230088751
  },
  "IWM": {
    "std30": 0.011707325442510666,
    "avgRet": 0.0031133712119968135
  },
  "SOXX": {
    "std30": 0.013233484851583294,
    "avgRet": 0.002409714671979483
  },
  "XLE": {
    "std30": 0.009254701774553288,
    "avgRet": 0.0014060521370276675
  },
  "NVDA": {
    "std30": 0.015369837436845347,
    "avgRet": -0.0008140690231824996
  },
  "TSM": {
    "std30": 0.01944582077953274,
    "avgRet": 0.003293521468763494
  },
  "ASML.AS": {
    "std30": 0.018928317519013974,
    "avgRet": 0.007194269811797206
  },
  "LMT": {
    "std30": 0.010082381026202554,
    "avgRet": 0.0038125592876914844
  },
  "MCHI": {
    "std30": 0.013335695519896065,
    "avgRet": 0.004121367585196567
  },
  "EEM": {
    "std30": 0.007450297787324008,
    "avgRet": 0.002716243807120479
  }
}