{
  "SPY": {
    "std30": 0.007563529640075127,
    "avgRet": 0.0012516382778531786
  },
  "QQQ": {
    "std30": 0.010232947637932375,
    "avgRet": 0.0020913316264197807
  },
  "IWM": {
    "std30": 0.012906458079092891,
    "avgRet": 0.001719517580328182
  },
  "SOXX": {
    "std30": 0.022359900921433553,
    "avgRet": 0.005775677198008346
  },
  "XLE": {
    "std30": 0.011222676970589466,
    "avgRet": -0.0006272914004195396
  },
  "NVDA": {
    "std30": 0.021478267689641107,
    "avgRet": 0.0032945079943754348
  },
  "TSM": {
    "std30": 0.027481672907731194,
    "avgRet": 0.004836323261989791
  },
  "ASML.AS": {
    "std30": 0.02343328142130944,
    "avgRet": 0.006565290285378226
  },
  "LMT": {
    "std30": 0.010992050688314773,
    "avgRet": 0.0008962930141791235
  },
  "MCHI": {
    "std30": 0.016150247685268838,
    "avgRet": 0.0005032426937789208
  },
  "EEM": {
    "std30": 0.011323190451361983,
    "avgRet": 0.001729629075547879
  }
}