{
  "SPY": {
    "std30": 0.005150633084733739,
    "avgRet": 0.0012188411285793035
  },
  "QQQ": {
    "std30": 0.006164564701683087,
    "avgRet": 0.0016655057339786843
  },
  "IWM": {
    "std30": 0.011082743940271795,
    "avgRet": 0.002091042577528193
  },
  "SOXX": {
    "std30": 0.011728064486360204,
    "avgRet": 0.0032120966048230725
  },
  "XLE": {
    "std30": 0.011652409864830363,
    "avgRet": 0.0015385613464408412
  },
  "NVDA": {
    "std30": 0.018887498365562274,
    "avgRet": 0.002118297088468982
  },
  "TSM": {
    "std30": 0.017373583679247448,
    "avgRet": 0.0061682855973519525
  },
  "ASML.AS": {
    "std30": 0.021714924734538506,
    "avgRet": 0.009228944317006703
  },
  "LMT": {
    "std30": 0.008140200600393405,
    "avgRet": 0.004079408115152716
  },
  "MCHI": {
    "std30": 0.012574824115006565,
    "avgRet": 0.003495162043670462
  },
  "EEM": {
    "std30": 0.006541040207703582,
    "avgRet": 0.002338547012171315
  }
}