{
  "SPY": {
    "std30": 0.006591807106265251,
    "avgRet": 0.001293117504588657
  },
  "QQQ": {
    "std30": 0.009951962155591755,
    "avgRet": 0.0012426485880123815
  },
  "IWM": {
    "std30": 0.011552050538233483,
    "avgRet": 0.0020148894482864585
  },
  "SOXX": {
    "std30": 0.020706292001672653,
    "avgRet": 0.00338400416623997
  },
  "XLE": {
    "std30": 0.011474055584995289,
    "avgRet": -0.0002971653079579653
  },
  "NVDA": {
    "std30": 0.01975831752170839,
    "avgRet": 0.0015797898049538719
  },
  "TSM": {
    "std30": 0.018140231895111974,
    "avgRet": 0.003477430612699458
  },
  "ASML.AS": {
    "std30": 0.02369971841689995,
    "avgRet": 0.0025855818741111376
  },
  "LMT": {
    "std30": 0.013572190968670204,
    "avgRet": 0.0008612731247990462
  },
  "MCHI": {
    "std30": 0.009160653578960799,
    "avgRet": -0.0012789587837368883
  },
  "EEM": {
    "std30": 0.007485268886424016,
    "avgRet": 0.0004458195527911008
  }
}