{
  "SPY": {
    "std30": 0.008216849724223665,
    "avgRet": 1.829699967269139e-06
  },
  "QQQ": {
    "std30": 0.011151449133302144,
    "avgRet": -0.0004701315820897041
  },
  "IWM": {
    "std30": 0.012187843041112987,
    "avgRet": 0.000495056782251426
  },
  "SOXX": {
    "std30": 0.020936641234370442,
    "avgRet": 0.003632660010047844
  },
  "XLE": {
    "std30": 0.013247163203069786,
    "avgRet": 0.005437073773536343
  },
  "NVDA": {
    "std30": 0.023652433983433398,
    "avgRet": 0.0020318387672987135
  },
  "TSM": {
    "std30": 0.02331716207744156,
    "avgRet": 0.005708355267215233
  },
  "ASML.AS": {
    "std30": 0.022740193979158902,
    "avgRet": 0.00660807158717811
  },
  "LMT": {
    "std30": 0.01798496906687542,
    "avgRet": 0.005280294160329946
  },
  "MCHI": {
    "std30": 0.011024659719146367,
    "avgRet": -0.0015228352188724433
  },
  "EEM": {
    "std30": 0.011243663894073809,
    "avgRet": 0.003379618686917871
  }
}