{
  "SPY": {
    "std30": 0.006657418032831441,
    "avgRet": 0.0011651340017823086
  },
  "QQQ": {
    "std30": 0.00828934337267106,
    "avgRet": 0.0010636956943740493
  },
  "IWM": {
    "std30": 0.013729022721822439,
    "avgRet": 0.0018203711675311373
  },
  "SOXX": {
    "std30": 0.014186233953600254,
    "avgRet": 0.0010031508135284195
  },
  "XLE": {
    "std30": 0.009534142542416468,
    "avgRet": 2.235141314268573e-05
  },
  "NVDA": {
    "std30": 0.016794281516621927,
    "avgRet": 0.002981705190500645
  },
  "TSM": {
    "std30": 0.02017101951788506,
    "avgRet": 0.0009832942779994648
  },
  "ASML.AS": {
    "std30": 0.023704377889369493,
    "avgRet": -0.0020251003897871966
  },
  "LMT": {
    "std30": 0.022460432995047318,
    "avgRet": -0.0018377470395146125
  },
  "MCHI": {
    "std30": 0.011982045347375066,
    "avgRet": 0.0036540928954462665
  },
  "EEM": {
    "std30": 0.007473530355976439,
    "avgRet": 0.0016245094558698897
  }
}