{
  "SPY": {
    "std30": 0.008159523164596076,
    "avgRet": -0.00016963872644874093
  },
  "QQQ": {
    "std30": 0.011700968336345942,
    "avgRet": -0.000357429130050638
  },
  "IWM": {
    "std30": 0.013350471435741008,
    "avgRet": 0.00042382866787240263
  },
  "SOXX": {
    "std30": 0.02245356463491132,
    "avgRet": 0.0011526418888777666
  },
  "XLE": {
    "std30": 0.09414052096219641,
    "avgRet": -0.015561428144108417
  },
  "NVDA": {
    "std30": 0.024275856539971077,
    "avgRet": -0.0025803395781596526
  },
  "TSM": {
    "std30": 0.0168226369788645,
    "avgRet": 0.0004241107321831001
  },
  "ASML.AS": {
    "std30": 0.022436349507895737,
    "avgRet": 0.0021973565496995625
  },
  "LMT": {
    "std30": 0.014624814130460195,
    "avgRet": -0.001267951449964534
  },
  "MCHI": {
    "std30": 0.009687720185720264,
    "avgRet": -0.001997783929666047
  },
  "EEM": {
    "std30": 0.007813402987495789,
    "avgRet": -0.0006834359223372204
  }
}