{
  "SPY": {
    "std30": 0.008770720751421436,
    "avgRet": 0.000736642850731158
  },
  "QQQ": {
    "std30": 0.012612651492614169,
    "avgRet": 0.0010654707277601447
  },
  "IWM": {
    "std30": 0.01327363765569597,
    "avgRet": 0.0003543893506560492
  },
  "SOXX": {
    "std30": 0.025145033570364045,
    "avgRet": 0.0027728422796819245
  },
  "XLE": {
    "std30": 0.010743329390327966,
    "avgRet": 0.0010625185870504245
  },
  "NVDA": {
    "std30": 0.02635952206227101,
    "avgRet": 0.0014413287303511918
  },
  "TSM": {
    "std30": 0.02682870816621433,
    "avgRet": 0.0007449182103339098
  },
  "ASML.AS": {
    "std30": 0.021591991854958876,
    "avgRet": 0.0010763097427335963
  },
  "LMT": {
    "std30": 0.012316604924026121,
    "avgRet": -0.0027683329506051823
  },
  "MCHI": {
    "std30": 0.016050539974378105,
    "avgRet": -0.000713840727472343
  },
  "EEM": {
    "std30": 0.012494872841164923,
    "avgRet": 0.001207658880847759
  }
}