{
  "SPY": {
    "std30": 0.005910231768625779,
    "avgRet": 0.0012614766465195782
  },
  "QQQ": {
    "std30": 0.007121453120887509,
    "avgRet": 0.0015051228974163103
  },
  "IWM": {
    "std30": 0.012186545305640633,
    "avgRet": 0.0010901070897912962
  },
  "SOXX": {
    "std30": 0.012612916345447037,
    "avgRet": 0.0008728390526647564
  },
  "XLE": {
    "std30": 0.008857723176455001,
    "avgRet": -0.001291662532184735
  },
  "NVDA": {
    "std30": 0.015120808905015092,
    "avgRet": 0.004434846908430373
  },
  "TSM": {
    "std30": 0.0181179447577706,
    "avgRet": 0.002013125028802327
  },
  "ASML.AS": {
    "std30": 0.022884763488307102,
    "avgRet": -0.0019876749331003618
  },
  "LMT": {
    "std30": 0.022611147901883347,
    "avgRet": -0.0013202369593931181
  },
  "MCHI": {
    "std30": 0.011334892416665339,
    "avgRet": 0.002953304012304452
  },
  "EEM": {
    "std30": 0.006374171083492562,
    "avgRet": 0.0012665338841981579
  }
}