{
  "SPY": {
    "std30": 0.00810235702155447,
    "avgRet": -0.00013713478883655973
  },
  "QQQ": {
    "std30": 0.01098809371843163,
    "avgRet": -0.0006034404849120446
  },
  "IWM": {
    "std30": 0.01217961681405485,
    "avgRet": 0.0002161357483317495
  },
  "SOXX": {
    "std30": 0.020890996960363183,
    "avgRet": 0.003554082295259231
  },
  "XLE": {
    "std30": 0.0136028483873912,
    "avgRet": 0.005111646650437277
  },
  "NVDA": {
    "std30": 0.023670003643098927,
    "avgRet": 0.0020640238673854364
  },
  "TSM": {
    "std30": 0.023337670085814673,
    "avgRet": 0.005546109753549511
  },
  "ASML.AS": {
    "std30": 0.022737834210668623,
    "avgRet": 0.006603927578263883
  },
  "LMT": {
    "std30": 0.018515081240425682,
    "avgRet": 0.005009904243538418
  },
  "MCHI": {
    "std30": 0.010977873452191384,
    "avgRet": -0.0017739094170042288
  },
  "EEM": {
    "std30": 0.011171971208648206,
    "avgRet": 0.0032447053068145634
  }
}