{
  "SPY": {
    "std30": 0.008804715633210098,
    "avgRet": 0.0010177157142945386
  },
  "QQQ": {
    "std30": 0.01268095719592266,
    "avgRet": 0.0008891717189417614
  },
  "IWM": {
    "std30": 0.013860901246061081,
    "avgRet": 0.00040657391950437886
  },
  "SOXX": {
    "std30": 0.023294929864764554,
    "avgRet": 0.0005494110068969061
  },
  "XLE": {
    "std30": 0.010028636984359131,
    "avgRet": 0.0016304487095798765
  },
  "NVDA": {
    "std30": 0.026173550514771077,
    "avgRet": 3.394647539482813e-05
  },
  "TSM": {
    "std30": 0.016785162625842984,
    "avgRet": -0.001018743146856372
  },
  "ASML.AS": {
    "std30": 0.02139247330717368,
    "avgRet": 0.0009380385805827076
  },
  "LMT": {
    "std30": 0.01279688124001271,
    "avgRet": -0.0027636031798848
  },
  "MCHI": {
    "std30": 0.0106851031065502,
    "avgRet": -0.0007646925238971687
  },
  "EEM": {
    "std30": 0.008886082442959763,
    "avgRet": 6.995061786778055e-05
  }
}