{
  "SPY": {
    "std30": 0.006526284940922309,
    "avgRet": 0.0012305344233785197
  },
  "QQQ": {
    "std30": 0.008158690986566682,
    "avgRet": 0.0009843270489055284
  },
  "IWM": {
    "std30": 0.013280533377112765,
    "avgRet": 0.0022932463055419707
  },
  "SOXX": {
    "std30": 0.013693847939103821,
    "avgRet": 0.00047895635428991896
  },
  "XLE": {
    "std30": 0.009166645284043894,
    "avgRet": 0.000615362847265381
  },
  "NVDA": {
    "std30": 0.015436664566753485,
    "avgRet": 0.0021727655725435756
  },
  "TSM": {
    "std30": 0.018954016217431566,
    "avgRet": 5.008109476571319e-05
  },
  "ASML.AS": {
    "std30": 0.02334720964058534,
    "avgRet": -0.002668467394795009
  },
  "LMT": {
    "std30": 0.02244971500405248,
    "avgRet": -0.001436713965540823
  },
  "MCHI": {
    "std30": 0.01147778593796851,
    "avgRet": 0.003002242625458497
  },
  "EEM": {
    "std30": 0.00744645449712323,
    "avgRet": 0.0013000072286318257
  }
}