{
  "SPY": {
    "std30": 0.00811301178057604,
    "avgRet": 0.0005228203966102393
  },
  "QQQ": {
    "std30": 0.011747238714033527,
    "avgRet": 0.0004777181185113985
  },
  "IWM": {
    "std30": 0.013109316611658988,
    "avgRet": 0.0013697221334186941
  },
  "SOXX": {
    "std30": 0.023543740930870367,
    "avgRet": 0.0009001524525535816
  },
  "XLE": {
    "std30": 0.09402566294976383,
    "avgRet": -0.017589577346315086
  },
  "NVDA": {
    "std30": 0.024278982711529982,
    "avgRet": -0.0010533401712801876
  },
  "TSM": {
    "std30": 0.01965189483159497,
    "avgRet": 0.00048055272089652447
  },
  "ASML.AS": {
    "std30": 0.024976948447319534,
    "avgRet": 0.0016051371315581376
  },
  "LMT": {
    "std30": 0.01395561250943477,
    "avgRet": 0.0012625297683496145
  },
  "MCHI": {
    "std30": 0.009564686882107376,
    "avgRet": -0.001608957755304632
  },
  "EEM": {
    "std30": 0.008522547618313113,
    "avgRet": -0.0004934512572459996
  }
}