{
  "SPY": {
    "std30": 0.006720928351268636,
    "avgRet": 0.0010356034627724007
  },
  "QQQ": {
    "std30": 0.01004886101476247,
    "avgRet": 0.0007833398128167944
  },
  "IWM": {
    "std30": 0.011711314470137159,
    "avgRet": 0.0022213498571989447
  },
  "SOXX": {
    "std30": 0.021953516324984185,
    "avgRet": 0.003971050812071129
  },
  "XLE": {
    "std30": 0.011730680256342458,
    "avgRet": 0.0008320792970194157
  },
  "NVDA": {
    "std30": 0.01917345163221358,
    "avgRet": 0.0005567009250175644
  },
  "TSM": {
    "std30": 0.01994935656699543,
    "avgRet": 0.004466753483952883
  },
  "ASML.AS": {
    "std30": 0.028005082541125964,
    "avgRet": 0.004301935906201889
  },
  "LMT": {
    "std30": 0.014191783079939511,
    "avgRet": 0.0019432709363665004
  },
  "MCHI": {
    "std30": 0.011328699909634572,
    "avgRet": 0.00022551675133530464
  },
  "EEM": {
    "std30": 0.008871953007660421,
    "avgRet": 0.0014904023913290035
  }
}