{
  "SPY": {
    "std30": 0.005832296800274796,
    "avgRet": 0.0016344754623403319
  },
  "QQQ": {
    "std30": 0.008924486989993671,
    "avgRet": 0.001853373838600778
  },
  "IWM": {
    "std30": 0.010236365766107326,
    "avgRet": 0.002610081983171046
  },
  "SOXX": {
    "std30": 0.019972470515194234,
    "avgRet": 0.006689118675591479
  },
  "XLE": {
    "std30": 0.013370215589776668,
    "avgRet": 0.0012215731380627267
  },
  "NVDA": {
    "std30": 0.018082436389945833,
    "avgRet": 0.0019440188895929772
  },
  "TSM": {
    "std30": 0.019403140637673018,
    "avgRet": 0.006147437502989122
  },
  "ASML.AS": {
    "std30": 0.026645516569252355,
    "avgRet": 0.008777598862637247
  },
  "LMT": {
    "std30": 0.01561187496768144,
    "avgRet": 0.004817719540917127
  },
  "MCHI": {
    "std30": 0.010991636444131519,
    "avgRet": 0.0011696817174785545
  },
  "EEM": {
    "std30": 0.008726916047144394,
    "avgRet": 0.0026741031196165777
  }
}