{
  "SPY": {
    "std30": 0.005048050823131833,
    "avgRet": 0.00041966303846794646
  },
  "QQQ": {
    "std30": 0.007824697677923402,
    "avgRet": -6.670953309960282e-05
  },
  "IWM": {
    "std30": 0.008613105035727976,
    "avgRet": 0.0021685903791261434
  },
  "SOXX": {
    "std30": 0.01905876935108506,
    "avgRet": 0.0031537941881063895
  },
  "XLE": {
    "std30": 0.014934529434806313,
    "avgRet": 0.001640539107813071
  },
  "NVDA": {
    "std30": 0.01731184122316402,
    "avgRet": 0.0015381019247905398
  },
  "TSM": {
    "std30": 0.02118294940906006,
    "avgRet": 0.005237452636455146
  },
  "ASML.AS": {
    "std30": 0.030019631496580674,
    "avgRet": 0.005769784963916071
  },
  "LMT": {
    "std30": 0.01864339193983413,
    "avgRet": 0.0090784391230034
  },
  "MCHI": {
    "std30": 0.012422221780544864,
    "avgRet": 0.001014216746436781
  },
  "EEM": {
    "std30": 0.009208206009329624,
    "avgRet": 0.0023475664533667063
  }
}