{
  "SPY": {
    "std30": 0.008783980081087215,
    "avgRet": -0.002364812844694758
  },
  "QQQ": {
    "std30": 0.011141334227492267,
    "avgRet": -0.0021936812360701646
  },
  "IWM": {
    "std30": 0.012819010509968861,
    "avgRet": -0.0025821251334417696
  },
  "SOXX": {
    "std30": 0.021833686535446418,
    "avgRet": -0.0029585801496856794
  },
  "XLE": {
    "std30": 0.010354042961398236,
    "avgRet": 0.0049309197662987456
  },
  "NVDA": {
    "std30": 0.02190686720976809,
    "avgRet": -0.0026752829710720745
  },
  "TSM": {
    "std30": 0.025109540499137824,
    "avgRet": -0.003645295416351559
  },
  "ASML.AS": {
    "std30": 0.027259575914616828,
    "avgRet": -0.0022081560661931596
  },
  "LMT": {
    "std30": 0.015236857870392024,
    "avgRet": -0.001814877517271871
  },
  "MCHI": {
    "std30": 0.013613970830693944,
    "avgRet": -0.0031965249834822913
  },
  "EEM": {
    "std30": 0.01952387362698795,
    "avgRet": -0.003377178813865919
  }
}