{
  "SPY": {
    "std30": 0.005127398432373217,
    "avgRet": 0.0007453544951836439
  },
  "QQQ": {
    "std30": 0.007778645103829663,
    "avgRet": 0.0006791551759292446
  },
  "IWM": {
    "std30": 0.009466382454543945,
    "avgRet": 0.0018453936850039115
  },
  "SOXX": {
    "std30": 0.0195214636973568,
    "avgRet": 0.0043142667498129415
  },
  "XLE": {
    "std30": 0.014847749349730587,
    "avgRet": 0.002105523921706246
  },
  "NVDA": {
    "std30": 0.01761513395720536,
    "avgRet": 0.0015233125760477256
  },
  "TSM": {
    "std30": 0.019577334279542214,
    "avgRet": 0.004010209093899153
  },
  "ASML.AS": {
    "std30": 0.027522781582052184,
    "avgRet": 0.006391226786248448
  },
  "LMT": {
    "std30": 0.01886256661604565,
    "avgRet": 0.004881637403586078
  },
  "MCHI": {
    "std30": 0.01088556704946628,
    "avgRet": 0.00010114574722043283
  },
  "EEM": {
    "std30": 0.008775221696900504,
    "avgRet": 0.0019203900475362027
  }
}