{
  "SPY": {
    "std30": 0.008643008903189428,
    "avgRet": -0.0012209962327414383
  },
  "QQQ": {
    "std30": 0.010932860558481129,
    "avgRet": -0.0005653138748058736
  },
  "IWM": {
    "std30": 0.013680493864187127,
    "avgRet": -0.001882487042373926
  },
  "SOXX": {
    "std30": 0.02260759814890241,
    "avgRet": 0.0010656333218551028
  },
  "XLE": {
    "std30": 0.011540984324929312,
    "avgRet": 0.0035441529694462356
  },
  "NVDA": {
    "std30": 0.024998004231523832,
    "avgRet": 0.0015003012061202672
  },
  "TSM": {
    "std30": 0.024969579973471177,
    "avgRet": 0.001736141959814955
  },
  "ASML.AS": {
    "std30": 0.025480361039078477,
    "avgRet": 0.0007251917999958
  },
  "LMT": {
    "std30": 0.015896798825139242,
    "avgRet": 0.002313640127462617
  },
  "MCHI": {
    "std30": 0.012767742430065942,
    "avgRet": -0.001727054669024112
  },
  "EEM": {
    "std30": 0.017361485203156585,
    "avgRet": -0.0005878006919599763
  }
}