{
  "SPY": {
    "std30": 0.0074343405346115445,
    "avgRet": -0.0006480835007687488
  },
  "QQQ": {
    "std30": 0.010652586560544476,
    "avgRet": -0.0009201048140371367
  },
  "IWM": {
    "std30": 0.012715297647786145,
    "avgRet": -0.0016168079206622837
  },
  "SOXX": {
    "std30": 0.023100019445344087,
    "avgRet": -0.0009080959974162813
  },
  "XLE": {
    "std30": 0.01287200059140908,
    "avgRet": 0.004991024106958435
  },
  "NVDA": {
    "std30": 0.025440911994767213,
    "avgRet": -0.000790646633212898
  },
  "TSM": {
    "std30": 0.023211124432175635,
    "avgRet": 0.0014045123036466993
  },
  "ASML.AS": {
    "std30": 0.02430046813343993,
    "avgRet": -0.0011609481930838007
  },
  "LMT": {
    "std30": 0.0191039019503314,
    "avgRet": 0.004444177433712756
  },
  "MCHI": {
    "std30": 0.01246555460995286,
    "avgRet": -0.00328800994510678
  },
  "EEM": {
    "std30": 0.015719874237689623,
    "avgRet": -0.0007181215030095006
  }
}