{
  "SPY": {
    "std30": 0.005140612209345413,
    "avgRet": 0.0014064055551413308
  },
  "QQQ": {
    "std30": 0.006109345082137985,
    "avgRet": 0.00185325946788787
  },
  "IWM": {
    "std30": 0.010945725456648878,
    "avgRet": 0.0023807536941576122
  },
  "SOXX": {
    "std30": 0.011726593891929761,
    "avgRet": 0.003544191740462782
  },
  "XLE": {
    "std30": 0.011362811281124012,
    "avgRet": 0.0017485892228680743
  },
  "NVDA": {
    "std30": 0.0190564314161879,
    "avgRet": 0.0022605135798933274
  },
  "TSM": {
    "std30": 0.017575218383572642,
    "avgRet": 0.006461079214451098
  },
  "ASML.AS": {
    "std30": 0.021680230823319404,
    "avgRet": 0.00936076982445431
  },
  "LMT": {
    "std30": 0.008347554904731712,
    "avgRet": 0.004310003415494333
  },
  "MCHI": {
    "std30": 0.01257720203049246,
    "avgRet": 0.0035267348426517037
  },
  "EEM": {
    "std30": 0.006546490384417275,
    "avgRet": 0.00241634229388748
  }
}