{
  "SPY": {
    "std30": 0.00665273159920058,
    "avgRet": 5.204172769853245e-05
  },
  "QQQ": {
    "std30": 0.00919615346584589,
    "avgRet": -0.0002464110877424704
  },
  "IWM": {
    "std30": 0.00995319207808076,
    "avgRet": 0.001406055273236443
  },
  "SOXX": {
    "std30": 0.02020627130041217,
    "avgRet": 0.0030126710586602214
  },
  "XLE": {
    "std30": 0.015211412067318438,
    "avgRet": 0.002675814232184697
  },
  "NVDA": {
    "std30": 0.019548594210411926,
    "avgRet": 0.000857251246851665
  },
  "TSM": {
    "std30": 0.02260360939250101,
    "avgRet": 0.002776303018698873
  },
  "ASML.AS": {
    "std30": 0.030259662391257575,
    "avgRet": 0.007679718506356021
  },
  "LMT": {
    "std30": 0.01899901006688202,
    "avgRet": 0.00802003789254483
  },
  "MCHI": {
    "std30": 0.012835804266652519,
    "avgRet": 0.0005058587428982858
  },
  "EEM": {
    "std30": 0.009704726637058573,
    "avgRet": 0.0022903030600681623
  }
}