{
  "SPY": {
    "std30": 0.009404220687183213,
    "avgRet": -0.00044504996297216375
  },
  "QQQ": {
    "std30": 0.013012418227216624,
    "avgRet": -0.0005493798104905666
  },
  "IWM": {
    "std30": 0.014351497819721582,
    "avgRet": -0.0016687414542291509
  },
  "SOXX": {
    "std30": 0.024628802962274012,
    "avgRet": -0.0010637771764609814
  },
  "XLE": {
    "std30": 0.011608984769734366,
    "avgRet": 0.0008397958911615463
  },
  "NVDA": {
    "std30": 0.027368434295362124,
    "avgRet": -0.0005798965397715907
  },
  "TSM": {
    "std30": 0.02512972829214452,
    "avgRet": -0.002687206604651091
  },
  "ASML.AS": {
    "std30": 0.020309773238701742,
    "avgRet": 0.0009423719346385498
  },
  "LMT": {
    "std30": 0.012236228833262848,
    "avgRet": -0.0027373450124699504
  },
  "MCHI": {
    "std30": 0.015992589685215747,
    "avgRet": -0.0017976775647125577
  },
  "EEM": {
    "std30": 0.01270842541706875,
    "avgRet": -0.0001375603787856084
  }
}