{
  "SPY": {
    "std30": 0.009487687542944732,
    "avgRet": -0.0001576250933583367
  },
  "QQQ": {
    "std30": 0.013184006070268229,
    "avgRet": 4.989550314651391e-06
  },
  "IWM": {
    "std30": 0.01445574117322306,
    "avgRet": -0.0015566142524924276
  },
  "SOXX": {
    "std30": 0.025414195574417663,
    "avgRet": 0.00047359844861938723
  },
  "XLE": {
    "std30": 0.011584287310055284,
    "avgRet": 0.00040443747855008156
  },
  "NVDA": {
    "std30": 0.027595561263343296,
    "avgRet": 0.000604577495419105
  },
  "TSM": {
    "std30": 0.02605147431474624,
    "avgRet": -0.0010570823876279436
  },
  "ASML.AS": {
    "std30": 0.020352773831860477,
    "avgRet": 0.0007126377832982123
  },
  "LMT": {
    "std30": 0.012249009814449294,
    "avgRet": -0.00273290155480935
  },
  "MCHI": {
    "std30": 0.016017979765807225,
    "avgRet": -0.0014710307368940262
  },
  "EEM": {
    "std30": 0.012780310769191163,
    "avgRet": 0.00024144481956231135
  }
}